gene_name	num_peaks_exo	total_coverage_exo	avg_peak_size_exo	min_distance_to_tss_exo	peaks_exo	cpg_coverage_percent_exo	num_peaks_endo	total_coverage_endo	avg_peak_size_endo	min_distance_to_tss_endo	peaks_endo	cpg_coverage_percent_endo	enrichment_ratio	log2_enrichment
Fam89b	1	449	449.0	53	chr19:5729481-5729930	24.244060475161987	1	39	39.0	2139	chr19:5731614-5731968	1.4584891548242334	11.512820512820513	3.5251694158788984
Tgfb2	1	1364	1364.0	81	chr1:186705225-186706589	73.6501079913607	1	342	342.0	417	chr1:186705400-186705742	12.789827973074047	3.9883040935672516	1.9957754141382746
Tmem55a	1	1304	1304.0	442	chr4:14863865-14865169	70.41036717062636	1	352	352.0	86	chr4:14863985-14864337	13.163799551234106	3.7045454545454546	1.8892965355937803
Nkain3	1	923	923.0	658	chr4:20777746-20778669	49.83801295896328	1	260	260.0	582	chr4:20778153-20778413	9.723261032161554	3.55	1.8278190246173196
Zfp354a	1	800	800.0	2	chr11:51058854-51059654	43.196544276457885	1	243	243.0	110	chr11:51059245-51059488	9.087509349289453	3.292181069958848	1.7190436861689438
Tmc8	1	241	241.0	2306	chr11:117779222-117780316	13.012958963282935	1	75	75.0	2288	chr11:117779424-117780150	2.804786836200449	3.2133333333333334	1.6840706457340808
Tfpt	1	615	615.0	194	chr7:3629427-3630042	33.207343412526996	1	193	193.0	136	chr7:3629696-3629889	7.217651458489155	3.1865284974093266	1.6719855629585219
Prpf31	1	615	615.0	250	chr7:3629427-3630042	33.207343412526996	1	193	193.0	192	chr7:3629696-3629889	7.217651458489155	3.1865284974093266	1.6719855629585219
Adgrl3	2	1304	652.0	443	chr5:81019447-81019942,chr5:81021290-81022099	70.41036717062636	1	416	416.0	612	chr5:81020541-81020957	15.557217651458489	3.1346153846153846	1.6482884360899854
Dnah9	2	837	418.5	28	chr11:66168439-66168717,chr11:66167700-66168259	45.19438444924406	1	307	307.0	34	chr11:66168431-66168738	11.480927449513837	2.726384364820847	1.4469889671801643
Parvb	1	1324	1324.0	239	chr15:84231141-84232465	71.49028077753779	1	488	488.0	118	chr15:84231680-84232168	18.24981301421092	2.7131147540983607	1.4399500692443314
Amph	1	854	854.0	206	chr13:18948129-18948983	46.11231101511879	1	337	337.0	34	chr13:18948148-18948485	12.602842183994017	2.5341246290801185	1.3414874784386317
Akr1b3	1	1011	1011.0	211	chr6:34316761-34317772	54.58963282937365	1	402	402.0	75	chr6:34317351-34317753	15.033657442034407	2.514925373134328	1.330515590724086
Sec61g	1	750	750.0	186	chr11:16507922-16508672	40.49676025917927	1	302	302.0	213	chr11:16508119-16508421	11.293941660433807	2.4834437086092715	1.3123420460581643
Rbl2	2	1007	503.5	3	chr8:91069828-91070279,chr8:91070421-91070977	54.37365010799135	1	406	406.0	641	chr8:91070494-91070900	15.18324607329843	2.480295566502463	1.3105120508216084
E130208F15Rik	1	1026	1026.0	354	chr7:30321580-30322606	55.399568034557234	1	414	414.0	662	chr7:30322194-30322608	15.482423335826478	2.4782608695652173	1.3093280581077287
Bhlhe41	2	953	476.5	1319	chr6:145863815-145864348,chr6:145866666-145867086	51.457883369330446	1	385	385.0	27	chr6:145865338-145865723	14.397905759162304	2.4753246753246754	1.3076177683276782
Kcna2	1	1203	1203.0	1312	chr3:107101856-107103059	64.95680345572354	1	494	494.0	1230	chr3:107102128-107102622	18.474195961106957	2.435222672064777	1.2840536955913988
Rras2	1	1045	1045.0	245	chr7:114117013-114118058	56.425485961123115	1	432	432.0	8	chr7:114117556-114117988	16.155572176514585	2.4189814814814814	1.2743997248047765
Rapgef2	2	956	478.0	246	chr3:79286020-79286520,chr3:79287248-79287704	51.61987041036718	1	408	408.0	887	chr3:79287199-79287607	15.258040388930441	2.343137254901961	1.228441466009253
Mia	1	28	28.0	2136	chr7:27178857-27179184	1.511879049676026	1	12	12.0	2344	chr7:27178457-27179168	0.44876589379207177	2.3333333333333335	1.222392421336448
Abtb2	1	967	967.0	45	chr2:103565781-103566748	52.21382289416847	1	419	419.0	28	chr2:103566128-103566547	15.669409124906508	2.307875894988067	1.2065656457774896
Wdr25	1	536	536.0	67	chr12:108893936-108894472	28.94168466522678	1	235	235.0	65	chr12:108894089-108894324	8.788332086761406	2.2808510638297874	1.1895722438927727
Wars	1	536	536.0	31	chr12:108893936-108894472	28.94168466522678	1	235	235.0	33	chr12:108894089-108894324	8.788332086761406	2.2808510638297874	1.1895722438927727
Cyb5rl	1	1126	1126.0	63	chr4:107066487-107067613	60.79913606911447	1	497	497.0	96	chr4:107066643-107067140	18.586387434554975	2.265593561368209	1.1798890705179435
Mrpl37	1	1126	1126.0	183	chr4:107066487-107067613	60.79913606911447	1	497	497.0	24	chr4:107066643-107067140	18.586387434554975	2.265593561368209	1.1798890705179435
Dstyk	1	616	616.0	156	chr1:132417090-132417706	33.261339092872575	1	273	273.0	176	chr1:132417242-132417515	10.209424083769633	2.2564102564102564	1.1740293997750488
Gng12	1	674	674.0	59	chr6:66896000-66896674	36.39308855291576	1	299	299.0	18	chr6:66896229-66896528	11.18175018698579	2.254180602006689	1.1726031069837533
Exosc9	1	954	954.0	337	chr3:36551791-36552745	51.511879049676025	1	425	425.0	88	chr3:36552305-36552730	15.893792071802542	2.244705882352941	1.1665264249804475
Lactb	1	716	716.0	216	chr9:66974909-66975625	38.66090712742981	1	320	320.0	27	chr9:66975296-66975616	11.967090501121914	2.2375	1.161887682376894
Trappc12	2	776	388.0	45	chr12:28750289-28750705,chr12:28751528-28751888	41.90064794816415	1	347	347.0	18	chr12:28750261-28750608	12.976813762154077	2.2363112391930837	1.1611209896088668
Tssc1	2	776	388.0	119	chr12:28750289-28750705,chr12:28751528-28751888	41.90064794816415	1	347	347.0	1393	chr12:28750261-28750608	12.976813762154077	2.2363112391930837	1.1611209896088668
Bmpr1b	1	664	664.0	177	chr3:142168915-142169579	35.85313174946004	1	301	301.0	22	chr3:142169296-142169597	11.2565445026178	2.2059800664451825	1.1414197545872227
Ddx56	1	730	730.0	104	chr11:6267302-6268032	39.416846652267814	1	331	331.0	49	chr11:6267655-6267986	12.37845923709798	2.205438066465257	1.1410652469601619
Fip1l1	1	988	988.0	195	chr5:74535149-74536137	53.34773218142549	1	450	450.0	22	chr5:74535245-74535695	16.828721017202692	2.1955555555555555	1.1345860403676404
Cnksr3	1	882	882.0	167	chr10:7211962-7212844	47.62419006479482	1	402	402.0	64	chr10:7212099-7212501	15.033657442034407	2.1940298507462686	1.133583154378592
Tmem254b	1	687	687.0	246	chr14:26206451-26207138	37.095032397408204	1	314	314.0	45	chr14:26206838-26207152	11.742707554225879	2.1878980891719744	1.129545539926473
Tmem254a	1	687	687.0	246	chr14:25927082-25927769	37.095032397408204	1	314	314.0	45	chr14:25927469-25927783	11.742707554225879	2.1878980891719744	1.129545539926473
Tmem254c	1	687	687.0	176	chr14:26066835-26067522	37.095032397408204	1	314	314.0	25	chr14:26067222-26067536	11.742707554225879	2.1878980891719744	1.129545539926473
Zfp369	1	1039	1039.0	36	chr13:65278258-65279297	56.10151187904968	1	476	476.0	125	chr13:65278450-65278926	17.801047120418847	2.1827731092436973	1.126162175596268
Ostf1	1	840	840.0	128	chr19:18631496-18632336	45.35637149028078	1	385	385.0	102	chr19:18631698-18632083	14.397905759162304	2.1818181818181817	1.1255308820838588
Nmrk1	1	840	840.0	33	chr19:18631496-18632336	45.35637149028078	1	385	385.0	59	chr19:18631698-18632083	14.397905759162304	2.1818181818181817	1.1255308820838588
Cbr3	1	647	647.0	290	chr16:93682601-93683248	34.93520518358531	1	298	298.0	76	chr16:93682989-93683287	11.144353029169784	2.1711409395973154	1.118453381530346
Zscan25	1	431	431.0	99	chr5:145280383-145280814	23.272138228941685	1	199	199.0	65	chr5:145280335-145280534	7.442034405385191	2.1658291457286434	1.1149194385454495
Osbpl6	2	1269	634.5	205	chr2:76406952-76407403,chr2:76405893-76406711	68.52051835853132	1	586	586.0	96	chr2:76406310-76406896	21.914734480179508	2.1655290102389078	1.114719499418858
Acyp2	1	631	631.0	259	chr11:30649012-30649643	34.07127429805615	1	293	293.0	414	chr11:30649026-30649319	10.957367240089754	2.15358361774744	1.106739340560301
B3gnt2	1	1156	1156.0	1250	chr11:22859132-22860288	62.419006479481645	1	539	539.0	1087	chr11:22859604-22860143	20.157068062827225	2.144712430426716	1.1007842197481734
Gm12057	1	1156	1156.0	166	chr11:22859132-22860288	62.419006479481645	1	539	539.0	329	chr11:22859604-22860143	20.157068062827225	2.144712430426716	1.1007842197481734
Nr2c1	1	614	614.0	304	chr10:94148019-94148633	33.15334773218142	1	287	287.0	10	chr10:94147889-94148176	10.732984293193718	2.1393728222996518	1.0971879186944917
Prc1	1	959	959.0	287	chr7:80294257-80295216	51.78185745140389	1	449	449.0	47	chr7:80294178-80294627	16.791323859386686	2.1358574610244987	1.0948153702769838
Actn1	1	1330	1330.0	323	chr12:80259382-80260712	71.81425485961122	1	623	623.0	119	chr12:80260178-80260801	23.298429319371728	2.134831460674157	1.09412217736455
Gdpd1	1	537	537.0	331	chr11:87073462-87073999	28.995680345572357	1	258	258.0	69	chr11:87073863-87074121	9.648466716529544	2.0813953488372094	1.0575510225621585
Ptpn18	1	671	671.0	82	chr1:34459344-34460015	36.23110151187905	1	326	326.0	45	chr1:34459553-34459879	12.19147344801795	2.058282208588957	1.041440801969106
Acad8	1	865	865.0	168	chr9:26998965-26999830	46.70626349892009	1	421	421.0	14	chr9:26999369-26999790	15.744203440538518	2.0546318289786223	1.0388798994576909
Thyn1	1	865	865.0	279	chr9:26998965-26999830	46.70626349892009	1	421	421.0	97	chr9:26999369-26999790	15.744203440538518	2.0546318289786223	1.0388798994576909
Med30	1	623	623.0	77	chr15:52712056-52712679	33.639308855291574	1	304	304.0	53	chr15:52712239-52712543	11.36873597606582	2.049342105263158	1.0351608395804164
Pdk2	1	924	924.0	125	chr11:95041016-95041940	49.892008639308855	1	451	451.0	104	chr11:95041232-95041683	16.8661181750187	2.048780487804878	1.0347654181606767
Gli2	1	912	912.0	164	chr1:119052998-119053910	49.24406047516199	1	446	446.0	203	chr1:119053598-119054044	16.67913238593867	2.0448430493273544	1.031990114244437
Grasp	1	733	733.0	195	chr15:101224035-101224768	39.57883369330454	1	360	360.0	31	chr15:101223995-101224355	13.462976813762154	2.036111111111111	1.0258162918041371
Ccdc138	1	505	505.0	47	chr10:58497670-58498175	27.267818574514042	1	249	249.0	74	chr10:58497771-58498020	9.311892296185489	2.0281124497991967	1.020137645571076
Ctnnal1	1	756	756.0	514	chr4:56864295-56865051	40.8207343412527	1	374	374.0	479	chr4:56864521-56864895	13.986537023186237	2.021390374331551	1.015347964333436
Rmdn1	1	664	664.0	33	chr4:19574796-19575460	35.85313174946004	1	329	329.0	71	chr4:19574926-19575255	12.30366492146597	2.0182370820668694	1.0130956576116834
Epb41l2	1	767	767.0	69	chr10:25359345-25360112	41.414686825054	1	381	381.0	18	chr10:25359625-25360006	14.24831712789828	2.0131233595800526	1.0094355800096115
Atad3a	1	520	520.0	114	chr4:155760946-155761466	28.077753779697623	1	260	260.0	184	chr4:155761146-155761406	9.723261032161554	2.0	1.0
Negr1	2	808	404.0	97	chr3:156561725-156562055,chr3:156560753-156561231	43.628509719222464	1	404	404.0	878	chr3:156560713-156561117	15.108451757666415	2.0	1.0
Aak1	1	821	821.0	299	chr6:86848807-86849628	44.330453563714904	1	411	411.0	50	chr6:86849261-86849672	15.370231862378459	1.997566909975669	0.9982438280961218
Zfp712	1	506	506.0	104	chr13:67060812-67061318	27.32181425485961	1	254	254.0	8	chr13:67061050-67061304	9.498878085265519	1.9921259842519685	0.9943088879221443
Ets2	1	982	982.0	232	chr16:95701815-95702797	53.02375809935205	1	493	493.0	429	chr16:95702257-95702750	18.436798803290948	1.9918864097363083	0.9941353779367815
Cfap36	1	586	586.0	73	chr11:29247042-29247628	31.641468682505398	1	297	297.0	32	chr11:29247292-29247589	11.106955871353778	1.973063973063973	0.980437733621482
Fam84a	2	640	320.0	143	chr12:14149532-14150241,chr12:14151962-14152398	34.557235421166304	1	326	326.0	141	chr12:14152015-14152341	12.19147344801795	1.9631901840490797	0.9731999406562848
Pex5	1	654	654.0	105	chr6:124414844-124415498	35.313174946004324	1	334	334.0	138	chr6:124415037-124415371	12.490650710546	1.9580838323353293	0.9694425330240303
Dstn	1	778	778.0	221	chr2:143915151-143915929	42.00863930885529	1	400	400.0	69	chr2:143915188-143915588	14.958863126402393	1.945	0.9597701552114672
Prkce	1	450	450.0	1145	chr17:86166414-86166864	24.29805615550756	1	232	232.0	1075	chr17:86166593-86166825	8.676140613313388	1.9396551724137931	0.955800196089465
Nudt18	1	764	764.0	41	chr14:70577505-70578269	41.252699784017274	1	394	394.0	125	chr14:70577524-70577918	14.734480179506356	1.9390862944162437	0.9553770085793725
Trpc1	1	623	623.0	81	chr9:95749982-95750605	33.639308855291574	1	323	323.0	33	chr9:95750180-95750503	12.079281974569934	1.9287925696594428	0.9476979983300771
Gadd45a	2	1019	509.5	115	chr6:67036416-67036751,chr6:67037229-67037913	55.02159827213823	1	530	530.0	18	chr6:67037173-67037703	19.82049364248317	1.9226415094339622	0.9430897867152522
Psmd2	1	767	767.0	79	chr16:20651189-20651956	41.414686825054	1	401	401.0	115	chr16:20651336-20651737	14.9962602842184	1.912718204488778	0.9356243410480132
Zfp414	1	558	558.0	21	chr17:33628789-33629347	30.129589632829372	1	292	292.0	157	chr17:33629100-33629392	10.919970082273748	1.9109589041095891	0.9342967529491704
Nceh1	1	759	759.0	79	chr3:27182664-27183423	40.98272138228942	1	398	398.0	74	chr3:27182691-27183089	14.884068810770382	1.907035175879397	0.9313314548718176
Slc41a1	1	773	773.0	896	chr1:131828002-131828775	41.738660907127425	1	406	406.0	479	chr1:131827768-131828174	15.18324607329843	1.9039408866995073	0.9289886867396712
Etv1	1	721	721.0	568	chr12:38778451-38779172	38.93088552915766	1	381	381.0	630	chr12:38778559-38778940	14.24831712789828	1.8923884514435696	0.9202082617475005
Zfp830	1	596	596.0	205	chr11:82763841-82764437	32.18142548596112	1	316	316.0	143	chr11:82764043-82764359	11.81750186985789	1.8860759493670887	0.9153877722850587
Cct6b	1	596	596.0	181	chr11:82763841-82764437	32.18142548596112	1	316	316.0	119	chr11:82764043-82764359	11.81750186985789	1.8860759493670887	0.9153877722850587
Dgkh	1	842	842.0	3	chr14:78724664-78725506	45.46436285097192	1	447	447.0	33	chr14:78724898-78725345	16.716529543754675	1.883668903803132	0.9135454018830783
Jag1	2	1213	606.5	128	chr2:137116472-137117070,chr2:137114076-137115258	65.49676025917927	2	644	322.0	338	chr2:137114076-137114710,chr2:137116693-137117270	24.083769633507853	1.8835403726708075	0.9134469570058934
Rps13	1	847	847.0	247	chr7:116334018-116334865	45.734341252699785	1	452	452.0	51	chr7:116334019-116334471	16.903515332834704	1.8738938053097345	0.906039196917011
Ipo8	1	618	618.0	275	chr6:148831432-148832050	33.36933045356372	1	330	330.0	105	chr6:148831406-148831736	12.341062079281974	1.8727272727272728	0.9051408136585588
Adprm	1	591	591.0	151	chr11:67052147-67052738	31.911447084233263	1	316	316.0	10	chr11:67052445-67052761	11.81750186985789	1.870253164556962	0.9032335720004295
Sco1	1	591	591.0	227	chr11:67052147-67052738	31.911447084233263	1	316	316.0	66	chr11:67052445-67052761	11.81750186985789	1.870253164556962	0.9032335720004295
Lancl1	1	534	534.0	49	chr1:67038555-67039089	28.833693304535636	1	288	288.0	42	chr1:67038769-67039057	10.770381451009724	1.8541666666666667	0.8907709302452417
Alg6	1	705	705.0	126	chr4:99715185-99715890	38.066954643628506	1	381	381.0	79	chr4:99715394-99715775	14.24831712789828	1.8503937007874016	0.8878322597928339
Zfp346	1	674	674.0	256	chr13:55105229-55105903	36.39308855291576	1	366	366.0	45	chr13:55105082-55105448	13.687359760658191	1.8415300546448088	0.8809049428978161
Ssr3	1	905	905.0	140	chr3:65392030-65392935	48.86609071274298	1	492	492.0	33	chr3:65392409-65392901	18.399401645474946	1.839430894308943	0.8792594766313278
Hist1h2bq	1	1335	1335.0	71	chr13:21809602-21810937	72.0842332613391	1	731	731.0	87	chr13:21809746-21810477	27.33732236350037	1.826265389876881	0.8688964306224789
Hist1h2ao	1	1335	1335.0	195	chr13:21809602-21810937	72.0842332613391	1	731	731.0	353	chr13:21809746-21810477	27.33732236350037	1.826265389876881	0.8688964306224789
Dlat	1	641	641.0	76	chr9:50659383-50660024	34.61123110151188	1	351	351.0	189	chr9:50659415-50659766	13.126402393418099	1.8262108262108263	0.8688533263141804
Top2a	1	633	633.0	125	chr11:99023997-99024630	34.1792656587473	1	348	348.0	204	chr11:99024218-99024566	13.014210919970083	1.8189655172413792	0.863118193579613
Pdcd2	1	757	757.0	146	chr17:15527068-15527825	40.87473002159827	1	417	417.0	36	chr17:15527128-15527545	15.594614809274496	1.815347721822542	0.8602459165410681
Tmem231	1	644	644.0	68	chr8:111933536-111934180	34.77321814254859	1	359	359.0	46	chr8:111933657-111934016	13.425579655946148	1.7938718662952646	0.8430768442915656
Wdr35	1	599	599.0	121	chr12:8973713-8974312	32.34341252699784	1	334	334.0	53	chr12:8973777-8974111	12.490650710546	1.7934131736526946	0.8427079003147334
Hn1	1	597	597.0	14	chr11:115514102-115514699	32.23542116630669	1	333	333.0	173	chr11:115514393-115514726	12.453253552729993	1.7927927927927927	0.8422087541935428
Mdp1	1	626	626.0	104	chr14:55660298-55660924	33.80129589632829	1	350	350.0	15	chr14:55660317-55660667	13.089005235602095	1.7885714285714285	0.8388077351002894
Ifnz	2	917	458.5	567	chr4:88779476-88780300,chr4:88782324-88783071	49.51403887688985	1	513	513.0	576	chr4:88782450-88782963	19.18474195961107	1.7875243664717348	0.8379629079880003
Pank3	1	789	789.0	116	chr11:35769205-35769994	42.60259179265658	1	443	443.0	28	chr11:35769234-35769677	16.56694091249065	1.7810383747178329	0.8327186014584401
Nxt1	1	552	552.0	46	chr2:148672278-148672830	29.805615550755938	1	311	311.0	111	chr2:148672334-148672645	11.630516080777861	1.77491961414791	0.8277536866475665
Fam188a	2	696	348.0	102	chr2:12418682-12419000,chr2:12419178-12419556	37.580993520518355	1	393	393.0	122	chr2:12419151-12419544	14.697083021690352	1.7709923664122138	0.8245579935901219
Arfgap3	1	755	755.0	41	chr15:83349828-83350583	40.76673866090712	1	429	429.0	53	chr15:83349979-83350408	16.043380703066568	1.75990675990676	0.8154989967128956
Fpgt	1	526	526.0	63	chr3:155093076-155093602	28.401727861771057	1	299	299.0	43	chr3:155093296-155093595	11.18175018698579	1.7591973244147157	0.8149173150941973
Lrriq3	1	526	526.0	94	chr3:155093076-155093602	28.401727861771057	1	299	299.0	12	chr3:155093296-155093595	11.18175018698579	1.7591973244147157	0.8149173150941973
Rhbdf1	1	561	561.0	930	chr11:32221089-32221650	30.29157667386609	1	319	319.0	27	chr11:32222167-32222486	11.929693343305908	1.7586206896551724	0.8144443468439234
Cpd	1	548	548.0	65	chr11:76846678-76847226	29.589632829373652	1	312	312.0	40	chr11:76846901-76847213	11.667913238593867	1.7564102564102564	0.8126298640982783
Galc	2	1224	612.0	19	chr12:98258588-98259054,chr12:98259060-98259818	66.09071274298056	1	697	697.0	174	chr12:98258936-98259633	26.065818997756168	1.7560975609756098	0.8123729968242287
Hjurp	1	957	957.0	206	chr1:88276948-88277905	51.673866090712735	1	545	545.0	71	chr1:88277289-88277834	20.38145100972326	1.7559633027522936	0.8122626948217369
Trpm8	1	957	957.0	234	chr1:88276948-88277905	51.673866090712735	1	545	545.0	99	chr1:88277289-88277834	20.38145100972326	1.7559633027522936	0.8122626948217369
Gpatch2l	1	618	618.0	23	chr12:86241603-86242221	33.36933045356372	1	352	352.0	64	chr12:86241649-86242001	13.163799551234106	1.7556818181818181	0.8120314092670773
Tmem167	1	776	776.0	452	chr13:90089186-90089962	41.90064794816415	1	442	442.0	547	chr13:90089448-90089890	16.529543754674645	1.755656108597285	0.8120102827956961
Xrcc4	1	776	776.0	33	chr13:90089186-90089962	41.90064794816415	1	442	442.0	62	chr13:90089448-90089890	16.529543754674645	1.755656108597285	0.8120102827956961
Cryz	1	795	795.0	377	chr3:154596690-154597485	42.926565874730024	1	453	453.0	83	chr3:154596401-154596854	16.94091249065071	1.7549668874172186	0.8114438101254826
Tyw3	1	795	795.0	16	chr3:154596690-154597485	42.926565874730024	1	453	453.0	476	chr3:154596401-154596854	16.94091249065071	1.7549668874172186	0.8114438101254826
Mtr	1	465	465.0	138	chr13:12258018-12258483	25.107991360691145	1	265	265.0	86	chr13:12258066-12258331	9.910246821241586	1.7547169811320755	0.8112383565448322
Aif1l	1	468	468.0	94	chr2:31949998-31950466	25.26997840172786	1	267	267.0	86	chr2:31950091-31950358	9.985041136873598	1.752808988764045	0.8096687878958506
Tubgcp3	1	539	539.0	117	chr8:12671861-12672400	29.1036717062635	1	309	309.0	29	chr8:12672122-12672431	11.555721765145849	1.744336569579288	0.802678434848131
Pus7l	1	755	755.0	84	chr15:94543253-94544008	40.76673866090712	1	433	433.0	0	chr15:94543330-94543763	16.19296933433059	1.74364896073903	0.8021096194857162
Irak4	1	755	755.0	12	chr15:94543253-94544008	40.76673866090712	1	433	433.0	96	chr15:94543330-94543763	16.19296933433059	1.74364896073903	0.8021096194857162
Lyrm7	1	636	636.0	203	chr11:54860394-54861030	34.34125269978402	1	365	365.0	176	chr11:54860557-54860922	13.649962602842184	1.7424657534246575	0.8011303015169757
Terf1	1	1062	1062.0	186	chr1:15805300-15806362	57.34341252699784	1	612	612.0	31	chr1:15805370-15805982	22.887060583395662	1.7352941176470589	0.7951802081115019
Ube2ql1	1	723	723.0	63	chr13:69739598-69740321	39.03887688984881	1	417	417.0	39	chr13:69739727-69740144	15.594614809274496	1.7338129496402879	0.7939482635064543
Fam234a	1	988	988.0	132	chr17:26243596-26244584	53.34773218142549	1	570	570.0	16	chr17:26243953-26244523	21.31637995512341	1.7333333333333334	0.7935491225325737
Camkk1	1	684	684.0	22	chr11:73018643-73019327	36.933045356371494	1	395	395.0	76	chr11:73018734-73019129	14.771877337322364	1.731645569620253	0.7921436718214325
Tpgs2	1	933	933.0	71	chr18:25168469-25169402	50.377969762419006	1	542	542.0	189	chr18:25168546-25169088	20.269259536275243	1.7214022140221403	0.7835842294978872
AW554918	1	933	933.0	63	chr18:25168469-25169402	50.377969762419006	1	542	542.0	181	chr18:25168546-25169088	20.269259536275243	1.7214022140221403	0.7835842294978872
Sdhaf1	1	712	712.0	1801	chr7:30321580-30322606	38.44492440604751	1	414	414.0	1493	chr7:30322194-30322608	15.482423335826478	1.7198067632850242	0.7822464734670727
Fbxo28	1	481	481.0	16	chr1:182341404-182341885	25.971922246220302	1	280	280.0	29	chr1:182341517-182341797	10.471204188481675	1.7178571428571427	0.7806100668250754
Sh3bgrl3	1	534	534.0	10	chr4:134128531-134129065	28.833693304535636	1	311	311.0	27	chr4:134128660-134128971	11.630516080777861	1.7170418006430868	0.7799251615569514
Neurl2	1	496	496.0	487	chr2:164832720-164833216	26.78185745140389	1	289	289.0	579	chr2:164832732-164833021	10.80777860882573	1.7162629757785468	0.7792706278861965
Ctsa	1	496	496.0	96	chr2:164832720-164833216	26.78185745140389	1	289	289.0	4	chr2:164832732-164833021	10.80777860882573	1.7162629757785468	0.7792706278861965
Mettl6	1	672	672.0	53	chr14:31494640-31495312	36.285097192224626	1	392	392.0	2	chr14:31494831-31495223	14.659685863874344	1.7142857142857142	0.777607578663552
Eaf1	1	672	672.0	102	chr14:31494640-31495312	36.285097192224626	1	392	392.0	51	chr14:31494831-31495223	14.659685863874344	1.7142857142857142	0.777607578663552
Asxl2	1	831	831.0	255	chr12:3426186-3427017	44.87041036717063	1	485	485.0	147	chr12:3426467-3426952	18.1376215407629	1.71340206185567	0.7768637296958544
Tube1	1	626	626.0	22	chr10:39133731-39134357	33.80129589632829	1	366	366.0	76	chr10:39133763-39134129	13.687359760658191	1.710382513661202	0.7743190086485758
Fam229b	1	626	626.0	131	chr10:39133731-39134357	33.80129589632829	1	366	366.0	33	chr10:39133763-39134129	13.687359760658191	1.710382513661202	0.7743190086485758
Ykt6	1	614	614.0	131	chr11:5955254-5955868	33.15334773218142	1	359	359.0	5	chr11:5955508-5955867	13.425579655946148	1.7103064066852367	0.7742548115471279
Fam98c	1	537	537.0	581	chr7:29155384-29155921	28.995680345572357	1	314	314.0	609	chr7:29155467-29155781	11.742707554225879	1.7101910828025477	0.7741575290937855
Tgfbi	1	393	393.0	144	chr13:56609550-56609943	21.220302375809936	1	230	230.0	55	chr13:56609432-56609662	8.601346297681376	1.708695652173913	0.7728954513142312
Tgs1	1	919	919.0	76	chr4:3574491-3575410	49.622030237580994	1	538	538.0	46	chr4:3574559-3575097	20.11967090501122	1.70817843866171	0.7724586887324103
Tmem68	1	919	919.0	98	chr4:3574491-3575410	49.622030237580994	1	538	538.0	24	chr4:3574559-3575097	20.11967090501122	1.70817843866171	0.7724586887324103
Pdp2	1	545	545.0	66	chr8:104591261-104591806	29.427645788336932	1	320	320.0	117	chr8:104591190-104591510	11.967090501121914	1.703125	0.7681843247769263
Fam173b	1	640	640.0	186	chr15:31601717-31602357	34.557235421166304	1	376	376.0	172	chr15:31601835-31602211	14.06133133881825	1.702127659574468	0.767339243209725
Cct5	1	640	640.0	191	chr15:31601717-31602357	34.557235421166304	1	376	376.0	177	chr15:31601835-31602211	14.06133133881825	1.702127659574468	0.767339243209725
Cep112	1	975	975.0	374	chr11:108424330-108425305	52.645788336933045	1	573	573.0	119	chr11:108424786-108425359	21.428571428571427	1.7015706806282722	0.7668670798800681
Fra10ac1	1	942	942.0	92	chr19:38223758-38224700	50.863930885529165	1	554	554.0	37	chr19:38223823-38224377	20.718025430067318	1.7003610108303249	0.7658410835635948
Lrpprc	1	950	950.0	117	chr17:84790196-84791146	51.295896328293736	1	560	560.0	15	chr17:84790523-84791083	20.94240837696335	1.6964285714285714	0.7625006862733437
Mtdh	1	1120	1120.0	193	chr15:34082326-34083446	60.475161987041034	1	663	663.0	1	chr15:34082363-34083026	24.79431563201197	1.689291101055807	0.7564179568323787
Zfp160	1	505	505.0	90	chr17:21008778-21009283	27.267818574514042	1	299	299.0	58	chr17:21008733-21009032	11.18175018698579	1.6889632107023411	0.756137903441052
Phf6	1	442	442.0	173	chrX:52911871-52912313	23.86609071274298	1	262	262.0	44	chrX:52912090-52912352	9.798055347793568	1.6870229007633588	0.7544795578539814
Itga4	1	786	786.0	239	chr2:79255271-79256057	42.44060475161987	1	466	466.0	61	chr2:79255253-79255719	17.427075542258788	1.6866952789699572	0.7541993576043263
Fam161a	1	575	575.0	901	chr11:23008144-23008719	31.047516198704106	1	341	341.0	954	chr11:23008314-23008655	12.75243081525804	1.686217008797654	0.7537902168075652
Slc39a14	1	714	714.0	88	chr14:70350979-70351693	38.55291576673866	1	424	424.0	35	chr14:70351177-70351601	15.856394913986538	1.6839622641509433	0.7518598094659005
Cyp2u1	1	541	541.0	19	chr3:131302975-131303516	29.211663066954646	1	322	322.0	1	chr3:131303066-131303388	12.041884816753926	1.6801242236024845	0.7485679057121983
Insr	1	739	739.0	144	chr8:3279103-3279842	39.902807775377966	1	440	440.0	26	chr8:3279370-3279810	16.454749439042633	1.6795454545454545	0.7480708406214913
Ttc39b	1	1034	1034.0	236	chr4:83323501-83324535	55.83153347732181	1	616	616.0	13	chr4:83323959-83324575	23.036649214659686	1.6785714285714286	0.7472339296200333
Endod1	1	706	706.0	290	chr9:14380598-14381304	38.120950323974085	1	421	421.0	146	chr9:14380885-14381306	15.744203440538518	1.676959619952494	0.7458479502047842
Plcl1	1	861	861.0	150	chr1:55405340-55406201	46.4902807775378	1	514	514.0	72	chr1:55405591-55406105	19.222139117427076	1.6750972762645915	0.7442448782029659
Dad1	1	646	646.0	56	chr14:54253724-54254370	34.88120950323974	1	386	386.0	79	chr14:54253831-54254217	14.43530291697831	1.6735751295336787	0.7429333174258445
Abhd4	1	646	646.0	140	chr14:54253724-54254370	34.88120950323974	1	386	386.0	163	chr14:54253831-54254217	14.43530291697831	1.6735751295336787	0.7429333174258445
Mtfmt	1	403	403.0	47	chr9:65435627-65436030	21.76025917926566	1	241	241.0	17	chr9:65435644-65435885	9.012715033657443	1.6721991701244814	0.7417466922980058
Frat2	1	916	916.0	1261	chr19:41846412-41847328	49.46004319654428	1	548	548.0	127	chr19:41847984-41848532	20.49364248317128	1.6715328467153285	0.7411717051364173
Pam	1	712	712.0	213	chr1:98095076-98095788	38.44492440604751	1	427	427.0	96	chr1:98095336-98095763	15.968586387434556	1.6674473067915692	0.7376411713459075
Thoc1	1	475	475.0	299	chr18:9957643-9958118	25.647948164146868	1	285	285.0	202	chr18:9957835-9958120	10.658189977561705	1.6666666666666667	0.7369655941662062
Atad1	1	952	952.0	104	chr19:32711925-32712877	51.40388768898488	1	575	575.0	218	chr19:32712228-32712803	21.50336574420344	1.6556521739130434	0.7273996174762059
Hist1h3f	2	806	403.0	233	chr13:23544565-23544829,chr13:23543133-23543675	43.52051835853132	1	488	488.0	36	chr13:23544256-23544744	18.24981301421092	1.651639344262295	0.7238986909650811
Hist1h2bh	2	806	403.0	48	chr13:23544565-23544829,chr13:23543133-23543675	43.52051835853132	1	488	488.0	1144	chr13:23544256-23544744	18.24981301421092	1.651639344262295	0.7238986909650811
Spr	1	599	599.0	147	chr6:85137319-85137918	32.34341252699784	1	363	363.0	29	chr6:85137555-85137918	13.575168287210172	1.6501377410468319	0.722586454793035
Fam178a	1	814	814.0	22	chr19:44930733-44931547	43.95248380129589	1	494	494.0	52	chr19:44930819-44931313	18.474195961106957	1.6477732793522266	0.7205177526815694
Ankrd44	1	534	534.0	29	chr1:54926090-54926624	28.833693304535636	1	325	325.0	21	chr1:54926245-54926570	12.154076290201944	1.643076923076923	0.7164000237717372
Prickle1	1	987	987.0	231	chr15:93595628-93596615	53.29373650107991	1	601	601.0	18	chr15:93595572-93596173	22.475691847419597	1.642262895174709	0.7156850937452124
Fut9	1	706	706.0	153	chr4:25799737-25800443	38.120950323974085	1	430	430.0	85	chr4:25799943-25800373	16.080777860882574	1.6418604651162791	0.7153315236817201
Pelp1	1	615	615.0	84	chr11:70409807-70410422	33.207343412526996	1	375	375.0	153	chr11:70409996-70410371	14.023934181002243	1.64	0.713695814843359
Fhit	1	667	667.0	4	chr14:11161697-11162364	36.01511879049676	1	408	408.0	29	chr14:11161859-11162267	15.258040388930441	1.6348039215686274	0.7091176092130893
Hist1h4m	1	1192	1192.0	1476	chr13:21809602-21810937	64.36285097192224	1	731	731.0	1634	chr13:21809746-21810477	27.33732236350037	1.6306429548563612	0.7054409245097243
Rtn4ip1	1	662	662.0	182	chr10:43901293-43901955	35.745140388768895	1	406	406.0	60	chr10:43901543-43901949	15.18324607329843	1.6305418719211822	0.7053514896220414
Qrsl1	1	662	662.0	120	chr10:43901293-43901955	35.745140388768895	1	406	406.0	2	chr10:43901543-43901949	15.18324607329843	1.6305418719211822	0.7053514896220414
Zfp157	1	394	394.0	63	chr5:138441207-138441601	21.27429805615551	1	242	242.0	95	chr5:138441251-138441493	9.050112191473449	1.628099173553719	0.7031885821817816
Nup88	1	1020	1020.0	428	chr11:70969890-70970910	55.0755939524838	1	627	627.0	237	chr11:70969896-70970523	23.44801795063575	1.6267942583732058	0.702031804056819
Rpain	1	1020	1020.0	188	chr11:70969890-70970910	55.0755939524838	1	627	627.0	3	chr11:70969896-70970523	23.44801795063575	1.6267942583732058	0.702031804056819
Dusp6	2	1530	765.0	174	chr10:99261466-99262184,chr10:99262650-99263462	82.6133909287257	1	942	942.0	263	chr10:99262496-99263438	35.228122662677634	1.624203821656051	0.699732687967231
Jam3	1	453	453.0	243	chr9:27154951-27155404	24.460043196544277	1	279	279.0	133	chr9:27155148-27155427	10.433807030665669	1.6236559139784945	0.6992459282170473
Enho	1	1132	1132.0	131	chr4:41639626-41640758	61.12311015118791	1	698	698.0	28	chr4:41639946-41640644	26.103216155572177	1.6217765042979944	0.6975750166222301
Phc3	2	879	439.5	10	chr3:30969156-30969653,chr3:30968534-30968916	47.4622030237581	1	542	542.0	102	chr3:30969041-30969583	20.269259536275243	1.621771217712177	0.6975703137895324
Rbm4b	1	990	990.0	398	chr19:4755649-4756639	53.45572354211663	1	611	611.0	204	chr19:4756033-4756644	22.849663425579656	1.6202945990180033	0.6962561451482425
Immt	1	475	475.0	437	chr6:71831530-71832005	25.647948164146868	1	294	294.0	472	chr6:71831655-71831949	10.99476439790576	1.6156462585034013	0.6921113583819457
Bin1	1	510	510.0	47	chr18:32376914-32377424	27.5377969762419	1	316	316.0	3	chr18:32377061-32377377	11.81750186985789	1.6139240506329113	0.6905726886817549
Gm684	1	844	844.0	191	chr9:51278322-51279166	45.57235421166307	1	523	523.0	5	chr9:51278287-51278810	19.55871353777113	1.6137667304015297	0.6904320524602439
Brix1	1	564	564.0	90	chr15:10485754-10486318	30.45356371490281	1	350	350.0	197	chr15:10485968-10486318	13.089005235602095	1.6114285714285714	0.6883402405664647
Rad1	1	564	564.0	19	chr15:10485754-10486318	30.45356371490281	1	350	350.0	126	chr15:10485968-10486318	13.089005235602095	1.6114285714285714	0.6883402405664647
Smurf1	1	608	608.0	747	chr5:144964795-144965403	32.82937365010799	1	378	378.0	621	chr5:144965036-144965414	14.136125654450263	1.6084656084656084	0.6856850892225128
Uggt1	1	769	769.0	551	chr1:36243784-36244553	41.522678185745136	1	479	479.0	506	chr1:36243974-36244453	17.913238593866865	1.605427974947808	0.6829579422256463
Ndufc1	1	558	558.0	127	chr3:51408581-51409139	30.129589632829372	1	349	349.0	13	chr3:51408800-51409149	13.051608077786089	1.5988538681948423	0.6770380856195353
Rbm27	1	764	764.0	229	chr18:42274741-42275505	41.252699784017274	1	478	478.0	101	chr18:42275012-42275490	17.87584143605086	1.598326359832636	0.6765620200550002
Yipf1	1	1240	1240.0	261	chr4:107313481-107314721	66.95464362850973	1	776	776.0	238	chr4:107313736-107314512	29.020194465220644	1.597938144329897	0.67621156308711
Tmem94	2	955	477.5	64	chr11:115765252-115765741,chr11:115765876-115766342	51.5658747300216	1	598	598.0	21	chr11:115765112-115765710	22.36350037397158	1.5969899665551839	0.675355248725006
Pak2	1	653	653.0	75	chr16:32078940-32079593	35.259179265658744	1	409	409.0	48	chr16:32079089-32079498	15.295437546746445	1.5965770171149145	0.6749821486046821
Elp6	1	975	975.0	19	chr9:110304704-110305679	52.645788336933045	1	611	611.0	54	chr9:110304921-110305532	22.849663425579656	1.5957446808510638	0.6742298388182435
Ndufab1	1	450	450.0	69	chr7:122101729-122102179	24.29805615550756	1	282	282.0	84	chr7:122101828-122102110	10.545998504113689	1.5957446808510638	0.6742298388182435
Mrps33	1	510	510.0	184	chr6:39810548-39811058	27.5377969762419	1	320	320.0	34	chr6:39810793-39811113	11.967090501121914	1.59375	0.6724253419714956
Slc35e4	2	919	459.5	753	chr11:3913672-3914149,chr11:3913219-3913661	49.622030237580994	1	577	577.0	795	chr11:3913580-3914157	21.57816005983545	1.5927209705372618	0.6714935426435521
Rpe	1	743	743.0	57	chr1:66700516-66701259	40.11879049676026	1	467	467.0	14	chr1:66700583-66701050	17.464472700074797	1.5910064239828694	0.6699396608289343
Zw10	1	687	687.0	139	chr9:49055376-49056063	37.095032397408204	1	432	432.0	16	chr9:49055380-49055812	16.155572176514585	1.5902777777777777	0.6692787866546315
Psma5	1	586	586.0	290	chr3:108256922-108257508	31.641468682505398	1	369	369.0	177	chr3:108256918-108257287	13.799551234106207	1.5880758807588076	0.6672798483618518
Parp16	1	1039	1039.0	786	chr9:65214956-65215995	56.10151187904968	1	655	655.0	499	chr9:65214861-65215516	24.495138369483918	1.5862595419847327	0.665628842479399
Gng10	1	446	446.0	14	chr4:59034878-59035324	24.08207343412527	1	282	282.0	72	chr4:59035018-59035300	10.545998504113689	1.5815602836879432	0.6613485475215111
Napb	1	547	547.0	5	chr2:148732188-148732735	29.535637149028076	1	346	346.0	42	chr2:148732251-148732597	12.939416604338069	1.5809248554913296	0.660768795155832
Frmd6	2	952	476.0	132	chr12:70825033-70825729,chr12:70825974-70826230	51.40388768898488	1	603	603.0	201	chr12:70825011-70825614	22.55048616305161	1.5787728026533996	0.6588035714078586
Lrrc49	1	790	790.0	219	chr9:60687543-60688333	42.65658747300216	1	501	501.0	146	chr9:60687761-60688262	18.735976065819	1.5768463073852295	0.6570420498692569
St3gal4	1	900	900.0	330	chr9:35116689-35117589	48.59611231101512	1	571	571.0	199	chr9:35116723-35117294	21.35377711293942	1.5761821366024518	0.6564342558541942
Lamtor4	1	823	823.0	280	chr5:138255350-138256173	44.43844492440604	1	523	523.0	306	chr5:138255526-138256049	19.55871353777113	1.5736137667304015	0.6540814841746843
Smcr8	1	580	580.0	200	chr11:60777033-60777613	31.317494600431967	1	369	369.0	164	chr11:60777175-60777544	13.799551234106207	1.5718157181571815	0.6524320839545383
Top3a	1	580	580.0	41	chr11:60777033-60777613	31.317494600431967	1	369	369.0	5	chr11:60777175-60777544	13.799551234106207	1.5718157181571815	0.6524320839545383
Kif3c	1	1080	1080.0	281	chr12:3364872-3365952	58.31533477321814	1	688	688.0	85	chr12:3364872-3365560	25.729244577412118	1.569767441860465	0.6505508423487328
Gm13272	1	824	824.0	39	chr4:88779476-88780300	44.49244060475162	1	525	525.0	85	chr4:88779502-88780027	19.63350785340314	1.5695238095238095	0.6503269146297335
P2ry2	1	610	610.0	805	chr7:101011755-101012365	32.937365010799134	1	389	389.0	810	chr7:101011861-101012250	14.547494390426326	1.5681233933161953	0.6490390874640566
4930533O14Rik	1	822	822.0	138	chr19:4928013-4928835	44.38444924406048	1	525	525.0	99	chr19:4927925-4928450	19.63350785340314	1.5657142857142856	0.6468209711281978
Dock4	1	1410	1410.0	172	chr12:40445519-40446929	76.13390928725701	1	901	901.0	27	chr12:40445629-40446530	33.694839192221394	1.5649278579356272	0.6460961514726173
Zfp277	1	1410	1410.0	435	chr12:40445519-40446929	76.13390928725701	1	901	901.0	290	chr12:40445629-40446530	33.694839192221394	1.5649278579356272	0.6460961514726173
Hsbp1	1	635	635.0	46	chr8:119344174-119344809	34.28725701943844	1	406	406.0	91	chr8:119344243-119344649	15.18324607329843	1.564039408866995	0.6452768644743521
Polr3k	1	564	564.0	18	chr2:181864072-181864636	30.45356371490281	1	361	361.0	11	chr2:181864145-181864506	13.500373971578162	1.5623268698060941	0.6436963255116226
Foxa3	1	578	578.0	851	chr7:19024099-19024677	31.209503239740823	1	370	370.0	801	chr7:19024153-19024523	13.836948391922213	1.5621621621621622	0.6435442219843668
Sympk	1	578	578.0	12	chr7:19024099-19024677	31.209503239740823	1	370	370.0	38	chr7:19024153-19024523	13.836948391922213	1.5621621621621622	0.6435442219843668
Setdb2	1	634	634.0	65	chr14:59440631-59441265	34.23326133909288	1	406	406.0	66	chr14:59440746-59441152	15.18324607329843	1.561576354679803	0.6430031129542311
Cab39l	1	634	634.0	32	chr14:59440631-59441265	34.23326133909288	1	406	406.0	31	chr14:59440746-59441152	15.18324607329843	1.561576354679803	0.6430031129542311
Mthfd1	1	796	796.0	112	chr12:76254945-76255741	42.98056155507559	1	511	511.0	7	chr12:76254983-76255494	19.10994764397906	1.557729941291585	0.6394451396060274
Spata2l	1	598	598.0	81	chr8:123235828-123236426	32.289416846652266	1	384	384.0	61	chr8:123236077-123236461	14.360508601346297	1.5572916666666667	0.6390391734769489
Trp53bp2	1	980	980.0	40	chr1:182408721-182409701	52.915766738660906	1	630	630.0	10	chr1:182408866-182409496	23.56020942408377	1.5555555555555556	0.6374299206152918
Cmtm3	1	1164	1164.0	442	chr8:104340453-104341617	62.850971922246224	1	749	749.0	66	chr8:104340285-104341034	28.01047120418848	1.5540720961281709	0.6360534344495328
Erbb4	1	763	763.0	1043	chr1:69106634-69107397	41.19870410367171	1	492	492.0	1188	chr1:69106624-69107116	18.399401645474946	1.5508130081300813	0.6330247414952905
Stom	1	608	608.0	187	chr2:35336858-35337466	32.82937365010799	1	393	393.0	168	chr2:35336947-35337340	14.697083021690352	1.5470737913486006	0.629542011184979
Orc2	1	637	637.0	134	chr1:58504656-58505293	34.39524838012959	1	412	412.0	63	chr1:58504839-58505251	15.407629020194467	1.546116504854369	0.628649035073082
Myo5a	1	683	683.0	449	chr9:75071122-75071805	36.879049676025915	1	443	443.0	129	chr9:75070922-75071365	16.56694091249065	1.5417607223476297	0.6245788797350721
C730034F03Rik	1	635	635.0	203	chr15:89429474-89430109	34.28725701943844	1	413	413.0	332	chr15:89429714-89430127	15.44502617801047	1.5375302663438257	0.6206148102400828
Chkb	1	635	635.0	116	chr15:89429474-89430109	34.28725701943844	1	413	413.0	13	chr15:89429714-89430127	15.44502617801047	1.5375302663438257	0.6206148102400828
Ppp1r14c	1	1416	1416.0	366	chr10:3365807-3367223	76.45788336933045	2	921	460.5	328	chr10:3366216-3366738,chr10:3366961-3367360	34.44278234854151	1.5374592833876222	0.6205482039916619
Krcc1	1	642	642.0	117	chr6:71271238-71271880	34.66522678185745	1	419	419.0	69	chr6:71271398-71271817	15.669409124906508	1.532219570405728	0.6156230534229516
Dmrta2	1	835	835.0	0	chr4:109977635-109978470	45.08639308855292	1	545	545.0	150	chr4:109977630-109978175	20.38145100972326	1.5321100917431192	0.6155199676971257
Mrm1	1	726	726.0	27	chr11:84819124-84819850	39.200863930885525	1	474	474.0	97	chr11:84819374-84819848	17.726252804786835	1.5316455696202531	0.6150824890974915
Atg14	1	649	649.0	57	chr14:47568052-47568701	35.043196544276455	1	424	424.0	26	chr14:47568247-47568671	15.856394913986538	1.5306603773584906	0.6141542134359393
Samm50	1	603	603.0	113	chr15:84192044-84192647	32.55939524838013	1	394	394.0	12	chr15:84192047-84192441	14.734480179506356	1.5304568527918783	0.6139623724437087
9430038I01Rik	1	1206	1206.0	174	chr7:137410332-137411538	65.11879049676025	1	790	790.0	121	chr7:137410487-137411277	29.543754674644727	1.5265822784810126	0.6103053488356194
Irs1	1	922	922.0	51	chr1:82290903-82291825	49.78401727861771	1	604	604.0	216	chr1:82291329-82291933	22.587883320867615	1.5264900662251655	0.610218201104259
Tmem11	1	586	586.0	245	chr11:60878733-60879319	31.641468682505398	1	384	384.0	347	chr11:60878732-60879116	14.360508601346297	1.5260416666666667	0.6097943537010917
Fto	1	891	891.0	17	chr8:91313096-91313987	48.11015118790497	1	584	584.0	78	chr8:91313154-91313738	21.839940164547496	1.5256849315068493	0.6094570626419047
Rpgrip1l	1	891	891.0	280	chr8:91313096-91313987	48.11015118790497	1	584	584.0	185	chr8:91313154-91313738	21.839940164547496	1.5256849315068493	0.6094570626419047
Ptpn9	1	517	517.0	158	chr9:56994551-56995068	27.915766738660906	1	340	340.0	18	chr9:56994779-56995119	12.715033657442035	1.5205882352941176	0.6046295341772328
Gcsh	1	491	491.0	56	chr8:116993347-116993838	26.511879049676025	1	323	323.0	28	chr8:116993347-116993670	12.079281974569934	1.520123839009288	0.6041888596207682
Ap3b1	1	871	871.0	139	chr13:94358385-94359256	47.03023758099352	1	573	573.0	107	chr13:94358566-94359139	21.428571428571427	1.5200698080279231	0.6041375798419597
Gm9776	1	871	871.0	3	chr13:94358385-94359256	47.03023758099352	1	573	573.0	35	chr13:94358566-94359139	21.428571428571427	1.5200698080279231	0.6041375798419597
Rab40b	1	860	860.0	316	chr11:121388136-121388996	46.436285097192226	1	566	566.0	225	chr11:121388192-121388758	21.16679132385939	1.519434628975265	0.6035346067575779
Cops8	1	457	457.0	399	chr1:90603151-90603608	24.676025917926566	1	301	301.0	345	chr1:90603175-90603476	11.2565445026178	1.5182724252491695	0.6024306782983677
Gm9920	1	733	733.0	1317	chr15:55111993-55112726	39.57883369330454	1	483	483.0	1255	chr15:55112180-55112663	18.06282722513089	1.5175983436853002	0.6017900092980387
Deptor	1	733	733.0	43	chr15:55111993-55112726	39.57883369330454	1	483	483.0	105	chr15:55112180-55112663	18.06282722513089	1.5175983436853002	0.6017900092980387
Rgma	1	749	749.0	212	chr7:73374922-73375671	40.442764578833696	1	494	494.0	50	chr7:73375211-73375705	18.474195961106957	1.5161943319838056	0.6004546768740733
Mfsd14b	1	615	615.0	19	chr13:65112693-65113308	33.207343412526996	1	407	407.0	53	chr13:65112725-65113132	15.220643231114437	1.511056511056511	0.5955576159603552
Mettl13	1	559	559.0	47	chr1:162548318-162548877	30.183585313174948	1	370	370.0	46	chr1:162548411-162548781	13.836948391922213	1.5108108108108107	0.5953230123268778
Arfip1	1	1012	1012.0	140	chr3:84581978-84582990	54.64362850971922	1	670	670.0	136	chr3:84582425-84583095	25.05609573672401	1.51044776119403	0.5949762893491755
Zc3h7a	1	474	474.0	271	chr16:11176426-11176900	25.593952483801296	1	314	314.0	117	chr16:11176352-11176666	11.742707554225879	1.5095541401273886	0.5941225000066321
Mcfd2	1	713	713.0	19	chr17:87265559-87266272	38.49892008639309	1	473	473.0	66	chr17:87265764-87266237	17.68885564697083	1.507399577167019	0.5920618931044929
Cyb5b	1	511	511.0	109	chr8:107150296-107150807	27.591792656587472	1	339	339.0	219	chr8:107150272-107150611	12.677636499626027	1.5073746312684366	0.5920380178012774
Nucb2	1	568	568.0	100	chr7:116504184-116504752	30.669546436285096	1	377	377.0	20	chr7:116504160-116504537	14.098728496634255	1.506631299734748	0.5913264062360177
Lace1	1	378	378.0	126	chr10:42478501-42478879	20.41036717062635	1	251	251.0	43	chr10:42478482-42478733	9.386686611817503	1.5059760956175299	0.5906988702703007
Tbc1d19	1	591	591.0	41	chr5:53809269-53809860	31.911447084233263	1	393	393.0	21	chr5:53809388-53809781	14.697083021690352	1.5038167938931297	0.5886288179189259
D10Wsu102e	1	794	794.0	67	chr10:83359890-83360684	42.87257019438445	1	528	528.0	14	chr10:83359942-83360470	19.74569932685116	1.503787878787879	0.5886010777845044
Snx14	1	642	642.0	279	chr9:88438915-88439557	34.66522678185745	1	427	427.0	66	chr9:88438810-88439237	15.968586387434556	1.5035128805620608	0.5883372275018126
Pnmal2	1	472	472.0	95	chr7:16944350-16944822	25.48596112311015	1	314	314.0	120	chr7:16944404-16944718	11.742707554225879	1.5031847133757963	0.5880223004702143
Gm7535	1	430	430.0	1690	chr17:17910041-17910471	23.218142548596113	1	287	287.0	1634	chr17:17910169-17910456	10.732984293193718	1.4982578397212543	0.5832859229137723
Vwa9	1	1024	1024.0	21	chr9:64960298-64961322	55.291576673866096	1	684	684.0	24	chr9:64960465-64961149	25.579655946148094	1.4970760233918128	0.582147485114102
Mthfs	1	624	624.0	664	chr9:89211027-89211651	33.69330453563715	1	417	417.0	688	chr9:89211155-89211572	15.594614809274496	1.4964028776978417	0.5814986454175848
Mccc1	1	1080	1080.0	108	chr3:36000029-36001109	58.31533477321814	1	723	723.0	162	chr3:36000154-36000877	27.038145100972326	1.4937759336099585	0.5789637600997131
Zfp39	1	817	817.0	77	chr11:58903739-58904556	44.114470842332615	1	547	547.0	55	chr11:58903896-58904443	20.456245325355273	1.493601462522852	0.5787952453531269
Triobp	1	516	516.0	107	chr15:78947572-78948088	27.861771058315334	1	346	346.0	115	chr15:78947665-78948011	12.939416604338069	1.4913294797687862	0.5765990277865295
Msl2	1	954	954.0	494	chr9:101073129-101074083	51.511879049676025	1	640	640.0	243	chr9:101073537-101074177	23.93418100224383	1.490625	0.5759173611181493
Commd10	1	666	666.0	89	chr18:46958617-46959283	35.96112311015119	1	447	447.0	117	chr18:46958755-46959202	16.716529543754675	1.4899328859060403	0.5752473458879445
Aspscr1	1	387	387.0	78	chr11:120672857-120673244	20.896328293736502	1	260	260.0	56	chr11:120672786-120673046	9.723261032161554	1.4884615384615385	0.5738219431159558
Cplx2	1	680	680.0	328	chr13:54371336-54372016	36.7170626349892	1	457	457.0	283	chr13:54371403-54371860	17.090501121914734	1.487964989059081	0.573340581079632
Gstp1	1	491	491.0	69	chr19:4037744-4038235	26.511879049676025	1	330	330.0	77	chr19:4037832-4038162	12.341062079281974	1.4878787878787878	0.5732570000688773
Ric8b	1	842	842.0	302	chr10:84916892-84917734	45.46436285097192	1	566	566.0	354	chr10:84916978-84917544	21.16679132385939	1.4876325088339222	0.5730181802345137
Hacl1	1	1020	1020.0	246	chr14:31640529-31641549	55.0755939524838	1	686	686.0	290	chr14:31640652-31641338	25.654450261780106	1.4868804664723032	0.5722886706860456
Btd	1	1020	1020.0	12	chr14:31640529-31641549	55.0755939524838	1	686	686.0	32	chr14:31640652-31641338	25.654450261780106	1.4868804664723032	0.5722886706860456
Zfp758	1	596	596.0	2	chr17:22361152-22361748	32.18142548596112	1	401	401.0	14	chr17:22361238-22361639	14.9962602842184	1.486284289276808	0.5717100940072413
Zfp944	1	596	596.0	51	chr17:22361152-22361748	32.18142548596112	1	401	401.0	39	chr17:22361238-22361639	14.9962602842184	1.486284289276808	0.5717100940072413
Tmem18	1	716	716.0	225	chr12:30584309-30585025	38.66090712742981	1	483	483.0	91	chr12:30584292-30584775	18.06282722513089	1.4824016563146998	0.5679363984284833
Tirap	1	517	517.0	556	chr9:35199476-35199993	27.915766738660906	1	349	349.0	416	chr9:35199700-35200049	13.051608077786089	1.481375358166189	0.5669372441052823
Srpr	1	517	517.0	440	chr9:35199476-35199993	27.915766738660906	1	349	349.0	300	chr9:35199700-35200049	13.051608077786089	1.481375358166189	0.5669372441052823
Ktn1	2	946	473.0	611	chr14:47649526-47650039,chr14:47648842-47649275	51.07991360691144	1	639	639.0	872	chr14:47649000-47649639	23.896783844427823	1.4804381846635368	0.5660242523924008
Dusp28	1	535	535.0	80	chr1:92906633-92907168	28.88768898488121	1	362	362.0	91	chr1:92906708-92907070	13.537771129394166	1.477900552486188	0.5635491942053039
Tecr	1	938	938.0	24	chr8:83594045-83594983	50.647948164146875	1	636	636.0	34	chr8:83594206-83594842	23.78459237097981	1.4748427672955975	0.5605611572310212
Efhc1	1	910	910.0	47	chr1:20951123-20952033	49.13606911447084	1	618	618.0	3	chr1:20951313-20951931	23.111443530291698	1.4724919093851132	0.5582597071816839
Timm21	1	1202	1202.0	345	chr18:84951267-84952469	64.90280777537797	1	817	817.0	308	chr18:84951423-84952240	30.553477935676888	1.4712362301101591	0.557028912565502
Elmo2	1	547	547.0	64	chr2:165326141-165326688	29.535637149028076	1	372	372.0	128	chr2:165326420-165326792	13.911742707554225	1.4704301075268817	0.5562382116845253
Mcm9	1	479	479.0	342	chr10:53629857-53630336	25.863930885529157	1	326	326.0	287	chr10:53629988-53630314	12.19147344801795	1.469325153374233	0.5551536915051026
Ggct	1	605	605.0	18	chr6:54992665-54993270	32.66738660907127	1	412	412.0	6	chr6:54992749-54993161	15.407629020194467	1.4684466019417475	0.5542908049787384
Mcu	1	1176	1176.0	213	chr10:59615890-59617066	63.498920086393085	1	801	801.0	192	chr10:59616099-59616900	29.955123410620793	1.4681647940074907	0.5540139124276543
Gm10322	1	1176	1176.0	416	chr10:59615890-59617066	63.498920086393085	1	801	801.0	437	chr10:59616099-59616900	29.955123410620793	1.4681647940074907	0.5540139124276543
Galk2	1	552	552.0	91	chr2:125858741-125859293	29.805615550755938	1	376	376.0	66	chr2:125858854-125859230	14.06133133881825	1.4680851063829787	0.5539356051005317
Cops2	1	552	552.0	121	chr2:125858741-125859293	29.805615550755938	1	376	376.0	96	chr2:125858854-125859230	14.06133133881825	1.4680851063829787	0.5539356051005317
Ric1	1	647	647.0	163	chr19:29521795-29522442	34.93520518358531	1	441	441.0	41	chr19:29522020-29522461	16.49214659685864	1.4671201814058956	0.5529870564349869
Stoml1	1	550	550.0	154	chr9:58253042-58253592	29.697624190064797	1	375	375.0	62	chr9:58253038-58253413	14.023934181002243	1.4666666666666666	0.5525410230287786
Haus6	1	541	541.0	165	chr4:86611949-86612490	29.211663066954646	1	369	369.0	122	chr4:86611992-86612361	13.799551234106207	1.4661246612466126	0.5520077777664193
Ccng1	1	650	650.0	55	chr11:40755040-40755690	35.097192224622034	1	444	444.0	55	chr11:40755143-40755587	16.604338070306657	1.4639639639639639	0.5498800415657108
Mocs1	1	383	383.0	14	chr17:49428156-49428539	20.680345572354213	1	262	262.0	22	chr17:49428252-49428514	9.798055347793568	1.4618320610687023	0.5477775803875069
Bzw2	1	1080	1080.0	69	chr12:36156353-36157433	58.31533477321814	1	739	739.0	216	chr12:36156671-36157410	27.63649962602842	1.4614343707713127	0.54738504290468
Ankmy2	1	1080	1080.0	230	chr12:36156353-36157433	58.31533477321814	1	739	739.0	83	chr12:36156671-36157410	27.63649962602842	1.4614343707713127	0.54738504290468
Fam124a	1	833	833.0	161	chr14:62555159-62555992	44.97840172786177	1	570	570.0	14	chr14:62555465-62556035	21.31637995512341	1.46140350877193	0.5473545763134438
Arnt2	1	761	761.0	115	chr7:84409910-84410671	41.090712742980564	1	521	521.0	206	chr7:84410121-84410642	19.483919222139118	1.4606525911708252	0.5466130812250372
Evl	1	572	572.0	193	chr12:108554240-108554812	30.885529157667385	1	392	392.0	105	chr12:108554418-108554810	14.659685863874344	1.4591836734693877	0.5451614926631811
Aggf1	1	441	441.0	8	chr13:95375139-95375580	23.81209503239741	1	303	303.0	2	chr13:95375198-95375501	11.331338818249813	1.4554455445544554	0.5414608620845696
Ficd	1	799	799.0	230	chr5:113735173-113735972	43.14254859611231	1	550	550.0	64	chr5:113735463-113736013	20.56843679880329	1.4527272727272726	0.5387638845159548
Mtmr2	1	517	517.0	937	chr9:13749088-13749605	27.915766738660906	1	356	356.0	780	chr9:13749011-13749367	13.313388182498132	1.452247191011236	0.5382870393485369
Ldlrad4	1	557	557.0	644	chr18:67933622-67934179	30.075593952483803	1	384	384.0	777	chr18:67933841-67934225	14.360508601346297	1.4505208333333333	0.5365710166188755
Diras2	1	509	509.0	45	chr13:52530536-52531045	27.483801295896328	1	351	351.0	167	chr13:52530493-52530844	13.126402393418099	1.4501424501424502	0.5361946257711347
Fopnl	1	650	650.0	158	chr16:14317207-14317857	35.097192224622034	1	449	449.0	51	chr16:14317201-14317650	16.791323859386686	1.447661469933185	0.53372427317467
Gm13289	1	802	802.0	28	chr4:88776548-88777350	43.30453563714903	1	554	554.0	111	chr4:88776533-88777087	20.718025430067318	1.447653429602888	0.533716260405732
Il1rap	1	813	813.0	53	chr16:26581350-26582163	43.898488120950326	1	562	562.0	111	chr16:26581533-26582095	21.01720269259536	1.4466192170818506	0.5326852218541017
Med4	1	441	441.0	59	chr14:73509769-73510210	23.81209503239741	1	305	305.0	136	chr14:73509760-73510065	11.406133133881825	1.4459016393442623	0.531969413107272
Zfp661	1	389	389.0	490	chr2:127587389-127587778	21.004319654427643	1	270	270.0	206	chr2:127587164-127587434	10.097232610321615	1.4407407407407407	0.526810747935361
Mrps5	1	389	389.0	362	chr2:127587389-127587778	21.004319654427643	1	270	270.0	78	chr2:127587164-127587434	10.097232610321615	1.4407407407407407	0.526810747935361
Podxl2	1	577	577.0	6	chr6:88874749-88875326	31.155507559395247	1	401	401.0	53	chr6:88874896-88875297	14.9962602842184	1.4389027431421446	0.5249690821905622
Dusp18	1	502	502.0	67	chr11:3894921-3895423	27.10583153347732	1	349	349.0	151	chr11:3894914-3895263	13.051608077786089	1.4383954154727794	0.5244603277411197
4921536K21Rik	1	502	502.0	75	chr11:3894921-3895423	27.10583153347732	1	349	349.0	9	chr11:3894914-3895263	13.051608077786089	1.4383954154727794	0.5244603277411197
Galnt10	1	828	828.0	294	chr11:57644733-57645561	44.70842332613391	1	576	576.0	251	chr11:57644902-57645478	21.54076290201945	1.4375	0.5235619560570128
Sap30l	1	513	513.0	339	chr11:57801041-57801554	27.699784017278617	1	357	357.0	127	chr11:57801331-57801688	13.350785340314136	1.4369747899159664	0.5230347515779543
Rbm26	1	583	583.0	65	chr14:105177100-105177683	31.47948164146868	1	406	406.0	103	chr14:105177226-105177632	15.18324607329843	1.435960591133005	0.5220161560153203
Gm13290	1	757	757.0	112	chr4:88773567-88774324	40.87473002159827	1	528	528.0	21	chr4:88773590-88774118	19.74569932685116	1.433712121212121	0.5197553706272782
Cxxc1	1	829	829.0	238	chr18:74215954-74216783	44.76241900647948	1	579	579.0	93	chr18:74215934-74216513	21.652954375467466	1.4317789291882557	0.5178087535065139
Ubxn1	1	746	746.0	153	chr19:8871032-8871778	40.28077753779697	1	522	522.0	68	chr19:8871229-8871751	19.521316379955124	1.4291187739463602	0.5151258236853533
Rnf165	1	543	543.0	293	chr18:77565168-77565711	29.319654427645787	1	380	380.0	256	chr18:77565212-77565592	14.210919970082273	1.4289473684210525	0.5149527794734137
Man2a1	1	853	853.0	36	chr17:64600273-64601126	46.05831533477322	1	598	598.0	57	chr17:64600379-64600977	22.36350037397158	1.4264214046822743	0.5124002571201852
Gldc	1	1095	1095.0	278	chr19:30174592-30175687	59.12526997840173	1	768	768.0	199	chr19:30174834-30175602	28.721017202692593	1.42578125	0.5117526537673796
Etv3	1	938	938.0	397	chr3:87525334-87526272	50.647948164146875	1	659	659.0	68	chr3:87525009-87525668	24.64472700074794	1.4233687405159332	0.5093094575073247
Mns1	1	518	518.0	514	chr9:72438265-72438783	27.96976241900648	1	364	364.0	454	chr9:72438282-72438646	13.612565445026178	1.4230769230769231	0.5090136474878577
Adgrv1	1	742	742.0	154	chr13:81632936-81633678	40.06479481641469	1	522	522.0	71	chr13:81632963-81633485	19.521316379955124	1.421455938697318	0.5073693800509189
Bag2	1	597	597.0	81	chr1:33757577-33758174	32.23542116630669	1	420	420.0	25	chr1:33757609-33758029	15.706806282722512	1.4214285714285715	0.5073416035986824
Sfxn5	1	1310	1310.0	88	chr6:85332678-85333988	70.73434125269978	1	922	922.0	19	chr6:85332979-85333901	34.480179506357516	1.420824295010846	0.5067281559954748
Brsk2	1	433	433.0	256	chr7:141949278-141949711	23.38012958963283	1	305	305.0	112	chr7:141949486-141949791	11.406133133881825	1.419672131147541	0.5055577822764764
Carnmt1	1	833	833.0	77	chr19:18670440-18671273	44.97840172786177	1	587	587.0	5	chr19:18670481-18671068	21.95213163799551	1.4190800681431006	0.5049559922554956
Pgp	1	661	661.0	206	chr17:24469936-24470597	35.69114470842333	1	466	466.0	223	chr17:24470016-24470482	17.427075542258788	1.4184549356223175	0.5043203168534114
Tspan17	1	529	529.0	75	chr13:54789037-54789566	28.563714902807774	1	373	373.0	80	chr13:54789110-54789483	13.949139865370233	1.418230563002681	0.5040920918587881
Ror1	1	448	448.0	27	chr4:100095593-100096041	24.190064794816415	1	316	316.0	55	chr4:100095687-100096003	11.81750186985789	1.4177215189873418	0.5035741738805013
