gene_name	num_peaks_exo	total_coverage_exo	avg_peak_size_exo	min_distance_to_tss_exo	mean_cpg_coverage_exo	peaks_exo	num_peaks_endo	total_coverage_endo	avg_peak_size_endo	min_distance_to_tss_endo	mean_cpg_coverage_endo	peaks_endo	enrichment_ratio	log2_enrichment
Bckdk	1	406	406.0	95	100.0	chr7:127903973-127904379	1	189	189.0	52	28.98550724637681	chr7:127903935-127904124	3.45	1.7865963618908067
Usp4	1	633	633.0	21	82.35294117647058	chr9:108347557-108348190	1	533	533.0	318	25.147058823529413	chr9:108347268-108347801	3.27485380116959	1.7114305020590683
Brms1	1	520	520.0	62	91.38888888888889	chr19:5041081-5041601	1	316	316.0	174	31.944444444444443	chr19:5041071-5041387	2.860869565217391	1.516453722790866
Epo	1	330	330.0	2149	65.7556270096463	chr5:137530614-137531571	1	263	263.0	1880	22.9903536977492	chr5:137531218-137531504	2.86013986013986	1.5160856961633593
Hist1h4f	1	503	503.0	59	99.62406015037594	chr13:23551337-23551840	1	301	301.0	12	34.962406015037594	chr13:23551509-23551810	2.849462365591398	1.5106897383425302
Csgalnact1	1	640	640.0	34	78.41584158415841	chr8:68734859-68735499	1	311	311.0	120	28.71287128712871	chr8:68735110-68735421	2.731034482758621	1.4494475300646754
Slc7a1	1	1211	1211.0	300	100.0	chr5:148398998-148400209	2	951	475.5	37	37.87878787878788	chr5:148398996-148399549,chr5:148399741-148400139	2.6399999999999997	1.4005379295837286
Kdelc2	1	1186	1186.0	553	94.4620253164557	chr9:53383982-53385168	2	943	471.5	50	36.15506329113924	chr9:53384374-53385064,chr9:53383946-53384199	2.6126914660831506	1.385536766206735
Apbb2	1	401	401.0	1644	88.54961832061069	chr5:66620227-66620628	1	538	538.0	74	34.03781979977753	chr5:66618440-66618978	2.6015067604650004	1.3793474564119175
Ndufaf6	1	460	460.0	27	82.90816326530613	chr4:11075947-11076407	1	204	204.0	44	32.142857142857146	chr4:11076146-11076350	2.5793650793650795	1.3670159844159004
Gm10645	1	1071	1071.0	386	100.0	chr8:83165248-83166319	1	576	576.0	688	39.59571938168847	chr8:83165193-83165769	2.5255255255255253	1.336583623183882
Tbc1d9	1	1071	1071.0	432	100.0	chr8:83165248-83166319	1	576	576.0	130	39.59571938168847	chr8:83165193-83165769	2.5255255255255253	1.336583623183882
Mipep	1	436	436.0	105	82.88888888888889	chr14:60784452-60784888	1	220	220.0	12	32.88888888888889	chr14:60784443-60784663	2.5202702702702697	1.3335784546262877
Gabarapl1	1	305	305.0	86	92.52669039145908	chr6:129533093-129533398	1	294	294.0	62	37.72241992882562	chr6:129532950-129533244	2.4528301886792456	1.2944473584652556
Plxdc2	1	1075	1075.0	54	91.3894324853229	chr2:16355712-16356787	1	398	398.0	11	37.76908023483366	chr2:16356115-16356513	2.4196891191709846	1.2748217024415816
Tmem192	1	749	749.0	231	100.0	chr8:64947041-64947790	1	498	498.0	17	41.53605015673981	chr8:64946918-64947416	2.4075471698113207	1.2675640643143078
Myo18a	1	428	428.0	110	50.85616438356164	chr11:77762921-77763349	1	246	246.0	191	21.40410958904109	chr11:77762931-77763177	2.3760000000000003	1.248534836138679
2310033P09Rik	1	593	593.0	145	100.0	chr11:59208169-59208762	1	227	227.0	6	43.15589353612168	chr11:59208201-59208428	2.3171806167400875	1.212370502001387
Capn5	1	541	541.0	106	100.0	chr7:98177897-98178438	1	434	434.0	79	43.4010152284264	chr7:98178135-98178569	2.3040935672514617	1.2041993045704782
Dazl	1	1198	1198.0	350	100.0	chr17:50292649-50293847	1	551	551.0	706	43.72177055103885	chr17:50292617-50293168	2.287190082644628	1.1935762695069576
Trnt1	1	283	283.0	67	62.83185840707964	chr6:106769045-106769328	1	375	375.0	98	27.72861356932153	chr6:106768834-106769209	2.265957446808511	1.180120768548201
Dpy19l3	1	453	453.0	50	76.49402390438247	chr7:35754177-35754630	1	400	400.0	138	33.86454183266932	chr7:35754391-35754791	2.258823529411765	1.1755715645834548
Tbcd	1	394	394.0	48	59.67302452316077	chr11:121451703-121452097	1	278	278.0	112	26.430517711171664	chr11:121451697-121451975	2.2577319587628866	1.1748742174140456
Gtf3c6	1	414	414.0	76	73.44632768361582	chr10:40257533-40257947	1	858	858.0	442	32.7683615819209	chr10:40257677-40258535	2.241379310344828	1.1643868179008825
Luc7l	1	476	476.0	98	54.07503234152652	chr17:26252769-26253245	1	302	302.0	42	24.708926261319533	chr17:26252716-26253018	2.1884816753926706	1.1299303040451343
Got2	1	421	421.0	139	76.57004830917874	chr8:95888197-95888618	1	697	697.0	650	35.02415458937198	chr8:95887548-95888245	2.1862068965517243	1.1284299401244728
Tspan12	1	945	945.0	544	100.0	chr6:21851498-21852443	2	861	430.5	308	46.02763385146805	chr6:21851465-21851994,chr6:21852040-21852372	2.172607879924953	1.1194278152300607
Gab1	1	1111	1111.0	186	57.77310924369748	chr8:80879777-80880888	1	902	902.0	5	26.785714285714285	chr8:80880072-80880974	2.1568627450980395	1.1089343715531643
Hmgcl	1	264	264.0	40	57.77202072538861	chr4:135946355-135946619	1	500	500.0	197	26.94300518134715	chr4:135946000-135946500	2.1442307692307696	1.1004601817792128
Crtc3	1	437	437.0	6	44.333333333333336	chr7:80688652-80689089	1	300	300.0	688	20.77777777777778	chr7:80688038-80688338	2.1336898395721926	1.0933504763347093
Uimc1	1	429	429.0	82	57.47126436781609	chr13:55100003-55100432	1	279	279.0	25	27.1264367816092	chr13:55100135-55100414	2.11864406779661	1.0831412353002456
Hes1	1	970	970.0	363	74.67282525019246	chr16:30063535-30064505	2	1029	514.5	59	35.257890685142414	chr16:30063444-30063741,chr16:30063958-30064690	2.1179039301310048	1.0826371489775464
Unc45a	1	33	33.0	2132	91.2087912087912	chr7:80342972-80343300	1	362	362.0	600	43.520309477756285	chr7:80340223-80340585	2.0957753357753357	1.067484070246126
Tnfrsf19	1	569	569.0	438	89.16083916083916	chr14:61046132-61046701	1	473	473.0	220	42.65734265734265	chr14:61046398-61046871	2.0901639344262297	1.0636160992959718
Dzip1l	1	652	652.0	181	90.9090909090909	chr9:99629350-99630002	1	476	476.0	50	43.50649350649351	chr9:99629307-99629783	2.08955223880597	1.0631938264871938
Ttpal	1	266	266.0	9	55.140186915887845	chr2:163602171-163602437	1	200	200.0	68	26.4797507788162	chr2:163602145-163602345	2.0823529411764703	1.0582146139452955
Sh3pxd2a	1	651	651.0	27	90.6685236768802	chr19:47464058-47464709	1	317	317.0	158	43.871866295264624	chr19:47464410-47464727	2.066666666666666	1.0473057147783562
Klf15	2	848	424.0	81	72.46673490276356	chr6:90463459-90463865,chr6:90462273-90462715	1	374	374.0	143	35.107471852610026	chr6:90462245-90462619	2.0641399416909625	1.0455407839101853
Nudt17	1	265	265.0	58	90.40590405904058	chr3:96708371-96708636	1	318	318.0	93	44.64944649446495	chr3:96708495-96708813	2.0247933884297518	1.017774701727976
Btf3	1	602	602.0	26	79.53321364452424	chr13:98316730-98317332	1	314	314.0	102	40.0359066427289	chr13:98316950-98317264	1.9865470852017941	0.9902629886347138
Mif4gd	1	633	633.0	207	90.73783359497644	chr11:115612445-115613078	1	358	358.0	470	45.6828885400314	chr11:115612319-115612677	1.9862542955326457	0.9900503395923946
Trps1	1	216	216.0	327	50.8695652173913	chr15:50890027-50890243	1	434	434.0	160	25.65217391304348	chr15:50890085-50890519	1.9830508474576267	0.987721670221563
Samd5	1	976	976.0	156	99.13978494623656	chr10:9674563-9675539	1	466	466.0	70	50.10752688172043	chr10:9675044-9675510	1.9785407725321889	0.9844367957750577
Pdk2	1	457	457.0	102	68.1265206812652	chr11:95041227-95041684	1	390	390.0	207	34.54987834549878	chr11:95041365-95041755	1.971830985915493	0.9795358974402845
Gatsl3	1	321	321.0	50	43.17718940936864	chr11:4218014-4218335	1	401	401.0	193	22.19959266802444	chr11:4217831-4218232	1.944954128440367	0.9597361297862729
Rpap3	1	295	295.0	48	59.09090909090909	chr15:97705626-97705921	1	190	190.0	37	30.785123966942145	chr15:97705763-97705953	1.9194630872483225	0.9407028163162281
Cd151	1	718	718.0	253	100.0	chr7:141467285-141468003	1	438	438.0	454	52.973977695167285	chr7:141467626-141468064	1.8877192982456141	0.9166442535045202
Tmem70	1	408	408.0	110	77.91666666666667	chr1:16665112-16665520	1	218	218.0	30	41.458333333333336	chr1:16665127-16665345	1.879396984924623	0.9102698393439878
Dusp6	1	1770	1770.0	689	65.92178770949721	chr10:99261656-99263426	2	1886	943.0	161	35.121042830540034	chr10:99261692-99262294,chr10:99262427-99263711	1.8769883351007426	0.9084196842952634
Coq10a	1	543	543.0	1155	69.88416988416989	chr10:128368605-128369148	1	292	292.0	1081	37.58043758043758	chr10:128368804-128369096	1.8595890410958906	0.8949838289243445
Acyp2	1	454	454.0	264	87.45019920318725	chr11:30649095-30649549	1	294	294.0	386	47.211155378486055	chr11:30649053-30649347	1.8523206751054853	0.8893338806370991
Fuz	1	439	439.0	65	91.63346613545816	chr7:44895924-44896363	1	575	575.0	108	49.800796812749006	chr7:44895683-44896258	1.8399999999999999	0.879705766282288
Fus	1	983	983.0	19	72.14765100671141	chr7:127966984-127967967	1	759	759.0	260	39.34563758389262	chr7:127966817-127967576	1.8336886993603412	0.8747487370740837
Gatc	1	382	382.0	128	58.05471124620061	chr5:115340858-115341240	1	209	209.0	51	31.762917933130694	chr5:115341022-115341231	1.8277511961722492	0.8700696959548663
Triap1	1	382	382.0	175	58.05471124620061	chr5:115340858-115341240	1	209	209.0	98	31.762917933130694	chr5:115341022-115341231	1.8277511961722492	0.8700696959548663
Cdc42se2	1	895	895.0	103	89.95633187772926	chr11:54787124-54788019	1	453	453.0	27	49.45414847161573	chr11:54787475-54787928	1.8189845474613682	0.8631332871369829
Tnpo3	1	582	582.0	35	47.60191846522782	chr6:29609560-29610142	1	369	369.0	35	26.378896882494008	chr6:29609737-29610106	1.8045454545454545	0.8516354836182981
Zfr	1	524	524.0	28	38.84358784284655	chr15:12117596-12118120	1	293	293.0	40	21.719792438843587	chr15:12117644-12117937	1.78839590443686	0.8386661471152024
Nol4	1	715	715.0	42	80.21390374331551	chr18:23041337-23042052	1	585	585.0	108	45.18716577540107	chr18:23041468-23042053	1.775147928994083	0.8279392542136967
Borcs7	1	426	426.0	167	96.35761589403974	chr19:46689859-46690285	1	240	240.0	201	54.3046357615894	chr19:46689986-46690226	1.774390243902439	0.8273233382902002
Med4	1	470	470.0	1	91.91374663072776	chr14:73509812-73510282	1	420	420.0	122	52.56064690026954	chr14:73509716-73510136	1.7487179487179487	0.8062976152745618
Hdgfrp3	1	467	467.0	24	38.06030969845151	chr7:81934263-81934730	1	268	268.0	24	21.84189079054605	chr7:81934362-81934630	1.742537313432836	0.8011895492518896
Pxdc1	1	787	787.0	80	62.5099285146942	chr13:34652367-34653154	1	456	456.0	31	36.21922160444797	chr13:34652483-34652939	1.7258771929824566	0.787329811342745
Gng3	1	377	377.0	1679	99.71671388101984	chr19:8837378-8837755	1	204	204.0	1754	57.79036827195468	chr19:8837389-8837593	1.7254901960784315	0.7870062766658017
Bscl2	1	377	377.0	100	99.71671388101984	chr19:8837378-8837755	1	204	204.0	25	57.79036827195468	chr19:8837389-8837593	1.7254901960784315	0.7870062766658017
Prkrip1	1	528	528.0	55	52.1891418563923	chr5:136198753-136199281	1	405	405.0	116	30.64798598949212	chr5:136198876-136199281	1.7028571428571428	0.7679574086298327
Ccdc17	1	391	391.0	941	73.25581395348837	chr4:116597399-116597790	1	306	306.0	1003	43.02325581395349	chr4:116597503-116597809	1.7027027027027026	0.7678265578709667
Cdh13	1	735	735.0	217	72.27138643067846	chr8:118283582-118284317	1	432	432.0	55	42.47787610619469	chr8:118283571-118284003	1.7013888888888886	0.7667129375602579
A330017A19Rik	1	410	410.0	719	76.35009310986965	chr17:46889480-46889890	1	241	241.0	795	44.878957169459966	chr17:46889489-46889730	1.7012448132780082	0.7665907632754844
Tbcc	1	410	410.0	935	76.35009310986965	chr17:46889480-46889890	1	241	241.0	1011	44.878957169459966	chr17:46889489-46889730	1.7012448132780082	0.7665907632754844
Tmem50a	1	297	297.0	30	59.21375921375921	chr4:134914845-134915142	1	245	245.0	43	34.88943488943489	chr4:134914944-134915189	1.6971830985915493	0.7631422167252795
Mmp16	1	481	481.0	362	71.9298245614035	chr4:17853014-17853495	1	642	642.0	215	42.54385964912281	chr4:17852786-17853428	1.690721649484536	0.757639162430956
Gm10778	1	436	436.0	22	62.42937853107344	chr10:81648818-81649254	1	354	354.0	71	37.005649717514125	chr10:81648810-81649164	1.6870229007633586	0.7544795578539811
Msl3	1	1067	1067.0	26	97.4757281553398	chrX:168673390-168674457	1	596	596.0	67	57.86407766990291	chrX:168673532-168674128	1.6845637583892616	0.7523750334886103
Fam221b	1	535	535.0	105	100.0	chr4:43668982-43669517	1	298	298.0	333	59.54198473282442	chr4:43669328-43669626	1.6794871794871797	0.7480207826752021
Tmem8b	1	535	535.0	279	100.0	chr4:43668982-43669517	1	298	298.0	507	59.54198473282442	chr4:43669328-43669626	1.6794871794871797	0.7480207826752021
Nipa2	1	583	583.0	18	70.05253940455341	chr7:55962166-55962749	1	387	387.0	44	42.03152364273205	chr7:55962326-55962713	1.6666666666666667	0.7369655941662062
Taf1b	1	488	488.0	9	95.86206896551724	chr12:24498345-24498833	1	269	269.0	7	57.58620689655173	chr12:24498453-24498722	1.6646706586826345	0.735236780249455
Cnpy2	1	530	530.0	28	77.88018433179722	chr10:128322221-128322751	1	427	427.0	55	47.00460829493088	chr10:128322190-128322617	1.6568627450980387	0.7284540943106883
Gadd45g	1	467	467.0	1499	100.0	chr13:51847943-51848410	2	1442	721.0	113	60.47961630695444	chr13:51847567-51848572,chr13:51846346-51846783	1.6534496431403647	0.7254791080038061
Igf2r	1	431	431.0	1	45.32071503680336	chr17:12769449-12769880	1	262	262.0	108	27.549947423764458	chr17:12769640-12769902	1.645038167938931	0.7181210575516476
Kif3c	1	467	467.0	4	78.86435331230284	chr12:3364894-3365361	1	436	436.0	86	47.94952681388013	chr12:3364827-3365263	1.644736842105263	0.7178567712185014
Prdm15	1	1113	1113.0	459	100.0	chr16:97850834-97851947	1	502	502.0	472	60.90425531914894	chr16:97851126-97851628	1.6419213973799127	0.7153850635806935
Chchd10	1	336	336.0	267	34.71698113207547	chr10:75935671-75936007	1	227	227.0	250	21.32075471698113	chr10:75935709-75935936	1.6283185840707963	0.703382993641825
Mars2	1	396	396.0	33	47.65342960288809	chr1:55237011-55237407	1	244	244.0	61	29.36221419975932	chr1:55237115-55237359	1.6229508196721316	0.6986192825167238
Cog4	1	456	456.0	370	68.13559322033899	chr8:110846741-110847197	1	411	411.0	315	42.03389830508474	chr8:110846709-110847120	1.6209677419354842	0.6968553807920537
Sf3b3	1	456	456.0	167	68.13559322033899	chr8:110846741-110847197	1	411	411.0	112	42.03389830508474	chr8:110846709-110847120	1.6209677419354842	0.6968553807920537
Olfm1	1	441	441.0	99	78.98089171974523	chr2:28192870-28193311	1	266	266.0	45	48.83227176220807	chr2:28192903-28193169	1.617391304347826	0.6936687601636562
Rccd1	1	450	450.0	89	84.6441947565543	chr7:80324139-80324589	1	447	447.0	5	52.43445692883895	chr7:80324225-80324672	1.6142857142857143	0.6908959454702213
Radil	1	603	603.0	26	62.28070175438597	chr5:142550822-142551425	1	476	476.0	179	38.59649122807017	chr5:142551038-142551514	1.613636363636364	0.6903155008673851
Dmrta2	1	834	834.0	159	65.00389711613406	chr4:109977476-109978310	1	517	517.0	209	40.29618082618862	chr4:109977585-109978102	1.6131528046421664	0.689883103129729
Diaph2	1	344	344.0	4	42.28274967574578	chrX:129749573-129749917	1	266	266.0	80	26.32944228274968	chrX:129749528-129749794	1.6059113300492605	0.6833922370459007
Tulp4	1	1174	1174.0	300	94.4378698224852	chr17:6106149-6107323	1	694	694.0	241	59.05325443786982	chr17:6106330-6107024	1.5991983967935872	0.6773489308850853
Rasip1	1	310	310.0	1412	46.757164404223225	chr7:45628744-45629054	1	194	194.0	1489	29.260935143288087	chr7:45628879-45629073	1.5979381443298968	0.6762115630871097
Klf1	1	565	565.0	1293	59.47368421052632	chr8:84902938-84903503	1	354	354.0	1308	37.26315789473684	chr8:84903058-84903412	1.596045197740113	0.6745015072195527
Hacd3	1	434	434.0	4	42.53632760898283	chr9:65021495-65021929	1	416	416.0	107	26.68428005284016	chr9:65021615-65022031	1.5940594059405941	0.6727053953628224
Pigs	1	408	408.0	12	58.12619502868069	chr11:78328198-78328606	1	563	563.0	203	36.52007648183556	chr11:78327930-78328493	1.591623036649215	0.6704986854078372
Fam81a	1	411	411.0	971	51.038575667655785	chr9:70141383-70141794	1	217	217.0	1011	32.195845697329375	chr9:70141440-70141657	1.5852534562211982	0.6647135222576186
Laptm4b	1	389	389.0	177	48.971193415637856	chr15:34238008-34238397	1	326	326.0	78	31.00137174211248	chr15:34237940-34238266	1.5796460176991152	0.6596013016139122
Hsbp1	1	558	558.0	135	69.49685534591194	chr8:119344123-119344681	1	379	379.0	127	44.0251572327044	chr8:119344221-119344600	1.5785714285714283	0.6586195424464649
Btbd1	1	710	710.0	73	55.84795321637427	chr7:81829148-81829858	1	569	569.0	212	35.38011695906433	chr7:81829358-81829927	1.5785123966942147	0.6585655907611541
Mrps15	1	373	373.0	72	90.84745762711864	chr4:126046810-126047183	1	382	382.0	30	57.6271186440678	chr4:126046703-126047085	1.576470588235294	0.6566982543200706
Gm12216	1	349	349.0	48	88.57868020304569	chr11:53859033-53859382	1	347	347.0	114	56.34517766497462	chr11:53859196-53859543	1.5720720720720722	0.6526673598595464
Ubr5	1	490	490.0	657	41.77323103154305	chr15:38077950-38078440	1	372	372.0	139	26.598465473145783	chr15:38078805-38079177	1.5705128205128203	0.651235720140322
Akr1b3	1	499	499.0	14	88.30645161290323	chr6:34317214-34317713	1	406	406.0	99	56.25	chr6:34317373-34317779	1.5698924731182797	0.6506657477719859
Plod2	1	569	569.0	51	59.81912144702842	chr9:92541887-92542456	1	295	295.0	15	38.11369509043928	chr9:92542060-92542355	1.5694915254237287	0.6502972390110326
Grip1	1	629	629.0	315	46.42324888226528	chr10:119453404-119454033	2	801	400.5	101	29.619970193740684	chr10:119453404-119453682,chr10:119453873-119454396	1.5672955974842768	0.6482773028522842
Nt5c3b	1	251	251.0	704	41.41414141414141	chr11:100440978-100441229	1	211	211.0	665	26.51515151515152	chr11:100441037-100441248	1.5619047619047617	0.6433064869519609
Klhl10	1	251	251.0	813	41.41414141414141	chr11:100440978-100441229	1	211	211.0	774	26.51515151515152	chr11:100441037-100441248	1.5619047619047617	0.6433064869519609
Cebpb	1	509	509.0	0	31.18872549019608	chr2:167688660-167689169	1	327	327.0	23	20.036764705882355	chr2:167688728-167689055	1.5565749235474007	0.6383750205776129
Tmem189	1	509	509.0	907	31.18872549019608	chr2:167688660-167689169	1	327	327.0	930	20.036764705882355	chr2:167688728-167689055	1.5565749235474007	0.6383750205776129
Borcs8	1	739	739.0	22	91.83673469387756	chr8:70139107-70139846	1	536	536.0	145	59.037900874635575	chr8:70139085-70139621	1.5555555555555556	0.6374299206152918
Rfxank	1	739	739.0	280	91.83673469387756	chr8:70139107-70139846	1	536	536.0	157	59.037900874635575	chr8:70139085-70139621	1.5555555555555556	0.6374299206152918
Polr3b	1	527	527.0	22	100.0	chr10:84622151-84622678	1	442	442.0	140	64.34977578475336	chr10:84622075-84622517	1.554006968641115	0.635992973244617
Cep126	1	483	483.0	59	98.51380042462846	chr9:8134111-8134594	1	299	299.0	65	63.481953290870486	chr9:8134209-8134508	1.5518394648829432	0.6339793209294671
Dctn6	1	661	661.0	318	100.0	chr8:34108147-34108808	1	416	416.0	273	64.48598130841121	chr8:34108314-34108730	1.5507246376811594	0.6329425296229778
Ovca2	1	320	320.0	83	42.46031746031746	chr11:75178757-75179077	1	389	389.0	155	27.380952380952383	chr11:75178795-75179184	1.5507246376811594	0.6329425296229778
Ehd4	1	524	524.0	54	69.68085106382979	chr2:120154289-120154813	1	338	338.0	40	44.9468085106383	chr2:120154476-120154814	1.5502958579881658	0.632543565255266
Hn1l	1	616	616.0	51	89.90228013029315	chr17:24960378-24960994	1	536	536.0	205	58.30618892508144	chr17:24960572-24961108	1.5418994413407816	0.6247086795139121
Pdlim7	1	565	565.0	243	51.06100795755968	chr13:55513150-55513715	1	479	479.0	151	33.15649867374005	chr13:55513285-55513764	1.54	0.6229303509201767
Ankrd39	1	356	356.0	113	36.05263157894737	chr1:36547153-36547509	1	329	329.0	79	23.42105263157895	chr1:36547201-36547530	1.5393258426966292	0.6222986519941289
Rbm26	1	593	593.0	65	50.0587544065805	chr14:105177095-105177688	1	396	396.0	116	32.54994124559342	chr14:105177244-105177640	1.5379061371841154	0.6209674541766498
Pdk4	1	807	807.0	104	100.0	chr6:5496009-5496816	1	781	781.0	189	65.15151515151516	chr6:5496107-5496888	1.5348837209302324	0.6181293646563553
Pld2	1	456	456.0	87	67.42424242424242	chr11:70539922-70540378	1	458	458.0	7	43.93939393939394	chr11:70539827-70540285	1.5344827586206897	0.6177524358388257
Atp5sl	1	537	537.0	13	99.21104536489152	chr7:25619132-25619669	1	376	376.0	81	64.89151873767258	chr7:25619306-25619682	1.5288753799392096	0.6124708160702855
Gpr37	1	508	508.0	711	100.0	chr6:25689763-25690271	1	278	278.0	747	65.72104018912529	chr6:25689842-25690120	1.5215827338129497	0.6055727803964424
Pcdh11x	1	357	357.0	20	30.80684596577017	chrX:120290100-120290457	1	461	461.0	75	20.29339853300733	chrX:120289953-120290414	1.5180722891566267	0.6022404921529919
Sgcd	1	431	431.0	57	56.41361256544503	chr11:47988696-47989127	2	699	349.5	117	37.23821989528796	chr11:47988930-47989241,chr11:47988347-47988735	1.5149384885764499	0.5992592167825161
Fam3a	1	234	234.0	23	33.33333333333333	chrX:74393131-74393365	1	260	260.0	16	22.07792207792208	chrX:74393157-74393417	1.5098039215686272	0.5943611987234055
Ikbkg	1	234	234.0	41	33.33333333333333	chrX:74393131-74393365	1	260	260.0	2	22.07792207792208	chrX:74393157-74393417	1.5098039215686272	0.5943611987234055
Leng1	1	606	606.0	289	96.7741935483871	chr7:3665247-3665853	1	677	677.0	164	64.51612903225806	chr7:3665337-3666014	1.5	0.5849625007211562
Mettl9	1	417	417.0	133	44.457409568261376	chr7:121034369-121034786	1	363	363.0	34	29.75495915985998	chr7:121034297-121034660	1.4941176470588233	0.5792937506344639
Zfp804b	1	373	373.0	76	73.41772151898735	chr5:7344645-7345018	1	435	435.0	222	49.15611814345991	chr5:7344760-7345195	1.4935622317596569	0.5787573511944483
Mpdu1	1	307	307.0	51	100.0	chr11:69662539-69662846	1	358	358.0	105	67.2	chr11:69662357-69662715	1.4880952380952381	0.5734668618833267
Slc25a26	1	439	439.0	5	99.7695852534562	chr6:94500116-94500555	1	291	291.0	71	67.05069124423963	chr6:94500256-94500547	1.487972508591065	0.5733478718184406
Rbm11	1	227	227.0	20	47.64150943396226	chr16:75592750-75592977	1	258	258.0	61	32.075471698113205	chr16:75592653-75592911	1.4852941176470589	0.5707486415014553
Tomm5	1	550	550.0	65	56.21052631578948	chr4:45107773-45108323	1	430	430.0	38	37.89473684210527	chr4:45107860-45108290	1.4833333333333334	0.5688428353578793
Hnrnph2	1	699	699.0	87	60.57818659658344	chrX:134600916-134601615	1	721	721.0	73	40.99868593955322	chrX:134600745-134601466	1.4775641025641026	0.5632207215670897
Gla	1	699	699.0	141	60.57818659658344	chrX:134600916-134601615	1	721	721.0	19	40.99868593955322	chrX:134600745-134601466	1.4775641025641026	0.5632207215670897
Sgpp1	1	578	578.0	41	77.34487734487735	chr12:75735398-75735976	1	609	609.0	147	52.38095238095239	chr12:75735571-75736180	1.4765840220385673	0.5622634524620216
Fam105a	1	647	647.0	61	84.7457627118644	chr15:27681279-27681926	1	339	339.0	43	57.45762711864407	chr15:27681415-27681754	1.4749262536873156	0.5606428215257431
Rpl24	1	453	453.0	182	92.85714285714286	chr16:55966230-55966683	1	419	419.0	107	62.98701298701299	chr16:55966172-55966591	1.4742268041237114	0.5599584945912619
Rpl39	1	462	462.0	6	66.40316205533597	chrX:37085176-37085638	1	339	339.0	2	45.059288537549406	chrX:37085230-37085569	1.473684210526316	0.5594274086140187
Tbc1d13	1	406	406.0	48	88.42105263157895	chr2:30133590-30133996	1	345	345.0	30	60.0	chr2:30133543-30133888	1.4736842105263157	0.5594274086140185
Dgkq	1	522	522.0	443	100.0	chr5:108668967-108669489	1	421	421.0	494	68.0	chr5:108668967-108669388	1.4705882352941178	0.5563933485243854
Psmc1	1	359	359.0	11	62.75992438563327	chr12:100110017-100110376	1	262	262.0	46	42.72211720226844	chr12:100110008-100110270	1.469026548672566	0.5548604689317367
Ece2	1	370	370.0	25	77.56813417190776	chr16:20611432-20611802	1	252	252.0	44	52.83018867924528	chr16:20611510-20611762	1.4682539682539684	0.5541015370163958
Alg3	1	370	370.0	850	77.56813417190776	chr16:20611432-20611802	1	252	252.0	869	52.83018867924528	chr16:20611510-20611762	1.4682539682539684	0.5541015370163958
Slc25a16	1	622	622.0	28	90.4	chr10:62920349-62920971	1	436	436.0	23	61.6	chr10:62920391-62920827	1.4675324675324677	0.5533924217202866
Eif4h	1	548	548.0	75	31.72338090010977	chr5:134639140-134639688	1	433	433.0	41	21.62458836443469	chr5:134639232-134639665	1.4670050761421318	0.5528738630443024
Oat	1	410	410.0	29	55.14950166112956	chr7:132576163-132576573	2	853	426.5	72	37.62458471760797	chr7:132575710-132576078,chr7:132576227-132576712	1.465783664459161	0.5516721913006897
Ulk2	1	428	428.0	64	32.52279635258359	chr11:61854922-61855350	1	292	292.0	102	22.18844984802432	chr11:61855028-61855320	1.465753424657534	0.5516424275211296
Pars2	1	454	454.0	5	97.03504043126684	chr4:106650836-106651290	1	334	334.0	59	66.30727762803235	chr4:106650842-106651176	1.4634146341463412	0.5493385909904346
Polr2f	1	358	358.0	128	56.91573926868044	chr15:79141043-79141401	1	245	245.0	238	38.950715421303656	chr15:79140990-79141235	1.4612244897959183	0.5471778382616859
1700088E04Rik	1	358	358.0	30	56.91573926868044	chr15:79141043-79141401	1	245	245.0	140	38.950715421303656	chr15:79140990-79141235	1.4612244897959183	0.5471778382616859
Rrm1	1	314	314.0	59	60.81632653061224	chr7:102441596-102441910	1	289	289.0	23	41.63265306122449	chr7:102441527-102441816	1.4607843137254901	0.5467431784906659
Frem2	1	660	660.0	172	66.85393258426966	chr3:53656852-53657512	1	626	626.0	39	45.78651685393258	chr3:53657002-53657628	1.460122699386503	0.546089609076866
Junb	1	627	627.0	1298	32.916666666666664	chr8:84979702-84980329	2	800	400.0	1217	22.67031630170316	chr8:84979563-84980306,chr8:84976140-84976774	1.4519720955191844	0.5380137274087798
Plekhg1	1	303	303.0	8	34.417344173441734	chr10:3740220-3740523	1	415	415.0	127	23.71273712737128	chr10:3740029-3740444	1.451428571428571	0.5374735749398367
Stxbp1	2	785	392.5	89	68.99020078030824	chr2:32847102-32847564,chr2:32846295-32846618	1	417	417.0	180	47.56380510440835	chr2:32847216-32847633	1.4504769042103831	0.5365273238389636
Rnf20	1	594	594.0	105	56.67752442996743	chr4:49631603-49632197	1	517	517.0	175	39.08794788273616	chr4:49631572-49632089	1.45	0.5360529002402097
Ak3	1	436	436.0	5	58.82352941176471	chr19:29047737-29048173	1	414	414.0	80	40.60721062618596	chr19:29047833-29048247	1.4485981308411215	0.5346574188730906
Smc1a	1	410	410.0	95	39.69986357435198	chrX:152016127-152016537	1	325	325.0	143	27.42155525238745	chrX:152016122-152016447	1.4477611940298507	0.5338236517293552
Ribc1	1	410	410.0	38	39.69986357435198	chrX:152016127-152016537	1	325	325.0	10	27.42155525238745	chrX:152016122-152016447	1.4477611940298507	0.5338236517293552
Acsl4	1	442	442.0	105	62.3229461756374	chrX:142390418-142390860	1	304	304.0	130	43.05949008498583	chrX:142390512-142390816	1.4473684210526319	0.5334322000810744
Arl1	1	222	222.0	184	40.515653775322285	chr10:88730930-88731152	1	440	440.0	361	27.9926335174954	chr10:88730998-88731438	1.4473684210526314	0.533432200081074
Hist2h4	1	499	499.0	57	92.4187725631769	chr3:96263004-96263503	1	505	505.0	25	63.898916967509024	chr3:96263083-96263588	1.4463276836158194	0.5323944499170028
Etaa1	2	694	347.0	34	43.17528735632184	chr11:17953261-17953672,chr11:17953767-17954050	1	320	320.0	62	29.88505747126437	chr11:17953776-17954096	1.4447115384615383	0.5307814625700931
Rnf103	1	656	656.0	109	63.88583973655324	chr6:71493674-71494330	1	586	586.0	35	44.2371020856202	chr6:71493565-71494151	1.444168734491315	0.5302393143803164
Zfp236	1	517	517.0	483	84.68468468468468	chr18:82692141-82692658	1	694	694.0	191	58.75	chr18:82692344-82693038	1.4414414414414414	0.5275122285372563
Aprt	1	390	390.0	56	65.76402321083172	chr8:122576655-122577045	1	401	401.0	53	45.64796905222437	chr8:122576759-122577160	1.440677966101695	0.5267478867758606
Klf7	1	505	505.0	492	81.09640831758034	chr1:64121537-64122042	1	525	525.0	633	56.33270321361059	chr1:64121386-64121911	1.4395973154362414	0.5256653170373837
Ciart	1	899	899.0	167	86.94390715667312	chr3:95881968-95882867	1	625	625.0	100	60.44487427466151	chr3:95882038-95882663	1.4384000000000001	0.524464925964998
Lrba	1	698	698.0	698	72.53164556962025	chr3:86223632-86224330	1	399	399.0	533	50.50632911392405	chr3:86223947-86224346	1.4360902255639096	0.522146392534559
Kif20a	1	562	562.0	97	31.88405797101449	chr18:34624439-34625001	1	441	441.0	96	22.22222222222222	chr18:34624499-34624940	1.434782608695652	0.5208321633014406
Brd8	1	562	562.0	120	31.88405797101449	chr18:34624439-34625001	1	441	441.0	119	22.22222222222222	chr18:34624499-34624940	1.434782608695652	0.5208321633014406
Lpar1	1	412	412.0	511	57.14285714285714	chr4:58553180-58553592	1	384	384.0	442	39.95859213250517	chr4:58553263-58553647	1.4300518134715028	0.5160674195100888
Naprt	1	279	279.0	202	53.84615384615385	chr15:75894139-75894418	1	485	485.0	32	37.74038461538461	chr15:75894206-75894691	1.426751592356688	0.5127341731659772
Pbx4	1	507	507.0	36	69.05444126074498	chr8:69832273-69832780	1	485	485.0	25	48.42406876790831	chr8:69832223-69832708	1.4260355029585798	0.5120098999477772
Gfpt1	1	574	574.0	255	69.57575757575758	chr6:87042303-87042877	1	403	403.0	203	48.84848484848485	chr6:87042441-87042844	1.4243176178660049	0.5102708981477203
Keap1	1	762	762.0	322	87.58620689655172	chr9:21238628-21239390	1	535	535.0	455	61.49425287356321	chr9:21238609-21239144	1.4242990654205607	0.5102521062048126
Esco2	1	256	256.0	74	31.490384615384613	chr14:65833939-65834195	1	190	190.0	80	22.115384615384613	chr14:65833978-65834168	1.423913043478261	0.5098610454804375
Znhit6	1	391	391.0	44	98.68421052631578	chr3:145576053-145576444	1	403	403.0	51	69.4078947368421	chr3:145575952-145576355	1.4218009478672986	0.5077195017886957
Heatr6	1	534	534.0	156	100.0	chr11:83753584-83754118	1	472	472.0	13	70.50147492625368	chr11:83753446-83753918	1.4184100418410044	0.5042746551555956
Tufm	1	572	572.0	0	95.74468085106383	chr7:126487074-126487646	1	516	516.0	118	67.50483558994198	chr7:126486984-126487500	1.4183381088825215	0.5042014887573198
Bmyc	1	317	317.0	52	38.969616908850725	chr2:25706632-25706949	1	208	208.0	58	27.476882430647294	chr2:25706692-25706900	1.4182692307692306	0.5041314261081113
Hlcs	1	1313	1313.0	283	100.0	chr16:94312623-94313936	1	964	964.0	418	70.57692307692308	chr16:94312662-94313626	1.416893732970027	0.5027315601852416
Whsc1l1	1	500	500.0	467	40.68348250610253	chr8:25601817-25602317	2	980	490.0	108	28.72253864930838	chr8:25601203-25601781,chr8:25601912-25602314	1.4164305949008502	0.5022599113909072
