category,gene,chromosome,start,end,bm3_signal,avg_bg_signal,fold_change,is_higher_than_bg
up,Reln,chr5,22344053,22345377,700.2356201171875,4.621528886159261,151.51601068951035,True
up,Cux1,chr5,136623234,136623482,888.2990093994141,13.21326012547811,67.22784543434331,True
up,Arhgap6,chrX,168796216,168796680,1147.7189510498047,20.348019983927408,56.40445369900218,True
up,Wnk2,chr13,49146510,49148166,1034.3495064697265,21.351015059153237,48.44498041915333,True
up,Lhx2,chr2,38339362,38339891,560.1895565795899,11.575906639099122,48.39271549473949,True
up,Bcor,chrX,12127757,12128822,502.1687971801758,10.672552461942038,47.05236155745242,True
up,Scube3,chr17,28141588,28142823,250.08412170410156,5.370172394116719,46.569104928192004,True
up,Mtcl1,chr17,66448436,66449896,1103.7051617431641,24.130559691111245,45.73889606670524,True
up,Sdk2,chr11,114064913,114065327,700.2352093505859,15.471028165817259,45.26106486560041,True
up,Srsf12,chr4,33209289,33209766,536.8488739013671,13.06402239672343,41.09368903378591,True
up,Gulp1,chr1,44551578,44552491,926.9794696044922,23.200938893636067,39.95439468437888,True
up,Sdk2,chr11,114065969,114067286,683.5654782104492,17.373740683873493,39.34474967989724,True
up,Sema6d,chr2,124090511,124090722,779.5980244750976,20.067090853373212,38.84957865449888,True
up,Notch1,chr2,26502389,26503993,1324.945423095703,34.84521030584971,38.02374591704717,True
up,Csmd1,chr8,17534717,17535731,340.78130169677735,9.052119959513346,37.64657375520443,True
up,Igsf9b,chr9,27299011,27300603,770.5938810424805,21.67511147054036,35.552014673134664,True
up,Abr,chr11,76622237,76623850,547.1846720581054,16.000586602210998,34.19778822249518,True
up,Cdh22,chr2,165215278,165215521,1405.4749904785156,41.320540658632915,34.013954514529715,True
up,Klhl29,chr12,5373700,5376059,544.850341217041,16.440520544052124,33.140698906529316,True
up,Mcoln1,chr8,3500174,3500966,756.9206988525391,23.19386535008748,32.63452156109392,True
up,Iqsec1,chr6,90736183,90737219,638.2155872497559,19.612705117543538,32.54092606934027,True
up,Sema6d,chr2,124089901,124090365,440.1491690063477,13.583547088305155,32.403109890589405,True
up,Slitrk5,chr14,111675225,111676142,393.8005003051758,12.465728088696798,31.590653791193418,True
up,Piezo1,chr8,122550733,122551714,1123.7110263061522,36.08857233810425,31.137586041875032,True
up,Syn2,chr6,115134842,115135537,902.9716710205078,30.13730259958903,29.961927350220826,True
up,Strn4,chr7,16816158,16816693,556.854408569336,18.7980362145106,29.623009670525498,True
up,Ntng2,chr2,29194638,29195063,708.5721899414062,24.876751696268716,28.483308375332843,True
up,Ptprs,chr17,56473926,56474601,403.4690548706055,14.243150864283244,28.32723311822543,True
up,Iqsec1,chr6,90987727,90988765,539.5152850952148,19.43850169499715,27.754983051706546,True
up,Klc2,chr19,5117398,5118509,973.6609936523438,35.11137963517507,27.73063900562075,True
up,Prob1,chr18,35652355,35655329,386.79677490234377,14.484725526809692,26.703769718412953,True
up,9930014A18Rik,chr15,60822970,60825075,505.50446484375,20.38870523262024,24.793357845744158,True
up,6330403K07Rik,chr11,71033181,71033484,913.6424792480469,37.24413028526306,24.53118041018027,True
up,Metrn,chr17,25796281,25797210,1028.6798455810547,41.97196125984192,24.50873904158676,True
up,Slc31a2,chr4,62286291,62286719,637.7155755615235,26.06137809912364,24.46975647780375,True
up,Igfbp3,chr11,7213334,7214110,764.9231657714844,32.16903264109293,23.778245815025425,True
up,Smpd4,chr16,17619309,17619682,358.45396545410154,15.117340423266093,23.711443641397985,True
up,Plekha7,chr7,116307331,116308407,739.5832591552735,31.73044762865702,23.308314708025947,True
up,Lonrf2,chr1,38835801,38836776,560.1890341186523,24.22402764574687,23.12534654892567,True
up,Lhfpl2,chr13,94174104,94174682,880.6297247314453,38.66421682103475,22.77634973980258,True
up,Ogdhl,chr14,32321923,32322148,493.5001971435547,21.761887488365176,22.67726994762751,True
up,Grin3a,chr4,49844690,49845920,528.5117436218262,23.412128324508668,22.5742716038576,True
up,Vwc2,chr11,11115678,11116517,716.9071585083008,32.11595941193898,22.32245810604037,True
up,E030030I06Rik,chr10,22148532,22151691,356.78701751708985,16.176484826405844,22.055905306119723,True
up,Ptprg,chr14,11553365,11554460,858.2882573242188,39.486331840515135,21.736338052134993,True
up,Fat4,chr3,38885050,38888327,612.8726642456055,28.331871242523192,21.6319161907579,True
up,Arhgef4,chr1,34678070,34678419,956.3228526611329,44.8377826868693,21.328504563656555,True
up,Slc29a3,chr10,60752587,60752945,1182.3989865722656,56.679597801844274,20.86110403792936,True
up,Pknox2,chr9,37146458,37146914,1091.7006953125,52.98874242210388,20.6025024450685,True
up,Gmpr,chr13,45507386,45507769,1177.0641882324219,57.56760240936279,20.44664253797348,True
up,Cd81,chr7,143052674,143053288,1411.641140991211,70.32639208475749,20.07270811347607,True
up,Sympk,chr7,19024146,19024466,796.9348767089843,40.796324075698855,19.53447754827731,True
up,Dbn1,chr13,55487321,55488154,740.9155557861328,38.51213116137186,19.23849793410758,True
up,Pfkp,chr13,6648513,6648846,698.5700717773437,36.311858281135564,19.238070009219523,True
up,Slc22a15,chr3,101924084,101924625,380.1281658935547,19.884295854568478,19.117004125957976,True
up,Fam20c,chr5,138754435,138756097,668.2252430419921,35.296142775217696,18.93196226277648,True
up,Tmem151b,chr17,45544794,45545946,213.4051171875,11.29782745997111,18.889040210926154,True
up,Fgfr2,chr7,130264991,130266512,533.1802008666992,28.315920070648193,18.82969719989374,True
up,Nhs,chrX,162158816,162160029,282.7618487548828,15.661688997268676,18.054364941367123,True
up,Foxp4,chr17,47925048,47925253,666.8904443359374,37.128006022771196,17.961924589403562,True
up,Ppfia3,chr7,45366577,45367777,1869.9620388183594,106.12019067064921,17.6211711173975,True
up,Bhlhe41,chr6,145862743,145863901,464.8237734375,26.870484557469684,17.298674776160087,True
up,Tspan17,chr13,54789073,54790023,1139.7171940307617,66.30442639605205,17.18915698362219,True
up,Stim1,chr7,102267202,102268333,515.0075836181641,30.127038131713864,17.09453087842812,True
up,Adamts14,chr10,61273127,61273655,667.392524597168,39.07736854044597,17.078747866719876,True
up,Foxp4,chr17,47974183,47974437,453.48643463134766,26.556115341186523,17.076535058123678,True
up,Espn,chr4,152138441,152138880,566.8579943847657,33.25831515947977,17.044098345528834,True
up,Gse1,chr8,120449898,120450261,497.16884060668946,29.278956477801007,16.980415302151822,True
up,Ece1,chr4,137913447,137913936,410.1394110107422,24.547138032277427,16.708237452017553,True
up,Plxna1,chr6,89361672,89363166,296.100515045166,17.771908414204916,16.661154679848323,True
up,Plekha6,chr1,133163776,133164521,296.7673590087891,17.86610304069519,16.610637380340638,True
up,Ccdc120,chrX,7750510,7751053,173.39192749023437,10.46683527469635,16.56584086208088,True
up,Lrrn2,chr1,132880310,132880946,741.5828450927735,44.815615465799965,16.54742074575983,True
up,Slc2a13,chr15,91572409,91573287,936.9830755615235,56.86330251757304,16.477816695081298,True
up,Kmt2b,chr7,30588280,30588541,526.8440872192383,32.09130123138428,16.41703723450146,True
up,Pcdh19,chrX,133688630,133689081,965.3252279663086,59.33862328370412,16.268075909867143,True
up,Gan,chr8,117157620,117158649,594.8684001464844,36.904393073399866,16.11917581094855,True
up,Vwc2,chr11,11113908,11114582,584.362919921875,36.60410843213399,15.96440795724654,True
up,Notch3,chr17,32162206,32162803,316.7730685424805,19.9776710879008,15.856356186298898,True
up,Tns3,chr11,8624300,8624839,478.8270305175781,30.398240785598755,15.751800701059768,True
up,Clstn2,chr9,98032720,98033588,229.4105009765625,14.672625029881795,15.635273204989051,True
up,Kcng1,chr2,168280659,168281123,306.1031102294922,19.735191982905068,15.510521027342602,True
up,Ccne1,chr7,38106954,38108064,993.1682052612305,64.1963341849645,15.47079312036234,True
up,Pcdh17,chr14,84443319,84443642,538.5148788452149,34.95179513295491,15.407359673422516,True
up,Brsk2,chr7,141950083,141950681,190.06422821044922,12.430214480717979,15.290502710575188,True
up,Hykk,chr9,54917237,54917459,1078.6972247314452,70.70718842569987,15.255835350672383,True
up,Auts2,chr5,132541593,132544113,278.7606885375977,18.3207592792511,15.21556417442283,True
up,Ptprs,chr17,56475692,56476627,505.83691818237304,33.39338043562571,15.147820064443707,True
up,Lhfpl2,chr13,94057450,94058115,688.23180078125,45.99033020019531,14.964706663017767,True
up,Gfra1,chr19,58454353,58455912,364.78911071777344,24.50451743634542,14.886606588575928,True
up,Pvt1,chr15,62037917,62038184,646.8860739135743,43.48097172101339,14.87745209707327,True
up,Glis3,chr19,28679626,28680390,846.6198982543946,57.02450779978434,14.846597207413273,True
up,Cdh2,chr18,16808083,16809635,587.1986405944824,40.69139073975881,14.43053751467731,True
up,S100a10,chr3,93555092,93555367,727.2462398986817,50.618182408332835,14.367292646583877,True
up,Speg,chr1,75387985,75389104,226.7431964111328,16.059164997736612,14.119239477462877,True
up,Kirrel3,chr9,34486091,34486336,216.7396435546875,15.401586080869038,14.072553464081793,True
up,Spaca6,chr17,17838089,17838395,1106.3725095214843,78.83650581423441,14.033758829043917,True
up,Lamc1,chr1,153332003,153333079,985.6655882568359,70.73016909027099,13.935575171591315,True
up,Mgat5b,chr11,116918621,116919457,186.729560546875,13.468358272234598,13.864314920388129,True
up,Shb,chr4,45529581,45531015,338.1149290771484,24.5853794670105,13.752682952518287,True
up,Mdga2,chr12,67220630,67222891,660.2228997802735,48.49483474731445,13.614293217420137,True
up,Mtmr4,chr11,87591597,87592378,2676.0687341308594,199.359961848259,13.423300793805954,True
up,Fnbp1,chr2,31140950,31142428,386.6301876220703,28.932248960177102,13.363295337124862,True
up,Dennd1a,chr2,38286852,38287493,759.2566530761719,57.69879577064514,13.158968795366984,True
up,Hivep3,chr4,119733555,119734333,847.6174989013672,64.82773619588217,13.07492053000622,True
up,Adamts8,chr9,30942520,30943344,348.11761895751954,26.77187064997355,13.003111493737308,True
up,Natd1,chr11,60913451,60913949,533.5124658203125,41.0297146542867,13.003075217940182,True
up,Cask,chrX,13845930,13847105,726.9128289794921,55.958954780896505,12.990107335379477,True
up,Ttc28,chr5,111223315,111223544,493.1676074523926,38.010368272463474,12.974554835072903,True
up,Sdc3,chr4,130861695,130861922,639.5480826416016,49.609670658747355,12.891601055787984,True
up,Pknox2,chr9,37145602,37145827,515.5067911987305,40.079983559926355,12.86195116392602,True
up,Lrch1,chr14,74946850,74947938,313.43876586914064,24.370384488423667,12.861461665409061,True
up,Tshz3,chr7,36695312,36698700,365.45648315429685,28.623694427490232,12.76762103788084,True
up,Fat1,chr8,44934783,44935480,587.1988665161133,46.180219685236615,12.715376204757105,True
up,Tnfrsf21,chr17,43016494,43017660,440.14876220703127,34.630695672671,12.70978690024922,True
up,Tent5c,chr3,100488362,100489724,505.6708122558594,40.62936938794454,12.445942919456213,True
up,Jcad,chr18,4634916,4635554,384.2966976928711,30.884781764348347,12.442914462697663,True
up,Ccdc157,chr11,4160219,4160617,482.16389294433594,38.8589596341451,12.408049455875341,True
up,Herc2,chr7,56049966,56050397,1167.0591995239258,94.83746190802258,12.305888159003977,True
up,Smad3,chr9,63757114,63758550,847.619071899414,69.39673938115438,12.214105150444524,True
up,Abr,chr11,76494492,76495221,880.9644622192383,72.9517897122701,12.075981489883377,True
up,Thsd7a,chr6,12748826,12749436,464.8224509887695,39.184248144149784,11.862482323988845,True
up,Pik3r4,chr9,105642886,105643330,292.09825415039063,24.7243823928833,11.814177984662969,True
up,Pde1c,chr6,56652156,56652438,100.03380432128907,8.469369592666625,11.811245598244449,True
up,Fbxo25,chr8,13907675,13908105,405.13770263671876,34.3892821820577,11.780929316637373,True
up,Bptf,chr11,107131627,107132223,251.75142959594726,21.397360843022664,11.765536481011365,True
up,Foxo6,chr4,120286819,120288121,343.44915954589845,29.381864970525104,11.68915451386204,True
up,Fbxl17,chr17,63498949,63499180,418.14090075683595,35.8344687722524,11.668678651673323,True
up,Zfand3,chr17,30004196,30005089,678.2285500488281,58.26759825325012,11.639891987670815,True
up,Efr3b,chr12,4038394,4039169,410.1384310913086,35.38939863109589,11.589302077908975,True
up,Nkain3,chr4,20778001,20778605,848.9528369750976,73.32644665527344,11.577716849777872,True
up,Rgs17,chr10,5921701,5922556,219.40764288330078,19.048981380462646,11.518077449975017,True
up,Bcl9l,chr9,44482651,44483484,479.1618016052246,41.78529954942068,11.467233854300988,True
up,Gpc1,chr1,92831686,92832865,366.79107788085935,32.21662354310354,11.385149576277573,True
up,Stk36,chr1,74601094,74601459,346.7833154296875,30.536172861735025,11.35647603908618,True
up,Arhgef4,chr1,34801701,34802059,150.05047821044923,13.235575319925942,11.33690637418312,True
up,Sec22c,chr9,121704737,121705299,793.6006677246094,70.2501251265208,11.296786536612297,True
up,Dock5,chr14,67933026,67933976,339.44765979003904,30.276426054318748,11.211615901462018,True
up,Asap3,chr4,136206183,136206663,716.9088327026367,64.23466405391693,11.160778113525772,True
up,Mta1,chr12,113098723,113099001,140.0473260498047,12.551375202178955,11.157926824264809,True
up,Mlkl,chr8,111337878,111338111,300.1009460449219,27.000672664006554,11.114572950805544,True
up,Triobp,chr15,78982709,78983320,842.9508127441406,76.11517213122049,11.074675247280744,True
up,Slc12a5,chr2,164997528,164998294,226.40960513305663,20.598374000549317,10.991625121818778,True
up,Myo16,chr8,10153863,10154340,766.5916163635254,70.63610071436564,10.852688761281236,True
up,Nrp1,chr8,128359376,128359802,576.8623645019532,53.387807937622064,10.805132984219076,True
up,Tcp11l1,chr2,104711648,104712465,264.08976708984375,24.54213287035624,10.760668947760054,True
up,Man2b1,chr8,85083242,85083513,212.40511117553712,19.932521138827006,10.656209001167866,True
up,Gnaz,chr10,74966903,74967475,595.5342763977051,56.24352985509237,10.58849396423124,True
up,Tgfb2,chr1,186705139,186705716,407.13817852783205,38.52823866780599,10.56726683091368,True
up,Rbm38,chr2,173021656,173022437,186.72976806640625,17.675143629074096,10.564540350283309,True
up,Fras1,chr5,96374035,96374857,254.08636682128906,24.228009627660118,10.48729840899556,True
up,Slc27a3,chr3,90389127,90390045,282.0952182006836,27.338215224583944,10.31871378154229,True
up,Ube2o,chr11,116580701,116581652,250.08415802001954,24.25794111442566,10.309372788084643,True
up,Nrxn1,chr17,90454975,90455799,425.4772720947266,41.55986672465006,10.237695777844417,True
up,Akap17b,chrX,36644909,36645291,386.79752258300783,37.98396056493124,10.183180395888453,True
up,Snap91,chr9,86879502,86880861,426.1434678955078,41.934788983980816,10.162051085038142,True
up,Gabrb3,chr7,57590812,57592071,293.0986731262207,29.04114068667094,10.092533082240282,True
up,Ptprs,chr17,56461764,56462513,1382.131803894043,137.2291080385844,10.071710176134294,True
up,Mtmr9,chr14,63543406,63544048,265.08935302734375,26.40254506397247,10.04029544822445,True
up,Slco3a1,chr7,74554189,74555056,400.1347607421875,39.98954770024617,10.005983657067578,True
up,Scn3b,chr9,40269285,40269653,467.4917902526855,46.81880916595458,9.985127742049308,True
up,H13,chr2,152669387,152669832,374.2926921386719,37.601216804822286,9.954270737607342,True
up,Rai1,chr11,60175701,60177316,266.089693359375,26.785954676310222,9.933926065913473,True
up,Nuak2,chr1,132315898,132316555,330.778158203125,33.48991629854838,9.876947892445541,True
up,Nbl1,chr4,139092483,139093242,185.39569555664062,18.818840238571166,9.851600481556398,True
up,Ddit4l,chr3,137623639,137623919,363.1223683166504,36.87506388982137,9.847369197830275,True
up,Sema6d,chr2,124609840,124610930,750.252917175293,76.44848145008088,9.81383675573976,True
up,Fbxl16,chr17,25813481,25813760,246.74966674804688,25.241836398442587,9.7754245314446,True
up,Ppfia3,chr7,45361497,45361830,608.5389758300781,62.28185644467672,9.770726349023118,True
up,Carmil1,chr13,24280420,24281398,426.14310900878905,43.618184992790226,9.769849641364662,True
up,Trpm4,chr7,45333339,45333852,350.1177703857422,35.8945760345459,9.754057828926005,True
up,Hs3st3a1,chr11,64435072,64436635,316.7741302490234,32.489768266995746,9.749965824496623,True
up,Ccnd3,chr17,47594793,47595003,250.08412689208984,25.657968026479086,9.74684069424369,True
up,Rb1,chr14,73325169,73326460,360.7886611328125,37.019803228378294,9.745828709760469,True
up,Ctsa,chr2,164832787,164833426,377.461290222168,38.73823533503215,9.743894809808706,True
up,Cacna1a,chr8,84639334,84639944,476.82797973632813,48.9522523358663,9.740674983957096,True
up,Rai1,chr11,60139740,60140546,388.1315938720703,39.850359288215635,9.739726336340631,True
up,Nrp1,chr8,128356984,128357547,350.11777557373046,36.22540206273397,9.664979700360755,True
up,Kdm5b,chr1,134556778,134557124,854.2870816955566,89.0681738541921,9.59138427036863,True
up,Kdm5b,chr1,134556259,134556601,640.2150741577149,66.9986377175649,9.555643158843973,True
up,Plcl1,chr1,55405582,55406648,645.217272644043,67.813712310791,9.514554662440613,True
up,Ccdc122,chr14,77036339,77036901,270.0912509155273,28.47556592941284,9.485017842491622,True
up,Lrrc7,chr3,158561302,158562304,178.06013330078125,18.869197635014853,9.436550336955602,True
up,Espn,chr4,152130681,152132303,416.8075457763672,44.42049335988363,9.383226395067195,True
up,Mink1,chr11,70562702,70563196,335.44635342407224,35.941289227803544,9.33317531538565,True
up,Tsc22d3,chrX,140598209,140600575,124.04191735839844,13.408934151967367,9.25069181133975,True
up,Apcdd1,chr18,62922194,62922886,333.44576446533205,36.04745146115621,9.250189706882455,True
up,Dock6,chr9,21852370,21852764,348.1173119506836,37.780923612594606,9.214102744556397,True
up,Kcnt1,chr2,25863731,25864418,297.43341320800783,32.60840738677978,9.121371972572765,True
up,Samd5,chr10,9674617,9675547,250.08451080322266,27.752845547358195,9.011130421796633,True
up,Slc35f1,chr10,52690524,52691622,192.3983503112793,21.357940423647563,9.008282001679122,True
up,Sertm1,chr3,54915756,54916067,362.45637109375,40.43211479568482,8.9645662346713,True
up,Ntng2,chr2,29251508,29253279,186.7295294189453,20.842271019299826,8.959173846556107,True
up,Pknox2,chr9,37145199,37145441,390.1312869262695,44.78288140932719,8.711616462557826,True
up,Map1b,chr13,99514930,99516695,285.42934423828126,32.77943968518574,8.707572398416483,True
up,Arf3,chr15,98762433,98763412,502.1695106201172,57.67277081298828,8.707220123833991,True
up,Dusp15,chr2,152951258,152951798,326.77738525390623,38.00002898089091,8.599398316728466,True
up,Spaca6,chr17,17827101,17827344,407.4704909667969,48.23916768391928,8.446880626894167,True
up,Fbxl20,chr11,98149083,98150647,405.13709396362304,48.41014106114705,8.368847623308776,True
up,Adcy1,chr11,7063695,7064250,86.69596374511718,10.387671625773113,8.346043932502992,True
up,Kcnd3,chr3,105452012,105453070,167.38986706542968,20.138348717371624,8.31199565637856,True
up,Gadd45a,chr6,67036551,67037372,688.9006911926269,82.96828443654378,8.30318109951418,True
up,Satb2,chr1,56971509,56973501,270.0908514404297,32.65920746803284,8.269975678521817,True
up,Soga1,chr2,157078239,157079868,453.1534270019531,55.26672674719493,8.19938964496306,True
up,Lingo1,chr9,56635027,56636120,383.4632360839844,46.77701642290751,8.197684790691264,True
up,Celsr3,chr9,108827073,108828002,206.73652893066406,25.263860246340432,8.183093435240588,True
up,Scmh1,chr4,120404992,120405976,251.41809771728515,30.867570229212443,8.145056311537866,True
up,Six3os1,chr17,85614989,85615345,136.71286590576173,17.033483326276144,8.026124973208862,True
up,Ppp4r4,chr12,103532173,103532834,240.0816064453125,29.98528433005015,8.006647654319941,True
up,Whrn,chr4,63494624,63496133,197.40004052734375,24.873286513010658,7.936226699438702,True
up,Speg,chr1,75381924,75382387,135.04563583374022,17.05583438237508,7.917855720579216,True
up,Myo10,chr15,25622212,25623450,753.9205059204102,97.02884286499022,7.770065927401041,True
up,Ppfia3,chr7,45339482,45339796,278.76046923828125,36.2032007932663,7.699884627055682,True
up,Gse1,chr8,120505150,120505361,278.4271481323242,36.34129701932271,7.661453249296088,True
up,Celsr3,chr9,108825791,108826198,172.0581434326172,22.57087416712443,7.6230163775946345,True
up,Bbc3,chr7,16309424,16310589,240.08113037109376,31.529580219268798,7.614472780845082,True
up,Kirrel3,chr9,34488869,34489096,210.73738134765625,27.69760532951355,7.608505458885366,True
up,Ankib1,chr5,3802402,3803640,186.06258654785157,24.638912587165834,7.55157460336824,True
up,Tcf19,chr17,35516658,35517295,387.4638786010742,51.53831113179525,7.517977793456221,True
up,Il1r1,chr1,40266556,40266876,326.7775183105469,43.687177001317345,7.47994127202802,True
up,Scg3,chr9,75683863,75684200,203.40175750732422,27.277632864316306,7.456723188521525,True
up,Fbln2,chr6,91285181,91285721,422.4762166748047,56.73392241287231,7.446624500951999,True
up,Vegfc,chr8,54077220,54077965,212.73839324951172,28.62337317212423,7.4323313318184905,True
up,Gucy1a2,chr9,3532193,3532626,156.71962677001954,21.228267529805503,7.382591469133206,True
up,Satb2,chr1,56977104,56977392,172.0583259277344,23.45561699740092,7.335484969199484,True
up,Arsb,chr13,93771714,93772156,306.7697247314453,42.168617078463235,7.27483484129058,True
up,Elmo2,chr2,165326173,165326655,728.5786834716797,100.28920080566407,7.264777040984572,True
up,Bcl9l,chr9,44498438,44499178,676.8949784545898,93.73307997131349,7.221516445013329,True
up,Rerg,chr6,137169292,137169803,178.72679083251953,24.847805411656697,7.192860209243047,True
up,Sptbn1,chr11,30267515,30268545,333.4461328125,46.63743754069011,7.1497524391552565,True
up,Gse1,chr8,120535770,120538261,346.7837014770508,48.75930262724558,7.112154661606583,True
up,Thsd1,chr8,22227233,22227497,150.0507064819336,21.10701726913452,7.10904362130587,True
up,Srxn1,chr2,152105395,152106004,166.72274780273438,23.467138202349346,7.104519791256157,True
up,Zc3h3,chr15,75841554,75842095,291.43162512207033,41.22226524734497,7.06976250270091,True
up,Sema5a,chr15,32244785,32246205,463.48878479003906,65.82954705238342,7.040740906529723,True
up,Ece1,chr4,137861990,137862614,538.1820263061524,76.79416413370768,7.008110998761756,True
up,Plekha7,chr7,116237285,116237897,187.39636853027343,26.747769076665247,7.006056018845999,True
up,Smap2,chr4,121016809,121017403,394.1334833984375,56.281176684061684,7.0029360901768865,True
up,Unc5d,chr8,29219126,29220012,220.07402709960937,31.548877422332765,6.975653179463804,True
up,Dennd4b,chr3,90265112,90265940,140.04710815429686,20.205856098175047,6.931015814120622,True
up,Efr3b,chr12,3981728,3982058,239.41408349609375,34.976988710721336,6.844902672330601,True
up,Opn3,chr1,175692085,175693081,1071.6939551086425,156.80308784866332,6.834648282838508,True
up,Osbpl2,chr2,180119181,180119906,620.708953918457,92.34445889727276,6.721669728001283,True
up,Mast2,chr4,116463661,116464390,210.0706674194336,31.310635878245037,6.709243090313376,True
up,2900026A02Rik,chr5,113137765,113138844,257.4199226074219,38.48505703481039,6.688827883887016,True
up,Plagl1,chr10,13090532,13091299,213.4052313232422,32.120478283564246,6.643899553402345,True
up,Kcng1,chr2,168281225,168281610,195.3991641845703,29.465433252334595,6.63147093447501,True
up,Castor2,chr5,134099625,134100114,283.42891510009764,43.084558917681385,6.578433717787971,True
up,Zic3,chrX,58030331,58030804,324.4427126159668,49.533335481961565,6.549987184572263,True
up,Celsr3,chr9,108831849,108832944,446.816750793457,68.62096819241842,6.511373455713257,True
up,Zfhx3,chr8,108714467,108715379,191.73122314453124,29.49277766831716,6.500955091473123,True
up,Syp,chrX,7648627,7648856,450.81914532470705,69.46283256117502,6.49007719239892,True
up,Ajuba,chr14,54575687,54577650,140.0473260498047,21.61953139368693,6.477815059890688,True
up,Igfbp2,chr1,72825362,72825653,193.73186447143556,30.196335648854575,6.415740860887679,True
up,Parp14,chr16,35871024,35871388,222.07478619384764,34.727729500452675,6.394739575213315,True
up,Orai2,chr5,136170510,136170738,400.1360107421875,62.60270090866089,6.391673281413166,True
up,Pdzd2,chr15,12739312,12740114,609.8721397705078,96.1898125890096,6.340298659030657,True
up,Vsig10,chr5,117318902,117319808,166.72274780273438,26.39274827321371,6.316990791441873,True
up,Prdm2,chr4,143211874,143212914,140.04710815429686,22.2473525168101,6.295001081520925,True
up,Tsku,chr7,98360801,98361512,345.44988189697267,55.31106435203552,6.245583699100515,True
up,Nat8l,chr5,33995739,33997686,150.0507064819336,24.152897309621178,6.2125344449736755,True
up,Plxnb2,chr15,89173048,89173700,221.40784228515625,35.793268627802526,6.185739687187358,True
up,Ipo4,chr14,55635503,55635849,181.3944139404297,29.344461184183757,6.181555449319297,True
up,Sned1,chr1,93235701,93236507,310.7719099121094,50.297207379023234,6.178711028034506,True
up,Eln,chr5,134747082,134747295,273.4257067871094,44.80404990450541,6.102700701608097,True
up,Tmem229b,chr12,79006770,79007452,166.72274780273438,27.33298806540171,6.099689774268522,True
up,Actn4,chr7,28961910,28962478,230.07820617675782,37.999469088872274,6.054774229572952,True
up,Igfbp2,chr1,72824693,72824937,180.06084777832032,30.097100610733033,5.982664247535797,True
up,2810029C07Rik,chr12,111574329,111575376,139.3804340209961,23.631936072031653,5.897969324060272,True
up,Acer3,chr7,98308966,98309678,357.45377465820314,61.56083073425293,5.8065131739574305,True
up,Lamp1,chr8,13159101,13159386,113.37164489746094,19.681481280326842,5.7603207442919775,True
up,Fzd8,chr18,9212147,9214929,175.05894287109376,30.407956926345822,5.757011011792791,True
up,Magee1,chrX,105120300,105121742,110.03718475341798,19.179814064661663,5.73713511415936,True
up,Fbxl7,chr15,26894904,26895771,361.12176962280273,63.13201521428426,5.720105217567889,True
up,Nlrc5,chr8,94434255,94434461,149.383814453125,26.266441317240396,5.687249850442228,True
up,Rai1,chr11,60104878,60106468,155.71928872680664,27.381507672309876,5.687023906440369,True
up,Otud1,chr2,19657539,19659118,119.04016564941406,21.175895457585654,5.621493829521687,True
up,C2cd2,chr16,97922153,97922819,152.0512829589844,27.168984593073528,5.596502233570717,True
up,Foxo6,chr4,120282476,120282998,346.116383605957,61.88367306741079,5.593016161612246,True
up,Prag1,chr8,36094594,36095242,249.4174112548828,44.59948824691773,5.592382806592406,True
up,Gpc1,chr1,92831246,92831553,210.40443508911133,37.65720305538178,5.587362257883924,True
up,Il6ra,chr3,89912795,89913379,263.4219674682617,47.17319800408681,5.584144781649961,True
up,Lhx2,chr2,38350967,38351995,424.30987780761717,77.32784121513366,5.4871553523283465,True
up,Hivep3,chr4,120032845,120033243,298.7674877929687,54.76475583775838,5.455470096097443,True
up,Abat,chr16,8513265,8513607,511.5050364379883,95.48770915285746,5.35676309522901,True
up,Slc46a1,chr11,78465658,78466108,216.7396435546875,40.57106706682841,5.342221913899264,True
up,Ccnd3,chr17,47593321,47593824,210.0706985473633,39.36204983011881,5.336884116909548,True
up,Cpped1,chr16,11909092,11909407,273.42530639648436,51.46317725531261,5.313028090745375,True
up,Fam124a,chr14,62555511,62555970,380.12905151367187,71.72577840805054,5.29975498280554,True
up,Chsy3,chr18,59175008,59176469,229.41056115722657,43.600654688517245,5.2616311107283575,True
up,Rhpn1,chr15,75703981,75704540,498.5018298339844,95.8328888765971,5.201782349229808,True
up,Auts2,chr5,131616397,131616748,145.38223608398437,27.952662275950114,5.201015726114511,True
up,Nptxr,chr15,79803781,79804965,120.04056518554688,23.38949336051941,5.132243068940128,True
up,Myo9b,chr8,71272287,71273128,482.66314459228516,95.16081968339284,5.072078468829309,True
up,Rflnb,chr11,76027028,76028044,166.72278930664064,33.1534692846934,5.028818790424891,True
up,Lhx2,chr2,38348031,38348469,110.03718475341798,21.91045368512472,5.0221317337725235,True
up,Gsn,chr2,35256331,35256765,213.40582611083985,42.683245677948,4.999756291286313,True
up,Snta1,chr2,154407700,154408359,204.06890789794923,41.142669873873395,4.960030754531513,True
up,Celsr3,chr9,108825097,108825321,189.7307821960449,38.263704628626506,4.958505299931158,True
up,Ildr2,chr1,166253979,166254247,133.37840576171874,27.05367858664195,4.930139364765566,True
up,Olfm1,chr2,28205444,28206309,73.35812316894531,15.27775917116801,4.8016284552636375,True
up,Tox3,chr8,90347708,90348205,126.70928833007812,26.397836771011352,4.799987568270112,True
up,Gnb1l,chr16,18498666,18499327,288.76354754638675,60.77972376823425,4.750984862114581,True
up,Parm1,chr5,91517613,91517984,143.38157867431642,30.497265026728314,4.701456951915341,True
up,Azin2,chr4,128962006,128962362,180.06084777832032,38.733326604207356,4.648731817389562,True
up,Nfkbie,chr17,45555602,45556285,151.0510445251465,32.740411178588865,4.613596442060839,True
up,Grina,chr15,76246768,76247202,275.0925675964356,60.051343297958375,4.580956103371432,True
up,Nmnat2,chr1,152954930,152956251,126.70948547363281,28.03652498245239,4.519443317349002,True
up,Prdm8,chr5,98167187,98167777,73.35812316894531,16.244813393910725,4.515787371029032,True
up,Nek6,chr2,38511698,38512118,140.0473260498047,31.510017299016322,4.444533454895205,True
up,Nid2,chr14,19751168,19751591,300.10145477294924,67.94959857209524,4.4165302088508795,True
up,Btbd9,chr17,30575621,30576642,146.71624633789062,33.252350677490234,4.412206756775495,True
up,Abhd4,chr14,54253700,54254197,216.73957733154296,49.255408999125166,4.400320324929035,True
up,Arhgap31,chr16,38712700,38713353,294.7660692138672,67.00937959861756,4.398877753823412,True
up,Naaa,chr5,92277697,92278062,216.7396435546875,50.49229226779938,4.292529291503559,True
up,Iqck,chr7,118855576,118856223,196.0660914916992,46.37927881368001,4.227450199891156,True
up,Myo18a,chr11,77763052,77763636,177.39322155761718,41.97924343935649,4.225736507468999,True
up,Bcor,chrX,11999031,11999458,55.35203839111328,13.102828554153442,4.2244343015208985,True
up,Zfp316,chr5,143269472,143270105,145.38223608398437,34.785472716013594,4.179395153571026,True
up,Gse1,chr8,120228798,120230336,67.68949630737305,16.28232019996643,4.157238985357418,True
up,Anks1b,chr10,89873018,89873556,143.38178619384766,34.988928355534874,4.097918768385663,True
up,Pygb,chr2,150786624,150787229,153.38516662597655,37.81417317899068,4.056287728411748,True
up,Huwe1,chrX,151802982,151803955,230.74433068847657,57.03071474838257,4.045965962490776,True
up,Rere,chr4,150371775,150372256,315.1066128540039,78.03192478338877,4.038175576582509,True
up,Taf4,chr2,179976501,179977237,113.37164489746094,28.502223307291672,3.9776421535669213,True
up,Clec2l,chr6,38662933,38663383,70.02366302490235,17.62247244199117,3.9735436247894818,True
up,Prkg1,chr19,31663915,31664750,73.35812316894531,18.629862838745115,3.937663084474251,True
up,Tprn,chr2,25262563,25263446,156.71962677001954,40.14571600468954,3.9037696264207287,True
up,Slc12a5,chr2,164967876,164968857,138.7135419921875,36.36219671503702,3.8147734329489684,True
up,Ctnnd2,chr15,30646537,30647251,74.02516198730468,19.406504747390745,3.814451028192367,True
up,Pitpnm2,chr5,124249215,124250237,63.354742736816405,16.610206789652505,3.814205538746446,True
up,Chrna4,chr2,181038876,181039235,86.69596374511718,22.83381674925486,3.7968231372421055,True
up,Pdxk,chr10,78464507,78465077,221.40805810546874,58.50810971196493,3.784228531659274,True
up,Insyn2a,chr7,134937519,134938313,126.70948547363281,33.57560027503967,3.773856146596715,True
up,Phyhipl,chr10,70598617,70600156,83.36150360107422,22.568521667480468,3.6937068731972746,True
up,Cdh22,chr2,165233432,165235092,74.0250151977539,20.08663444073995,3.6852871204553557,True
up,Ntm,chr9,29411750,29412756,86.69595336914062,24.33203874874115,3.5630369598037053,True
up,Auts2,chr5,131537191,131538947,145.71612451171876,40.9047672217687,3.5623262130231987,True
up,Axin2,chr11,108920190,108922170,130.0441439819336,36.86882208824158,3.527211790783195,True
up,Ctsa,chr2,164833897,164834185,133.3781982421875,37.99759888362885,3.510174383667519,True
up,Fat1,chr8,44937941,44938767,232.07838452148437,69.22528981018067,3.352508673605489,True
up,Erc2,chr14,27622255,27622859,121.04090322875976,36.221518327713014,3.341684965650697,True
up,Ctnnd2,chr15,30172358,30173548,224.74226403808595,68.18344468657175,3.296141241780754,True
up,Large1,chr8,73352585,73353911,276.09338739013674,87.04488082504271,3.171850943711155,True
up,Nanos1,chr19,60755750,60757340,96.69934417724609,31.220089373588564,3.0973436052701175,True
up,Tfdp2,chr9,96196111,96196749,156.71944000244142,51.60433613777161,3.0369432441498105,True
up,Crybg1,chr10,44003488,44004455,43.681385345458985,14.391794274012248,3.0351590992608855,True
up,Slc12a9,chr5,137333468,137334090,173.39165771484375,58.254866063753774,2.976432175212367,True
up,Cdc42bpb,chr12,111376967,111378223,171.72447952270508,57.79350910504659,2.9713454362249467,True
up,Fbxl17,chr17,63499398,63500633,58.35305252075195,19.811809708277384,2.945367100733459,True
up,Prkx,chrX,77795221,77796090,83.36150360107422,28.665625705718995,2.9080650273209634,True
up,Pclo,chr5,14514954,14515552,109.03684671020508,38.19395809046427,2.854819247901617,True
up,Celsr2,chr3,108414221,108414553,105.7023865661621,37.86800071398417,2.7913379257735027,True
up,Dyrk3,chr1,131137776,131138378,146.71601806640626,52.74125474421183,2.781807501129044,True
up,Epb41l1,chr2,156420600,156421386,124.7086153564453,45.15056749725343,2.7620608614505566,True
up,Bbc3,chr7,16313668,16314092,80.02704345703125,29.015669867197673,2.7580629302479807,True
up,Six3os1,chr17,85617968,85618636,81.3608046875,29.780219201405846,2.7320418341198502,True
up,Podxl,chr6,31563377,31564076,124.04189038085937,45.72855900446573,2.712569411355074,True
up,Ltbp3,chr19,5741653,5742295,86.69596374511718,32.002852481206254,2.7090073860144055,True
up,Cdh2,chr18,16806909,16807133,140.04710815429686,51.868216346740724,2.7000563739858987,True
up,Zfp467,chr6,48445275,48445645,103.36810882568359,38.98992344856262,2.6511493145671796,True
up,Gramd1b,chr9,40455338,40456147,60.02028259277344,22.957297307968144,2.614431559064284,True
up,Ptprn2,chr12,116485731,116486504,83.36150360107422,32.30175682703654,2.5807111373985925,True
up,Plxnb2,chr15,89180327,89181243,220.0741567993164,89.18961006323497,2.4674864778900254,True
up,Gtse1,chr15,85859679,85860044,180.06059875488282,74.61712181345622,2.4131270997698984,True
up,Frem2,chr3,53656616,53657328,80.02704345703125,34.009299331029254,2.353092978425949,True
up,Efnb2,chr8,8659823,8661897,93.36504272460938,40.49771494865417,2.3054397721694695,True
up,Tgif2,chr2,156839861,156841293,45.34864447021484,20.5313922923406,2.20874667555461,True
up,Plekhg1,chr10,3740269,3741007,66.02231085205078,30.409323182423908,2.1711206940051397,True
up,Ctsd,chr7,142387671,142388028,140.04730529785155,65.69723132546743,2.1317078737161705,True
up,Irf1,chr11,53769896,53770657,68.02288940429688,34.44274991544088,1.9749552393841188,True
up,Nrp1,chr8,128358447,128358687,110.03718475341798,58.01690664927165,1.8966399814906263,True
up,Phactr2,chr10,13323869,13324113,66.68920288085937,35.75952222633362,1.864935511687258,True
up,Them6,chr15,74720990,74721863,113.371572265625,62.880169277191165,1.802978165752948,True
up,Rere,chr4,150281120,150281719,156.71962677001954,87.17244175688427,1.7978115974667295,True
up,Ppip5k1,chr2,121355040,121355434,136.7126791381836,81.70140600045521,1.673321009156463,True
up,Tgfb2,chr1,186704280,186704525,32.677709411621095,19.572616263707477,1.6695626671133248,True
up,Hs3st1,chr5,39644402,39644902,113.37164489746094,69.68531596883138,1.6269086725267838,True
up,Gpsm1,chr2,26315401,26315896,80.02704345703125,50.40461134465536,1.5876928979736475,True
up,Erbb2,chr11,98412307,98413135,56.68582244873047,39.3586960067749,1.440236293371432,True
up,Dag1,chr9,108263276,108263928,70.69055505371094,49.72692549959819,1.4215750188352614,True
