gene,chr,tss,strand,promoter_start,promoter_end,cpg_start,cpg_end,cpg_id,cpg_count,exo_peak_count,exo_mean_signal,exo_min_qvalue,endo_peak_count,endo_mean_signal,endo_min_qvalue,category
Slco5a1,chr1,12992650,-,12992150,12995150,12991485,12992784,684,98,0,0.0,1.0,1,9.42278,11.9662,endo_only
Terf1,chr1,15805646,+,15803146,15806146,15805591,15806108,705,60,0,0.0,1.0,1,6.45084,5.36409,endo_only
Hs6st1,chr1,36068400,+,36065900,36068900,36068460,36069216,860,81,0,0.0,1.0,1,6.45084,5.36409,endo_only
Pms1,chr1,53297018,-,53296518,53299518,53296788,53297379,991,63,0,0.0,1.0,1,6.45084,5.36409,endo_only
Ormdl1,chr1,53297095,+,53294595,53297595,53296788,53297379,991,63,0,0.0,1.0,1,6.45084,5.36409,endo_only
Gm28778,chr1,53297111,+,53294611,53297611,53296788,53297379,991,63,0,0.0,1.0,1,6.45084,5.36409,endo_only
Pgap1,chr1,54557684,-,54557184,54560184,54557255,54557805,1001,49,0,0.0,1.0,1,7.08427,6.70544,endo_only
Orc2,chr1,58505109,-,58504609,58507609,58504543,58505162,1031,65,0,0.0,1.0,1,4.71139,3.44848,endo_only
Gm15834,chr1,58505148,+,58502648,58505648,58504543,58505162,1031,65,0,0.0,1.0,1,4.71139,3.44848,endo_only
Lancl1,chr1,67038872,-,67038372,67041372,67038520,67038937,1096,42,0,0.0,1.0,1,6.28185,6.0421,endo_only
Atic,chr1,71557150,+,71554650,71557650,71556948,71557367,1130,40,0,0.0,1.0,1,9.618,10.955,endo_only
Igfbp5,chr1,72874884,-,72874384,72877384,72873698,72873966,1140,27,0,0.0,1.0,1,7.06708,7.44357,endo_only
Irs1,chr1,82291416,-,82290916,82293916,82290195,82291822,1212,127,0,0.0,1.0,1,7.7177,8.10044,endo_only
Trip12,chr1,84840516,-,84840016,84843016,84838454,84840300,1232,159,0,0.0,1.0,1,5.49662,4.70524,endo_only
Fbxo36,chr1,84839841,+,84837341,84840341,84838454,84840300,1232,159,0,0.0,1.0,1,5.49662,4.70524,endo_only
Scly,chr1,91298338,+,91295838,91298838,91297895,91298794,1281,68,0,0.0,1.0,1,9.71247,12.4937,endo_only
Bcl2,chr1,106714274,-,106713774,106716774,106713656,106714232,1399,51,0,0.0,1.0,1,4.71139,3.44848,endo_only
Gli2,chr1,119053619,-,119053119,119056119,119053398,119053783,1493,34,0,0.0,1.0,1,5.66561,4.91349,endo_only
Elk4,chr1,132007607,+,132005107,132008107,132007342,132008412,1592,123,0,0.0,1.0,1,5.49662,4.70524,endo_only
Btg2,chr1,134079120,-,134078620,134081620,134078807,134079438,1607,62,0,0.0,1.0,1,5.8174,4.08472,endo_only
Adipor1,chr1,134415378,+,134412878,134415878,134415248,134415959,1610,84,0,0.0,1.0,1,5.49662,4.70524,endo_only
Rabif,chr1,134494648,+,134492148,134495148,134494514,134494948,1611,46,0,0.0,1.0,1,6.28185,6.0421,endo_only
Gm38399,chr1,135688105,-,135687605,135690605,135687731,135688484,1620,80,0,0.0,1.0,1,6.28185,6.0421,endo_only
Trove2,chr1,143777068,-,143776568,143779568,143776714,143777655,1681,93,0,0.0,1.0,1,6.28185,6.0421,endo_only
Uchl5,chr1,143777272,+,143774772,143777772,143776714,143777655,1681,93,0,0.0,1.0,1,6.28185,6.0421,endo_only
Gm29170,chr1,143777642,+,143775142,143778142,143776714,143777655,1681,93,0,0.0,1.0,1,6.28185,6.0421,endo_only
Gm25663,chr1,143778928,+,143776428,143779428,143776714,143777655,1681,93,0,0.0,1.0,1,6.28185,6.0421,endo_only
Xpr1,chr1,155417415,-,155416915,155419915,155416849,155417545,1770,75,0,0.0,1.0,1,7.85231,8.90224,endo_only
Brinp2,chr1,158356326,-,158355826,158358826,158356039,158356243,1793,25,0,0.0,1.0,1,7.28435,7.77802,endo_only
Dusp12,chr1,170885540,-,170885040,170888040,170885006,170885507,1888,46,0,0.0,1.0,1,3.92616,2.29198,endo_only
Gm26620,chr1,170885065,+,170882565,170885565,170885006,170885507,1888,46,0,0.0,1.0,1,3.92616,2.29198,endo_only
Gm20045,chr1,171326177,-,171325677,171328677,171328889,171329488,1892,47,0,0.0,1.0,1,7.06708,7.44357,endo_only
Dedd,chr1,171329145,+,171326645,171329645,171328889,171329488,1892,47,0,0.0,1.0,1,7.06708,7.44357,endo_only
Bpnt1,chr1,185332149,+,185329649,185332649,185328863,185329438,1998,57,0,0.0,1.0,1,4.04686,2.38208,endo_only
Tgfb2,chr1,186705989,-,186705489,186708489,186705139,186705716,2009,54,0,0.0,1.0,1,6.47498,6.31143,endo_only
Gm29491,chr1,186705695,+,186703195,186706195,186705139,186705716,2009,54,0,0.0,1.0,1,6.47498,6.31143,endo_only
Rps6kc1,chr1,190911770,-,190911270,190914270,190911493,190911931,2041,37,0,0.0,1.0,1,6.45084,5.36409,endo_only
D730003I15Rik,chr1,191224454,+,191221954,191224954,191224326,191224923,2043,56,0,0.0,1.0,1,5.49662,4.70524,endo_only
Atp5c1,chr2,10080510,-,10080010,10083010,10080057,10080881,661,75,0,0.0,1.0,1,7.06708,7.44357,endo_only
Kin,chr2,10080593,+,10078093,10081093,10080057,10080881,661,75,0,0.0,1.0,1,7.06708,7.44357,endo_only
Stamos,chr2,14073934,-,14073434,14076434,14073866,14074499,692,62,0,0.0,1.0,1,7.06708,7.44357,endo_only
Stam,chr2,14074098,+,14071598,14074598,14073866,14074499,692,62,0,0.0,1.0,1,7.06708,7.44357,endo_only
Nebl,chr2,17731464,-,17730964,17733964,17730836,17731438,720,51,0,0.0,1.0,1,4.55054,2.87461,endo_only
Dnajc1,chr2,18392830,-,18392330,18395330,18392241,18392894,725,71,0,0.0,1.0,1,6.28185,6.0421,endo_only
Pip4k2a,chr2,18998126,-,18997626,19000626,18997444,18998634,729,122,0,0.0,1.0,1,5.49662,4.70524,endo_only
4930426L09Rik,chr2,18998343,+,18995843,18998843,18997444,18998634,729,122,0,0.0,1.0,1,5.49662,4.70524,endo_only
Otud1,chr2,19657752,+,19655252,19658252,19657539,19659118,734,162,0,0.0,1.0,1,5.49662,4.70524,endo_only
Nsmf,chr2,25054355,+,25051855,25054855,25054380,25054705,776,37,0,0.0,1.0,1,5.49662,4.70524,endo_only
Gm24328,chr2,25055175,-,25054675,25057675,25054380,25054705,776,37,0,0.0,1.0,1,5.49662,4.70524,endo_only
Ccbl1,chr2,30205847,-,30205347,30208347,30205846,30206123,815,28,0,0.0,1.0,1,8.9031,10.8692,endo_only
Fam102a,chr2,32535332,+,32532832,32535832,32535032,32535933,833,110,0,0.0,1.0,1,7.06708,7.44357,endo_only
Gm13523,chr2,32876001,-,32875501,32878501,32876322,32876567,835,26,0,0.0,1.0,1,5.49662,4.70524,endo_only
Fam129b,chr2,32876114,+,32873614,32876614,32876322,32876567,835,26,0,0.0,1.0,1,5.49662,4.70524,endo_only
Slc2a8,chr2,32982083,-,32981583,32984583,32981360,32982066,836,66,0,0.0,1.0,1,7.08427,6.70544,endo_only
A930012O16Rik,chr2,57238508,-,57238008,57241008,57237684,57238584,1021,83,0,0.0,1.0,1,4.71139,3.44848,endo_only
Gpd2,chr2,57237635,+,57235135,57238135,57237684,57238584,1021,83,0,0.0,1.0,1,4.71139,3.44848,endo_only
Tanc1,chr2,59612042,+,59609542,59612542,59611853,59612747,1039,101,0,0.0,1.0,1,5.49662,4.70524,endo_only
Ttc21b,chr2,66256617,-,66256117,66259117,66256359,66256843,1090,43,0,0.0,1.0,1,9.42278,11.9662,endo_only
Dync1i2,chr2,71211706,+,71209206,71212206,71211781,71212304,1128,52,0,0.0,1.0,1,5.8174,4.08472,endo_only
Lnp,chr2,74579435,-,74578935,74581935,74578529,74579138,1153,64,0,0.0,1.0,1,6.28185,6.0421,endo_only
4930445N08Rik,chr2,74579076,+,74576576,74579576,74578529,74579138,1153,64,0,0.0,1.0,1,6.28185,6.0421,endo_only
Osbpl6,chr2,76406508,+,76404008,76407008,76406109,76407537,1167,141,0,0.0,1.0,1,9.618,10.955,endo_only
Itga4,chr2,79255426,+,79252926,79255926,79255402,79255897,1189,36,0,0.0,1.0,1,6.45084,5.36409,endo_only
Ptprj,chr2,90580647,-,90580147,90583147,90579592,90580877,1276,139,0,0.0,1.0,1,4.71139,3.44848,endo_only
Nr1h3,chr2,91202834,-,91202334,91205334,91202693,91202906,1280,17,0,0.0,1.0,1,4.71139,3.44848,endo_only
Gm13783,chr2,91202778,-,91202278,91205278,91202693,91202906,1280,17,0,0.0,1.0,1,4.71139,3.44848,endo_only
Acp2,chr2,91202885,+,91200385,91203385,91202693,91202906,1280,17,0,0.0,1.0,1,4.71139,3.44848,endo_only
Elp4,chr2,105904564,-,105904064,105907064,105904321,105904844,1392,39,0,0.0,1.0,1,6.28185,6.0421,endo_only
Immp1l,chr2,105904638,+,105902138,105905138,105904321,105904844,1392,39,0,0.0,1.0,1,6.28185,6.0421,endo_only
Arl14ep,chr2,106974424,-,106973924,106976924,106974187,106974428,1401,24,0,0.0,1.0,1,5.49662,4.70524,endo_only
Mettl15,chr2,109280748,-,109280248,109283248,109280614,109281111,1418,46,0,0.0,1.0,1,5.18397,2.87461,endo_only
Kif18a,chr2,109280738,+,109278238,109281238,109280614,109281111,1418,46,0,0.0,1.0,1,5.18397,2.87461,endo_only
Gm13977,chr2,115581555,-,115581055,115584055,115581352,115581741,1466,29,0,0.0,1.0,1,6.28185,6.0421,endo_only
BC052040,chr2,115581716,+,115579216,115582216,115581352,115581741,1466,29,0,0.0,1.0,1,6.28185,6.0421,endo_only
Rpusd2,chr2,119034790,+,119032290,119035290,119034782,119035433,1493,53,0,0.0,1.0,1,6.28185,6.0421,endo_only
Ehd4,chr2,120154606,-,120154106,120157106,120154097,120154849,1501,77,0,0.0,1.0,1,6.47498,6.31143,endo_only
Ppip5k1,chr2,121355396,-,121354896,121357896,121355040,121355434,1510,47,0,0.0,1.0,1,7.7177,8.10044,endo_only
Ckmt1,chr2,121357714,+,121355214,121358214,121355040,121355434,1510,47,0,0.0,1.0,1,7.7177,8.10044,endo_only
Frmd5,chr2,121807087,-,121806587,121809587,121806320,121807266,1514,99,0,0.0,1.0,1,7.06708,7.44357,endo_only
Sord,chr2,122234749,+,122232249,122235249,122234509,122234877,1517,27,0,0.0,1.0,1,7.06708,7.44357,endo_only
Gm9913,chr2,125505089,+,125502589,125505589,125505447,125506493,1542,87,0,0.0,1.0,1,5.49662,4.70524,endo_only
Shc4,chr2,125724148,-,125723648,125726648,125723206,125723658,1544,32,0,0.0,1.0,1,6.47498,6.31143,endo_only
Sppl2a,chr2,126933235,-,126932735,126935735,126932979,126933301,1553,29,0,0.0,1.0,1,7.7177,8.10044,endo_only
Ncaph,chr2,127133954,-,127133454,127136454,127133630,127134104,1554,49,0,0.0,1.0,1,6.28185,6.0421,endo_only
4930473A02Rik,chr2,130563749,-,130563249,130566249,130563566,130564314,1581,79,0,0.0,1.0,1,10.9932,15.2033,endo_only
Mrps26,chr2,130563742,+,130561242,130564242,130563566,130564314,1581,79,0,0.0,1.0,1,10.9932,15.2033,endo_only
4930402H24Rik,chr2,130906406,-,130905906,130908906,130906267,130906976,1583,76,0,0.0,1.0,1,5.49662,4.70524,endo_only
A730017L22Rik,chr2,130906396,-,130905896,130908896,130906267,130906976,1583,76,0,0.0,1.0,1,5.49662,4.70524,endo_only
Atrn,chr2,130906495,+,130903995,130906995,130906267,130906976,1583,76,0,0.0,1.0,1,5.49662,4.70524,endo_only
Pcna,chr2,132253314,-,132252814,132255814,132252581,132253554,1594,82,0,0.0,1.0,1,7.08427,6.70544,endo_only
AV099323,chr2,132253357,+,132250857,132253857,132252581,132253554,1594,82,0,0.0,1.0,1,7.08427,6.70544,endo_only
Chgb,chr2,132781278,+,132778778,132781778,132781384,132781782,1598,34,0,0.0,1.0,1,7.85231,8.90224,endo_only
Tmx4,chr2,134644145,-,134643645,134646645,134643672,134644243,1612,54,0,0.0,1.0,1,8.98457,9.46804,endo_only
Dstn,chr2,143915320,+,143912820,143915820,143914805,143915832,1682,94,0,0.0,1.0,1,6.47498,6.31143,endo_only
Gzf1,chr2,148681023,+,148678523,148681523,148680939,148681444,1719,45,0,0.0,1.0,1,5.8174,4.08472,endo_only
Csnk2a1,chr2,152226839,+,152224339,152227339,152226505,152227469,1746,91,0,0.0,1.0,1,6.45084,5.36409,endo_only
Pdrg1,chr2,153015427,-,153014927,153017927,153015134,153015481,1752,37,0,0.0,1.0,1,4.71139,3.44848,endo_only
Ahcy,chr2,155074497,-,155073997,155076997,155074084,155074476,1768,39,0,0.0,1.0,1,7.85231,8.90224,endo_only
RP23-290O4.2,chr2,155074181,+,155071681,155074681,155074084,155074476,1768,39,0,0.0,1.0,1,7.85231,8.90224,endo_only
Pigu,chr2,155357430,-,155356930,155359930,155357307,155357546,1770,20,0,0.0,1.0,1,6.47498,6.31143,endo_only
Mir695,chr2,155356817,+,155354317,155357317,155357307,155357546,1770,20,0,0.0,1.0,1,6.47498,6.31143,endo_only
Mroh8,chr2,157279549,-,157279049,157282049,157278862,157279666,1784,93,0,0.0,1.0,1,10.2514,12.4808,endo_only
Rpn2,chr2,157279017,+,157276517,157279517,157278862,157279666,1784,93,0,0.0,1.0,1,10.2514,12.4808,endo_only
Srsf6,chr2,162931528,+,162929028,162932028,162930968,162932371,1828,154,0,0.0,1.0,1,5.8174,4.08472,endo_only
Rae1,chr2,173000117,+,172997617,173000617,172999941,173000732,1904,85,0,0.0,1.0,1,5.8174,4.08472,endo_only
Tpd52l2,chr2,181497142,+,181494642,181497642,181497117,181497534,1969,38,0,0.0,1.0,1,6.47498,6.31143,endo_only
Pkia,chr3,7366669,+,7364169,7367169,7366450,7366795,641,33,0,0.0,1.0,1,7.28435,7.77802,endo_only
Fabp5,chr3,10012548,+,10010048,10013048,10012269,10012608,661,32,0,0.0,1.0,1,7.7177,8.10044,endo_only
Snx16,chr3,10440102,-,10439602,10442602,10439504,10440158,664,74,0,0.0,1.0,1,4.85624,3.59733,endo_only
Lrrcc1,chr3,14533788,+,14531288,14534288,14533765,14534090,695,33,0,0.0,1.0,1,6.45084,5.36409,endo_only
Hps3,chr3,20035315,-,20034815,20037815,20035027,20035372,737,38,0,0.0,1.0,1,10.208,13.5659,endo_only
Hltf,chr3,20057811,+,20055311,20058311,20057627,20058195,738,47,0,0.0,1.0,1,7.28435,7.77802,endo_only
Nlgn1,chr3,26332460,-,26331960,26334960,26331359,26331926,785,54,0,0.0,1.0,1,5.18397,2.87461,endo_only
A830092H15Rik,chr3,26331150,+,26328650,26331650,26331359,26331926,785,54,0,0.0,1.0,1,5.18397,2.87461,endo_only
Gm15952,chr3,35933045,+,35930545,35933545,35932342,35933154,859,82,0,0.0,1.0,1,5.8174,4.08472,endo_only
C230034O21Rik,chr3,38888259,-,38887759,38890759,38885050,38888327,881,251,0,0.0,1.0,1,6.45084,5.36409,endo_only
Fat4,chr3,38886940,+,38884440,38887440,38885050,38888327,881,251,0,0.0,1.0,1,6.45084,5.36409,endo_only
Larp1b,chr3,40950354,+,40947854,40950854,40949305,40950945,897,198,0,0.0,1.0,1,10.9932,15.2033,endo_only
Sclt1,chr3,41742514,-,41742014,41745014,41742170,41742675,903,77,0,0.0,1.0,1,7.06708,7.44357,endo_only
D3Ertd751e,chr3,41742611,+,41740111,41743111,41742170,41742675,903,77,0,0.0,1.0,1,7.06708,7.44357,endo_only
2610316D01Rik,chr3,45378260,-,45377760,45380760,45379653,45381683,931,158,0,0.0,1.0,1,5.49662,4.70524,endo_only
Pcdh10,chr3,45378398,+,45375898,45378898,45376698,45377317,931,50,0,0.0,1.0,1,5.49662,4.70524,endo_only
Setd7,chr3,51560879,-,51560379,51563379,51559583,51561105,978,119,0,0.0,1.0,1,5.49662,4.70524,endo_only
Gm38200,chr3,51559652,-,51559152,51562152,51559583,51561105,978,119,0,0.0,1.0,1,5.49662,4.70524,endo_only
Cog6,chr3,53017237,-,53016737,53019737,53016871,53017305,989,41,0,0.0,1.0,1,6.47498,6.31143,endo_only
Frem2,chr3,53657355,-,53656855,53659855,53656616,53657328,994,58,0,0.0,1.0,1,7.06708,7.44357,endo_only
Gm37035,chr3,61003786,-,61003286,61006286,61002583,61003400,1050,86,0,0.0,1.0,1,7.85231,8.90224,endo_only
P2ry1,chr3,61002795,+,61000295,61003295,61002583,61003400,1050,86,0,0.0,1.0,1,7.85231,8.90224,endo_only
E130311K13Rik,chr3,63929472,-,63928972,63931972,63929109,63929463,1072,40,0,0.0,1.0,1,4.71139,3.44848,endo_only
Slc33a1,chr3,63964768,-,63964268,63967268,63963979,63964864,1073,79,0,0.0,1.0,1,5.8174,4.08472,endo_only
Gm26850,chr3,63963633,+,63961133,63964133,63963979,63964864,1073,79,0,0.0,1.0,1,5.8174,4.08472,endo_only
Ssr3,chr3,65392623,-,65392123,65395123,65392275,65392745,1083,45,0,0.0,1.0,1,10.5218,14.156,endo_only
Gm5540,chr3,65393337,+,65390837,65393837,65392275,65392745,1083,45,0,0.0,1.0,1,10.5218,14.156,endo_only
Lxn,chr3,67463926,-,67463426,67466426,67463663,67464017,1099,28,0,0.0,1.0,1,6.28185,6.0421,endo_only
Rapgef2,chr3,79286517,-,79286017,79289017,79286440,79287592,1189,144,0,0.0,1.0,1,7.85231,8.90224,endo_only
6430573P05Rik,chr3,79287173,+,79284673,79287673,79286440,79287592,1189,144,0,0.0,1.0,1,7.85231,8.90224,endo_only
Map9,chr3,82358044,+,82355544,82358544,82358038,82358470,1213,45,0,0.0,1.0,1,4.71139,3.44848,endo_only
Polr3gl,chr3,96594181,-,96593681,96596681,96593996,96594283,1321,25,0,0.0,1.0,1,6.47498,6.31143,endo_only
Ankrd34a,chr3,96596636,+,96594136,96597136,96593996,96594283,1321,25,0,0.0,1.0,1,6.47498,6.31143,endo_only
Wdr3,chr3,100162407,-,100161907,100164907,100162159,100162886,1349,73,0,0.0,1.0,1,5.49662,4.70524,endo_only
Gdap2,chr3,100162381,+,100159881,100162881,100162159,100162886,1349,73,0,0.0,1.0,1,5.49662,4.70524,endo_only
Fam46c,chr3,100489324,-,100488824,100491824,100488362,100489724,1351,106,0,0.0,1.0,1,6.28185,6.0421,endo_only
Gm12474,chr3,100489664,+,100487164,100490164,100488362,100489724,1351,106,0,0.0,1.0,1,6.28185,6.0421,endo_only
Lrig2,chr3,104511918,-,104511418,104514418,104511415,104512158,1382,72,0,0.0,1.0,1,12.1517,17.258,endo_only
4930509H03Rik,chr3,104511313,-,104510813,104513813,104511415,104512158,1382,72,0,0.0,1.0,1,12.1517,17.258,endo_only
Kcnd3,chr3,105452330,+,105449830,105452830,105452012,105453070,1389,105,0,0.0,1.0,1,5.8174,4.08472,endo_only
Cyb561d1,chr3,108201212,-,108200712,108203712,108200467,108200961,1410,37,0,0.0,1.0,1,7.06708,7.44357,endo_only
Prpf38b,chr3,108911727,-,108911227,108914227,108911102,108911874,1415,80,0,0.0,1.0,1,5.18397,2.87461,endo_only
Prmt6,chr3,110250998,-,110250498,110253498,110249889,110251074,1426,115,0,0.0,1.0,1,4.71139,3.44848,endo_only
C130013H08Rik,chr3,110250015,+,110247515,110250515,110249889,110251074,1426,115,0,0.0,1.0,1,4.71139,3.44848,endo_only
Sass6,chr3,116594982,+,116592482,116595482,116594493,116595423,1474,80,0,0.0,1.0,1,6.28185,6.0421,endo_only
4933405D12Rik,chr3,122924116,-,122923616,122926616,122924118,122924520,1522,42,0,0.0,1.0,1,6.28185,6.0421,endo_only
1810037I17Rik,chr3,122924203,+,122921703,122924703,122924118,122924520,1522,42,0,0.0,1.0,1,6.28185,6.0421,endo_only
Tram1l1,chr3,124320855,+,124318355,124321355,124320926,124321391,1533,49,0,0.0,1.0,1,6.28185,6.0421,endo_only
Gm43254,chr3,133310008,-,133309508,133312508,133310038,133310636,1602,74,0,0.0,1.0,1,7.06708,7.44357,endo_only
Ppa2,chr3,133310110,+,133307610,133310610,133310038,133310636,1602,74,0,0.0,1.0,1,7.06708,7.44357,endo_only
Wwp1,chr4,19708993,-,19708493,19711493,19708571,19709296,735,87,0,0.0,1.0,1,6.28185,6.0421,endo_only
Ndufaf4,chr4,24898083,+,24895583,24898583,24897928,24898446,774,54,0,0.0,1.0,1,3.92616,2.29198,endo_only
Fut9,chr4,25800244,-,25799744,25802744,25799588,25799814,781,27,0,0.0,1.0,1,7.85231,8.90224,endo_only
Gm12402,chr4,41132844,-,41132344,41135344,41135143,41136326,898,87,0,0.0,1.0,1,8.63755,10.4117,endo_only
Ube2r2,chr4,41135743,+,41133243,41136243,41135143,41136326,898,87,0,0.0,1.0,1,8.63755,10.4117,endo_only
Fancg,chr4,43010506,-,43010006,43013006,43010203,43010566,913,27,0,0.0,1.0,1,8.98457,9.46804,endo_only
Rusc2,chr4,43381979,+,43379479,43382479,43381789,43382341,915,73,0,0.0,1.0,1,5.8174,4.08472,endo_only
Mrpl50,chr4,49521093,-,49520593,49523593,49521030,49521279,962,22,0,0.0,1.0,1,10.208,13.5659,endo_only
Zfp189,chr4,49521176,+,49518676,49521676,49521030,49521279,962,22,0,0.0,1.0,1,10.208,13.5659,endo_only
Zfp37,chr4,62208446,-,62207946,62210946,62208319,62208792,1059,45,0,0.0,1.0,1,7.85231,8.90224,endo_only
Snapc3,chr4,83417724,+,83415224,83418224,83417522,83418164,1221,58,0,0.0,1.0,1,7.08427,6.70544,endo_only
Focad,chr4,88094629,+,88092129,88095129,88094496,88095069,1257,53,0,0.0,1.0,1,6.45084,5.36409,endo_only
Dock7,chr4,99120915,-,99120415,99123415,99120338,99121153,1341,109,0,0.0,1.0,1,6.47498,6.31143,endo_only
Gm12682,chr4,99712972,-,99712472,99715472,99715351,99715891,1345,52,0,0.0,1.0,1,6.28185,6.0421,endo_only
Alg6,chr4,99715664,+,99713164,99716164,99715351,99715891,1345,52,0,0.0,1.0,1,6.28185,6.0421,endo_only
Plpp3,chr4,105157347,+,105154847,105157847,105157313,105158466,1387,99,0,0.0,1.0,1,7.06708,7.44357,endo_only
Mknk1,chr4,115839198,+,115836698,115839698,115839033,115839425,1468,36,0,0.0,1.0,1,7.06708,7.44357,endo_only
Hpdl,chr4,116821707,-,116821207,116824207,116820953,116821538,1476,46,0,0.0,1.0,1,4.85624,3.59733,endo_only
Slc6a9,chr4,117834506,+,117832006,117835006,117835339,117836733,1484,128,0,0.0,1.0,1,5.66561,4.91349,endo_only
Slc2a1,chr4,119108711,+,119106211,119109211,119108685,119109270,1493,76,0,0.0,1.0,1,6.47498,6.31143,endo_only
Lsm10,chr4,126096623,+,126094123,126097123,126096536,126096846,1547,32,0,0.0,1.0,1,4.85624,3.59733,endo_only
Azin2,chr4,128962442,-,128961942,128964942,128962006,128962362,1568,30,0,0.0,1.0,1,4.85624,3.59733,endo_only
Khdrbs1,chr4,129742303,-,129741803,129744803,129741279,129742829,1574,168,0,0.0,1.0,1,5.66561,4.91349,endo_only
Sesn2,chr4,132510501,-,132510001,132513001,132509977,132510628,1595,68,0,0.0,1.0,1,4.85624,3.59733,endo_only
Gm12981,chr4,132509649,-,132509149,132512149,132509977,132510628,1595,68,0,0.0,1.0,1,4.85624,3.59733,endo_only
Sh3bgrl3,chr4,134128789,-,134128289,134131289,134128535,134128863,1608,35,0,0.0,1.0,1,5.49662,4.70524,endo_only
Gm26001,chr4,136137496,+,136134996,136137996,136135119,136135476,1623,31,0,0.0,1.0,1,10.208,13.5659,endo_only
Pgd,chr4,149166771,-,149166271,149169271,149166255,149166979,1723,65,0,0.0,1.0,1,9.71247,12.4937,endo_only
H6pd,chr4,150009023,-,150008523,150011523,150008579,150009127,1729,73,0,0.0,1.0,1,6.47498,6.31143,endo_only
Gpr157,chr4,150087365,+,150084865,150087865,150087150,150088104,1730,79,0,0.0,1.0,1,7.7177,8.10044,endo_only
Gm13091,chr4,150568544,-,150568044,150571044,150569249,150570024,1733,56,0,0.0,1.0,1,6.28185,6.0421,endo_only
Gm26840,chr4,155769969,+,155767469,155770469,155770102,155770791,1773,61,0,0.0,1.0,1,4.04686,2.38208,endo_only
Klhl17,chr4,156234857,-,156234357,156237357,156235837,156237359,1776,137,0,0.0,1.0,1,4.85624,3.59733,endo_only
Noc2l,chr4,156236010,+,156233510,156236510,156235837,156237359,1776,137,0,0.0,1.0,1,4.85624,3.59733,endo_only
Fam133b,chr5,3543833,+,3541333,3544333,3543730,3544210,612,70,0,0.0,1.0,1,5.8174,4.08472,endo_only
Gm43017,chr5,3544037,+,3541537,3544537,3543730,3544210,612,70,0,0.0,1.0,1,5.8174,4.08472,endo_only
Steap1,chr5,5749326,-,5748826,5751826,5749058,5749639,628,68,0,0.0,1.0,1,6.28185,6.0421,endo_only
Gm5106,chr5,8798523,-,8798023,8801023,8798261,8798594,652,30,0,0.0,1.0,1,5.66561,4.91349,endo_only
Abcb1b,chr5,8798147,+,8795647,8798647,8798261,8798594,652,30,0,0.0,1.0,1,5.66561,4.91349,endo_only
Sema3d,chr5,12383385,+,12380885,12383885,12383362,12383583,679,24,0,0.0,1.0,1,4.85624,3.59733,endo_only
4921504A21Rik,chr5,19226555,-,19226055,19229055,19226500,19226953,731,42,0,0.0,1.0,1,6.47498,6.31143,endo_only
Magi2,chr5,19227036,+,19224536,19227536,19226500,19226953,731,42,0,0.0,1.0,1,6.47498,6.31143,endo_only
A930003O13Rik,chr5,22746907,-,22746407,22749407,22745982,22746550,758,43,0,0.0,1.0,1,7.08427,6.70544,endo_only
Lhfpl3,chr5,22746059,+,22743559,22746559,22745982,22746550,758,43,0,0.0,1.0,1,7.08427,6.70544,endo_only
Actr3b,chr5,25759997,+,25757497,25760497,25759911,25760231,781,35,0,0.0,1.0,1,6.45084,5.36409,endo_only
Prr14l,chr5,32854256,-,32853756,32856756,32854042,32854407,835,38,0,0.0,1.0,1,7.85231,8.90224,endo_only
Stx18,chr5,38038742,+,38036242,38039242,38038963,38039555,875,51,0,0.0,1.0,1,4.04686,2.38208,endo_only
Lcorl,chr5,45857615,-,45857115,45860115,45856370,45858010,934,140,0,0.0,1.0,1,8.09373,9.29643,endo_only
4930449I04Rik,chr5,45857642,+,45855142,45858142,45856370,45858010,934,140,0,0.0,1.0,1,8.09373,9.29643,endo_only
Adgra3,chr5,50059006,-,50058506,50061506,50058259,50059228,966,97,0,0.0,1.0,1,6.45084,5.36409,endo_only
Gm42460,chr5,50059096,+,50056596,50059596,50058259,50059228,966,97,0,0.0,1.0,1,6.45084,5.36409,endo_only
Tbc1d19,chr5,53809606,+,53807106,53810106,53809530,53809743,995,22,0,0.0,1.0,1,7.85231,8.90224,endo_only
Stim2,chr5,53998499,+,53995999,53998999,53998193,53999166,996,119,0,0.0,1.0,2,5.20057,2.29198,endo_only
Pgm1,chr5,64092950,+,64090450,64093450,64092849,64093336,1073,45,0,0.0,1.0,1,6.28185,6.0421,endo_only
N4bp2os,chr5,65764379,-,65763879,65766879,65763327,65764867,1086,166,0,0.0,1.0,1,7.06708,7.44357,endo_only
N4bp2,chr5,65763521,+,65761021,65764021,65763327,65764867,1086,166,0,0.0,1.0,1,7.06708,7.44357,endo_only
Nsun7,chr5,66259897,+,66257397,66260397,66259949,66260315,1090,37,0,0.0,1.0,1,6.47498,6.31143,endo_only
Rasl11b,chr5,74195286,+,74192786,74195786,74194856,74195756,1151,93,0,0.0,1.0,1,4.71139,3.44848,endo_only
Gm42803,chr5,75155335,-,75154835,75157835,75156241,75156809,1158,48,0,0.0,1.0,1,4.71139,3.44848,endo_only
A730089K16Rik,chr5,76658355,-,76657855,76660855,76657534,76658400,1169,101,0,0.0,1.0,1,4.85624,3.59733,endo_only
Epha5,chr5,84417382,-,84416882,84419882,84417174,84417603,1229,49,0,0.0,1.0,1,7.08427,6.70544,endo_only
Scarb2,chr5,92506833,-,92506333,92509333,92505196,92505869,1290,69,0,0.0,1.0,1,7.85231,8.90224,endo_only
Gm43173,chr5,93093351,-,93092851,93095851,93092806,93094165,1295,100,0,0.0,1.0,1,4.85624,3.59733,endo_only
Sept11,chr5,93093437,+,93090937,93093937,93092806,93094165,1295,100,0,0.0,1.0,1,4.85624,3.59733,endo_only
Antxr2,chr5,98031043,-,98030543,98033543,98030523,98031323,1332,64,0,0.0,1.0,1,7.85231,8.90224,endo_only
Gm42759,chr5,98031567,+,98029067,98032067,98030523,98031323,1332,64,0,0.0,1.0,1,7.85231,8.90224,endo_only
Glmn,chr5,107597888,-,107597388,107600388,107597300,107597558,1405,24,0,0.0,1.0,1,6.47498,6.31143,endo_only
Rpap2,chr5,107597373,+,107594873,107597873,107597300,107597558,1405,24,0,0.0,1.0,1,6.47498,6.31143,endo_only
Ficd,chr5,113735803,+,113733303,113736303,113735546,113736018,1452,60,0,0.0,1.0,1,6.47498,6.31143,endo_only
Alkbh2,chr5,114128218,-,114127718,114130718,114127428,114128285,1455,67,0,0.0,1.0,1,16.9968,28.5747,endo_only
Dynll1,chr5,115300999,-,115300499,115303499,115300386,115301209,1464,79,0,0.0,1.0,1,6.45084,5.36409,endo_only
Gm13830,chr5,115301120,+,115298620,115301620,115300386,115301209,1464,79,0,0.0,1.0,1,6.45084,5.36409,endo_only
Gm43231,chr5,115429475,-,115428975,115431975,115429295,115430967,1465,146,0,0.0,1.0,1,7.85231,8.90224,endo_only
Naa25,chr5,121397936,+,121395436,121398436,121397859,121398427,1511,67,0,0.0,1.0,1,5.66561,4.91349,endo_only
Erp29,chr5,121452506,-,121452006,121455006,121452104,121452795,1511,83,0,0.0,1.0,1,5.8174,4.08472,endo_only
Tmem116,chr5,121451893,+,121449393,121452393,121452104,121452795,1511,83,0,0.0,1.0,1,5.8174,4.08472,endo_only
Clip1,chr5,123684618,-,123684118,123687118,123683511,123684372,1528,109,0,0.0,1.0,1,6.47498,6.31143,endo_only
Gm42651,chr5,123683468,-,123682968,123685968,123683511,123684372,1528,109,0,0.0,1.0,1,6.47498,6.31143,endo_only
Gm43797,chr5,123684775,+,123682275,123685275,123683511,123684372,1528,109,0,0.0,1.0,1,6.47498,6.31143,endo_only
Ccdc92,chr5,124862424,-,124861924,124864924,124861633,124863714,1537,236,0,0.0,1.0,1,4.71139,3.44848,endo_only
Zfp664,chr5,124862691,+,124860191,124863191,124861633,124863714,1537,236,0,0.0,1.0,1,4.71139,3.44848,endo_only
Gm15627,chr5,134099208,-,134098708,134101708,134099625,134100114,1608,50,0,0.0,1.0,1,7.06708,7.44357,endo_only
Gatsl2,chr5,134099711,+,134097211,134100211,134099625,134100114,1608,50,0,0.0,1.0,1,7.06708,7.44357,endo_only
Fzd9,chr5,135251230,-,135250730,135253730,135250228,135251487,1616,135,0,0.0,1.0,1,8.98457,9.46804,endo_only
Agfg2,chr5,137684726,-,137684226,137687226,137684161,137685031,1635,69,0,0.0,1.0,1,13.7593,21.1478,endo_only
Zscan21,chr5,138116903,+,138114403,138117403,138116834,138117154,1638,29,0,0.0,1.0,1,6.28185,6.0421,endo_only
Lamtor4,chr5,138255482,+,138252982,138255982,138255541,138255861,1639,27,0,0.0,1.0,1,10.5218,14.156,endo_only
Tecpr1,chr5,144223615,-,144223115,144226115,144223435,144223928,1685,52,0,0.0,1.0,1,6.28185,6.0421,endo_only
Gm43267,chr5,144223725,+,144221225,144224225,144223435,144223928,1685,52,0,0.0,1.0,1,6.28185,6.0421,endo_only
Rnf6,chr5,146221555,-,146221055,146224055,146221068,146221568,1700,56,0,0.0,1.0,1,7.06708,7.44357,endo_only
Thsd7a,chr6,12749410,-,12748910,12751910,12748826,12749436,682,49,0,0.0,1.0,1,5.49662,4.70524,endo_only
Capza2,chr6,17636234,+,17633734,17636734,17636840,17637325,719,52,0,0.0,1.0,1,4.85624,3.59733,endo_only
Cttnbp2,chr6,18514843,-,18514343,18517343,18514614,18515058,726,61,0,0.0,1.0,1,4.85624,3.59733,endo_only
Grm8,chr6,28135178,-,28134678,28137678,28134948,28135508,799,56,0,0.0,1.0,1,5.49662,4.70524,endo_only
Gm44354,chr6,29397576,-,29397076,29400076,29396379,29396656,809,24,0,0.0,1.0,1,5.49662,4.70524,endo_only
Chchd3,chr6,33060260,-,33059760,33062760,33059887,33060308,837,38,0,0.0,1.0,1,9.71247,12.4937,endo_only
Akr1b3,chr6,34317478,-,34316978,34319978,34317156,34317652,846,47,0,0.0,1.0,1,9.42278,11.9662,endo_only
3110062M04Rik,chr6,34878060,-,34877560,34880560,34877803,34878253,851,49,0,0.0,1.0,1,5.8174,4.08472,endo_only
Ezh2,chr6,47595341,-,47594841,47597841,47594209,47595636,948,140,0,0.0,1.0,1,9.42278,11.9662,endo_only
Zfp775,chr6,48602063,+,48599563,48602563,48601670,48602284,955,52,0,0.0,1.0,1,6.28185,6.0421,endo_only
Znrf2,chr6,54816916,+,54814416,54817416,54816484,54817543,1003,107,0,0.0,1.0,1,8.63755,10.4117,endo_only
Fkbp9,chr6,56832059,+,56829559,56832559,56831909,56832501,1018,50,0,0.0,1.0,1,6.45084,5.36409,endo_only
Gm16838,chr6,65779249,-,65778749,65781749,65778882,65779338,1086,50,0,0.0,1.0,1,6.45084,5.36409,endo_only
Prdm5,chr6,65778988,+,65776488,65779488,65778882,65779338,1086,50,0,0.0,1.0,1,6.45084,5.36409,endo_only
Thnsl2,chr6,71144439,-,71143939,71146939,71143854,71144338,1127,36,0,0.0,1.0,1,6.45084,5.36409,endo_only
B230319C09Rik,chr6,83441755,+,83439255,83442255,83441466,83441729,1221,32,0,0.0,1.0,2,6.28185,4.70524,endo_only
Dguok,chr6,83506969,-,83506469,83509469,83506706,83507080,1222,39,0,0.0,1.0,1,5.8174,4.08472,endo_only
Spr,chr6,85137766,-,85137266,85140266,85137409,85137931,1234,44,0,0.0,1.0,1,5.49662,4.70524,endo_only
Gm10444,chr6,85140505,+,85138005,85141005,85137409,85137931,1234,44,0,0.0,1.0,1,5.49662,4.70524,endo_only
Gfpt1,chr6,87042846,+,87040346,87043346,87042262,87043087,1249,67,0,0.0,1.0,1,6.45084,5.36409,endo_only
Magi1,chr6,94283917,-,94283417,94286417,94282825,94284758,1304,167,0,0.0,1.0,1,7.28435,7.77802,endo_only
Gm44065,chr6,97148194,+,97145694,97148694,97148453,97148996,1326,48,0,0.0,1.0,1,6.28185,6.0421,endo_only
4933440N22Rik,chr6,117907760,-,117907260,117910260,117906612,117908222,1484,171,0,0.0,1.0,1,7.7177,8.10044,endo_only
Csgalnact2,chr6,118139140,-,118138640,118141640,118138867,118139255,1486,45,0,0.0,1.0,1,6.45084,5.36409,endo_only
Cecr5,chr6,120531319,-,120530819,120533819,120530876,120531553,1504,75,0,0.0,1.0,1,6.28185,6.0421,endo_only
Usp18,chr6,121245906,+,121243406,121246406,121245707,121245917,1510,20,0,0.0,1.0,1,4.85624,3.59733,endo_only
Zfp384,chr6,125009145,+,125006645,125009645,125008833,125009436,1538,64,0,0.0,1.0,1,5.66561,4.91349,endo_only
Vamp1,chr6,125215551,+,125213051,125216051,125215530,125215961,1540,39,0,0.0,1.0,1,8.98457,9.46804,endo_only
Fkbp4,chr6,128438677,-,128438177,128441177,128437694,128438825,1564,124,0,0.0,1.0,1,7.06708,7.44357,endo_only
Gm10069,chr6,128438757,+,128436257,128439257,128437694,128438825,1564,124,0,0.0,1.0,1,7.06708,7.44357,endo_only
Arntl2,chr6,146796055,+,146793555,146796555,146795952,146796187,1704,21,0,0.0,1.0,1,5.49662,4.70524,endo_only
Oscar,chr7,3616157,-,3615657,3618657,3617298,3617534,612,17,0,0.0,1.0,1,8.98457,9.46804,endo_only
Ndufa3,chr7,3617373,+,3614873,3617873,3617298,3617534,612,17,0,0.0,1.0,1,8.98457,9.46804,endo_only
Tfpt,chr7,3629929,-,3629429,3632429,3629691,3630056,612,32,0,0.0,1.0,1,8.98457,9.46804,endo_only
Prpf31,chr7,3629985,+,3627485,3630485,3629691,3630056,612,32,0,0.0,1.0,1,8.98457,9.46804,endo_only
Leng1,chr7,3665840,-,3665340,3668340,3665238,3665517,612,27,0,0.0,1.0,1,10.9932,15.2033,endo_only
Gm15929,chr7,3666252,+,3663752,3666752,3665238,3665517,612,27,0,0.0,1.0,1,10.9932,15.2033,endo_only
Isoc2a,chr7,4877153,+,4874653,4877653,4876978,4877242,622,19,0,0.0,1.0,1,4.85624,3.59733,endo_only
Zim1,chr7,6696450,-,6695950,6698950,6696357,6696642,636,24,0,0.0,1.0,1,10.9932,15.2033,endo_only
Zfp954,chr7,7121488,-,7120988,7123988,7121294,7121514,639,17,0,0.0,1.0,1,6.45084,5.36409,endo_only
Gm44697,chr7,7122160,+,7119660,7122660,7121294,7121514,639,17,0,0.0,1.0,1,6.45084,5.36409,endo_only
Zik1,chr7,10495394,-,10494894,10497894,10495183,10495395,665,17,0,0.0,1.0,1,7.28435,7.77802,endo_only
Zfp606,chr7,12478293,+,12475793,12478793,12478243,12478755,680,46,0,0.0,1.0,1,7.85231,8.90224,endo_only
AC139131.1,chr7,12481176,+,12478676,12481676,12478243,12478755,680,46,0,0.0,1.0,1,7.85231,8.90224,endo_only
Zfp110,chr7,12834761,+,12832261,12835261,12834896,12835208,682,35,0,0.0,1.0,1,6.28185,6.0421,endo_only
6330408A02Rik,chr7,13278721,-,13278221,13281221,13278477,13279091,686,55,0,0.0,1.0,1,10.9932,15.2033,endo_only
Zfp180,chr7,24081924,+,24079424,24082424,24082063,24082312,768,24,0,0.0,1.0,1,5.8174,4.08472,endo_only
Irgq,chr7,24530689,+,24528189,24531189,24531432,24531907,772,34,0,0.0,1.0,2,7.075675,6.70544,endo_only
Egln2,chr7,27166802,-,27166302,27169302,27166120,27166952,792,71,0,0.0,1.0,1,7.28435,7.77802,endo_only
Gm15567,chr7,27257932,-,27257432,27260432,27258576,27258962,792,35,0,0.0,1.0,1,5.49662,4.70524,endo_only
Numbl,chr7,27258433,+,27255933,27258933,27258576,27258962,792,35,0,0.0,1.0,1,5.49662,4.70524,endo_only
Shkbp1,chr7,27356019,-,27355519,27358519,27355815,27356144,793,29,0,0.0,1.0,1,7.06708,7.44357,endo_only
Map3k10,chr7,27674598,-,27674098,27677098,27673584,27674640,796,99,0,0.0,1.0,1,8.9031,10.8692,endo_only
Spred3,chr7,29170411,-,29169911,29172911,29171122,29171848,807,57,0,0.0,1.0,1,6.47498,6.31143,endo_only
Ggn,chr7,29170210,+,29167710,29170710,29171122,29171848,807,57,0,0.0,1.0,1,6.47498,6.31143,endo_only
Psenen,chr7,30563627,-,30563127,30566127,30563166,30563502,818,29,0,0.0,1.0,1,6.47498,6.31143,endo_only
U2af1l4,chr7,30563301,+,30560801,30563801,30563166,30563502,818,29,0,0.0,1.0,1,6.47498,6.31143,endo_only
U2af1l4,chr7,30563344,+,30560844,30563844,30563166,30563502,818,29,0,0.0,1.0,1,6.47498,6.31143,endo_only
Igflr1,chr7,30565427,+,30562927,30565927,30563166,30563502,818,29,0,0.0,1.0,1,6.47498,6.31143,endo_only
Gm12764,chr7,34388665,+,34386165,34389165,34388766,34389984,847,122,0,0.0,1.0,1,5.49662,4.70524,endo_only
2310043P16Rik,chr7,34389732,+,34387232,34390232,34388766,34389984,847,122,0,0.0,1.0,1,5.49662,4.70524,endo_only
Rhpn2,chr7,35334170,+,35331670,35334670,35334211,35335129,854,66,0,0.0,1.0,1,7.28435,7.77802,endo_only
1600014C10Rik,chr7,38183217,+,38180717,38183717,38183665,38184097,876,36,0,0.0,1.0,1,4.85624,3.59733,endo_only
Prr12,chr7,45052881,-,45052381,45055381,45052638,45054164,928,114,0,0.0,1.0,1,5.49662,4.70524,endo_only
Adamts17,chr7,66839735,+,66837235,66840235,66839902,66840630,1094,83,0,0.0,1.0,1,8.63755,10.4117,endo_only
Gm44946,chr7,70345810,-,70345310,70348310,70346197,70346406,1121,21,0,0.0,1.0,1,7.06708,7.44357,endo_only
A730056A06Rik,chr7,73375774,-,73375274,73378274,73375247,73376344,1144,92,0,0.0,1.0,1,7.85231,8.90224,endo_only
Rgma,chr7,73375509,+,73373009,73376009,73375247,73376344,1144,92,0,0.0,1.0,1,7.85231,8.90224,endo_only
Sec11a,chr7,80947780,-,80947280,80950280,80947295,80947944,1202,51,0,0.0,1.0,1,7.08427,6.70544,endo_only
Pde8a,chr7,81213596,+,81211096,81214096,81213083,81214331,1204,181,0,0.0,1.0,1,6.28185,6.0421,endo_only
Cemip,chr7,84086502,-,84086002,84089002,84086232,84086786,1226,51,0,0.0,1.0,1,7.85231,8.90224,endo_only
Arnt2,chr7,84410176,-,84409676,84412676,84409544,84410337,1228,83,0,0.0,1.0,1,6.45084,5.36409,endo_only
Ctsc,chr7,88278085,+,88275585,88278585,88278003,88278275,1258,21,0,0.0,1.0,1,5.49662,4.70524,endo_only
Gm9934,chr7,93081027,-,93080527,93083527,93079824,93081200,1295,134,0,0.0,1.0,1,6.45084,5.36409,endo_only
Fam181b,chr7,93079865,+,93077365,93080365,93079824,93081200,1295,134,0,0.0,1.0,1,6.45084,5.36409,endo_only
Gm15506,chr7,98702928,-,98702428,98705428,98702691,98703607,1338,95,0,0.0,1.0,1,7.85231,8.90224,endo_only
Prkrir,chr7,98703103,+,98700603,98703603,98702691,98703607,1338,95,0,0.0,1.0,1,7.85231,8.90224,endo_only
Neu3,chr7,99828417,-,99827917,99830917,99828122,99828450,1346,23,0,0.0,1.0,1,5.49662,4.70524,endo_only
Rpl27a,chr7,109519147,+,109516647,109519647,109518879,109519670,1420,72,0,0.0,1.0,1,5.49662,4.70524,endo_only
Snora3,chr7,109520120,+,109517620,109520620,109518879,109519670,1420,72,0,0.0,1.0,1,5.49662,4.70524,endo_only
AC124457.1,chr7,109521249,+,109518749,109521749,109518879,109519670,1420,72,0,0.0,1.0,1,5.49662,4.70524,endo_only
Gm24888,chr7,109521280,+,109518780,109521780,109518879,109519670,1420,72,0,0.0,1.0,1,5.49662,4.70524,endo_only
Wee1,chr7,110122046,+,110119546,110122546,110121558,110123057,1425,171,0,0.0,1.0,1,8.63755,10.4117,endo_only
Psma1,chr7,114276118,-,114275618,114278618,114275769,114276278,1456,44,0,0.0,1.0,1,7.06708,7.44357,endo_only
Arl6ip1,chr7,118129662,-,118129162,118132162,118129309,118129813,1486,39,0,0.0,1.0,1,8.98457,9.46804,endo_only
Cdr2,chr7,120982312,-,120981812,120984812,120981717,120982723,1508,92,0,0.0,1.0,1,7.08427,6.70544,endo_only
4933427G17Rik,chr7,120982509,+,120980009,120983009,120981717,120982723,1508,92,0,0.0,1.0,1,7.08427,6.70544,endo_only
Gtf3c1,chr7,125707780,-,125707280,125710280,125707321,125708258,1544,80,0,0.0,1.0,1,6.47498,6.31143,endo_only
D430042O09Rik,chr7,125707888,+,125705388,125708388,125707321,125708258,1544,80,0,0.0,1.0,1,6.47498,6.31143,endo_only
Ino80e,chr7,126862377,-,126861877,126864877,126861763,126862650,1552,68,0,0.0,1.0,1,5.49662,4.70524,endo_only
Hirip3,chr7,126861972,+,126859472,126862472,126861763,126862650,1552,68,0,0.0,1.0,1,5.49662,4.70524,endo_only
E430018J23Rik,chr7,127393629,-,127393129,127396129,127393091,127393508,1556,34,0,0.0,1.0,1,5.49662,4.70524,endo_only
Fus,chr7,127967457,+,127964957,127967957,127967107,127968299,1561,118,0,0.0,1.0,1,7.85231,8.90224,endo_only
2310057M21Rik,chr7,131362759,-,131362259,131365259,131362266,131363378,1587,95,0,0.0,1.0,1,6.45084,5.36409,endo_only
Pstk,chr7,131371141,+,131368641,131371641,131371063,131371436,1587,42,0,0.0,1.0,1,5.66561,4.91349,endo_only
Mapk1ip1,chr7,138846273,-,138845773,138848773,138845951,138847068,1644,113,0,0.0,1.0,1,7.85231,8.90224,endo_only
Ppp2r2d,chr7,138846079,+,138843579,138846579,138845951,138847068,1644,113,0,0.0,1.0,1,7.85231,8.90224,endo_only
Adgra1,chr7,139834174,+,139831674,139834674,139834032,139834242,1651,21,0,0.0,1.0,1,6.28185,6.0421,endo_only
Mtg1,chr7,140137564,+,140135064,140138064,140137551,140137846,1654,30,0,0.0,1.0,1,5.66561,4.91349,endo_only
Hras,chr7,141194005,-,141193505,141196505,141193623,141195161,1662,128,0,0.0,1.0,1,5.49662,4.70524,endo_only
Lrrc56,chr7,141194157,+,141191657,141194657,141193623,141195161,1662,128,0,0.0,1.0,1,5.49662,4.70524,endo_only
Polr2l,chr7,141475132,-,141474632,141477632,141474932,141475787,1664,93,0,0.0,1.0,1,4.85624,3.59733,endo_only
Fadd,chr7,144582463,-,144581963,144584963,144582078,144582598,1688,53,0,0.0,1.0,1,7.7177,8.10044,endo_only
Mcoln1,chr8,3500457,+,3497957,3500957,3500174,3500966,611,76,0,0.0,1.0,1,6.28185,6.0421,endo_only
Pnpla6,chr8,3515384,+,3512884,3515884,3515318,3515566,611,18,0,0.0,1.0,1,6.28185,6.0421,endo_only
Efnb2,chr8,8661242,-,8660742,8663742,8659823,8661897,651,212,0,0.0,1.0,1,8.63755,10.4117,endo_only
4921522P10Rik,chr8,8661801,+,8659301,8662301,8659823,8661897,651,212,0,0.0,1.0,1,8.63755,10.4117,endo_only
Abhd13,chr8,9977707,+,9975207,9978207,9977664,9978197,661,60,0,0.0,1.0,1,7.08427,6.70544,endo_only
Kbtbd11,chr8,15011025,+,15008525,15011525,15011029,15012015,699,94,0,0.0,1.0,1,6.45084,5.36409,endo_only
Plpp5,chr8,25720037,+,25717537,25720537,25719972,25720494,781,50,0,0.0,1.0,1,9.42278,11.9662,endo_only
Vps37a,chr8,40511783,+,40509283,40512283,40511096,40512319,894,126,0,0.0,1.0,1,5.49662,4.70524,endo_only
Asah1,chr8,41374773,-,41374273,41377273,41374361,41374963,900,55,0,0.0,1.0,1,12.95,19.3526,endo_only
RP24-199K4.3,chr8,44935159,-,44934659,44937659,44934783,44935480,927,55,0,0.0,1.0,1,6.45084,5.36409,endo_only
Fat1,chr8,44935447,+,44932947,44935947,44934783,44935480,927,55,0,0.0,1.0,1,6.45084,5.36409,endo_only
Cep44,chr8,56551047,-,56550547,56553547,56550720,56551432,1016,57,0,0.0,1.0,1,6.45084,5.36409,endo_only
Fbxo8,chr8,56551090,+,56548590,56551590,56550720,56551432,1016,57,0,0.0,1.0,1,6.45084,5.36409,endo_only
Cpe,chr8,64693054,-,64692554,64695554,64692606,64693169,1078,58,0,0.0,1.0,1,6.47498,6.31143,endo_only
RP23-369P21.2,chr8,64947718,-,64947218,64950218,64947151,64947789,1080,73,0,0.0,1.0,1,5.66561,4.91349,endo_only
Tmem192,chr8,64947185,+,64944685,64947685,64947151,64947789,1080,73,0,0.0,1.0,1,5.66561,4.91349,endo_only
Ints10,chr8,68793929,+,68791429,68794429,68793601,68794246,1109,54,0,0.0,1.0,1,6.28185,6.0421,endo_only
Eps15l1,chr8,72421474,-,72420974,72423974,72420844,72421816,1137,108,0,0.0,1.0,1,5.18397,2.87461,endo_only
Large,chr8,73353540,-,73353040,73356040,73352585,73353911,1144,124,0,0.0,1.0,1,8.98457,9.46804,endo_only
Gm10649,chr8,76900621,-,76900121,76903121,76899273,76900752,1171,107,0,0.0,1.0,1,11.5183,15.6322,endo_only
Prmt9,chr8,77549397,+,77546897,77549897,77549333,77549559,1176,26,0,0.0,1.0,1,7.85231,8.90224,endo_only
Tmem184c,chr8,77610698,-,77610198,77613198,77610288,77610521,1177,27,0,0.0,1.0,1,5.49662,4.70524,endo_only
4933431K23Rik,chr8,77610860,+,77608360,77611360,77610288,77610521,1177,27,0,0.0,1.0,1,5.49662,4.70524,endo_only
Smad1,chr8,79399518,-,79399018,79402018,79398355,79399582,1190,143,0,0.0,1.0,1,7.06708,7.44357,endo_only
Itfg1,chr8,85840921,-,85840421,85843421,85840538,85840969,1239,52,0,0.0,1.0,1,6.28185,6.0421,endo_only
Phkb,chr8,85840959,+,85838459,85841459,85840538,85840969,1239,52,0,0.0,1.0,1,6.28185,6.0421,endo_only
Siah1a,chr8,86745934,-,86745434,86748434,86745325,86746376,1246,123,0,0.0,1.0,1,4.04686,2.38208,endo_only
Gm10638,chr8,86745699,+,86743199,86746199,86745325,86746376,1246,123,0,0.0,1.0,1,4.04686,2.38208,endo_only
Sall1,chr8,89044162,-,89043662,89046662,89041007,89044345,1264,261,0,0.0,1.0,1,6.28185,6.0421,endo_only
Chd9,chr8,90828352,+,90825852,90828852,90828686,90828982,1277,25,0,0.0,1.0,1,5.18397,2.87461,endo_only
Rbl2,chr8,91070057,+,91067557,91070557,91069993,91070507,1279,51,0,0.0,1.0,1,7.06708,7.44357,endo_only
Nup93,chr8,94214597,+,94212097,94215097,94214505,94215014,1303,51,0,0.0,1.0,1,7.08427,6.70544,endo_only
Ccdc102a,chr8,94918098,-,94917598,94920598,94917495,94918246,1309,77,0,0.0,1.0,1,5.66561,4.91349,endo_only
Fam96b,chr8,104641965,-,104641465,104644465,104641440,104642058,1383,61,0,0.0,1.0,1,7.85231,8.90224,endo_only
1700082M22Rik,chr8,104641807,+,104639307,104642307,104641440,104642058,1383,61,0,0.0,1.0,1,7.85231,8.90224,endo_only
Zfp90,chr8,106415339,+,106412839,106415839,106415255,106415558,1396,31,0,0.0,1.0,1,8.63755,10.4117,endo_only
Tmem231,chr8,111933791,-,111933291,111936291,111933341,111933810,1438,49,0,0.0,1.0,1,5.8174,4.08472,endo_only
Mbtps1,chr8,119558761,-,119558261,119561261,119558397,119558932,1497,81,0,0.0,1.0,1,6.45084,5.36409,endo_only
Fanca,chr8,123318576,-,123318076,123321076,123318347,123318618,1525,25,0,0.0,1.0,1,7.06708,7.44357,endo_only
Coa6,chr8,126422501,+,126420001,126423001,126422275,126422864,1549,56,0,0.0,1.0,1,5.18397,2.87461,endo_only
Ubl5,chr9,20642878,+,20640378,20643378,20641998,20642464,742,48,0,0.0,1.0,1,8.63755,10.4117,endo_only
Jam3,chr9,27155421,-,27154921,27157921,27155027,27155508,792,53,0,0.0,1.0,1,8.98457,9.46804,endo_only
St3gal4,chr9,35116810,-,35116310,35119310,35116564,35116956,852,45,0,0.0,1.0,1,9.42278,11.9662,endo_only
4930581F22Rik,chr9,35116728,+,35114228,35117228,35116564,35116956,852,45,0,0.0,1.0,1,9.42278,11.9662,endo_only
Dpagt1,chr9,44326845,+,44324345,44327345,44326916,44327163,923,24,0,0.0,1.0,1,5.8174,4.08472,endo_only
Hmbs,chr9,44344228,-,44343728,44346728,44343911,44344249,923,35,0,0.0,1.0,1,7.7177,8.10044,endo_only
1700042D02Rik,chr9,49055465,-,49054965,49057965,49055413,49055833,959,36,0,0.0,1.0,1,7.06708,7.44357,endo_only
Zw10,chr9,49055581,+,49053081,49056081,49055413,49055833,959,36,0,0.0,1.0,1,7.06708,7.44357,endo_only
Kdelc2,chr9,53384023,+,53381523,53384523,53383947,53384579,992,53,0,0.0,1.0,1,8.98457,9.46804,endo_only
Ireb2,chr9,54863755,+,54861255,54864255,54863617,54864118,1003,53,0,0.0,1.0,1,5.49662,4.70524,endo_only
Stoml1,chr9,58253164,+,58250664,58253664,58253065,58253422,1029,24,0,0.0,1.0,1,6.28185,6.0421,endo_only
Pkm,chr9,59656368,+,59653868,59656868,59656245,59657561,1040,100,0,0.0,1.0,1,9.618,10.955,endo_only
Lrrc49,chr9,60688158,-,60687658,60690658,60687984,60688225,1048,18,0,0.0,1.0,1,5.66561,4.91349,endo_only
B930082K07Rik,chr9,60687719,+,60685219,60688219,60687984,60688225,1048,18,0,0.0,1.0,1,5.66561,4.91349,endo_only
Iqch,chr9,63602493,-,63601993,63604993,63602464,63602905,1070,56,0,0.0,1.0,1,5.49662,4.70524,endo_only
Aagab,chr9,63602655,+,63600155,63603155,63602464,63602905,1070,56,0,0.0,1.0,1,5.49662,4.70524,endo_only
Map2k1,chr9,64253631,-,64253131,64256131,64253118,64253860,1075,85,0,0.0,1.0,1,7.08427,6.70544,endo_only
Herc1,chr9,66350450,+,66347950,66350950,66349996,66351049,1091,96,0,0.0,1.0,1,5.66561,4.91349,endo_only
Aph1b,chr9,66795490,-,66794990,66797990,66795188,66795964,1094,66,0,0.0,1.0,1,7.7177,8.10044,endo_only
Gm10647,chr9,66797039,+,66794539,66797539,66795188,66795964,1094,66,0,0.0,1.0,1,7.7177,8.10044,endo_only
Gm4978,chr9,69451035,-,69450535,69453535,69453637,69454125,1114,41,0,0.0,1.0,1,6.28185,6.0421,endo_only
Anxa2,chr9,69453620,+,69451120,69454120,69453637,69454125,1114,41,0,0.0,1.0,1,6.28185,6.0421,endo_only
Sltm,chr9,70542920,+,70540420,70543420,70542322,70543417,1123,103,0,0.0,1.0,1,7.7177,8.10044,endo_only
Ccpg1os,chr9,72985382,-,72984882,72987882,72985204,72986093,1141,89,0,0.0,1.0,1,6.28185,6.0421,endo_only
Ccpg1,chr9,72985429,+,72982929,72985929,72985204,72986093,1141,89,0,0.0,1.0,1,6.28185,6.0421,endo_only
Cep162,chr9,87255536,-,87255036,87258036,87255277,87255637,1250,28,0,0.0,1.0,1,9.618,10.955,endo_only
Nt5e,chr9,88327197,+,88324697,88327697,88327104,88327879,1258,62,0,0.0,1.0,1,6.47498,6.31143,endo_only
Plscr1,chr9,92249750,+,92247250,92250250,92250368,92250657,1288,24,0,0.0,1.0,1,7.85231,8.90224,endo_only
Spsb4,chr9,97018843,-,97018343,97021343,97018037,97019105,1325,104,0,0.0,1.0,1,7.28435,7.77802,endo_only
Slc25a36,chr9,97111157,-,97110657,97113657,97110593,97111378,1325,90,0,0.0,1.0,1,6.45084,5.36409,endo_only
4930579K19Rik,chr9,98563611,-,98563111,98566111,98563278,98564103,1336,69,0,0.0,1.0,1,7.06708,7.44357,endo_only
Copb2,chr9,98563721,+,98561221,98564221,98563278,98564103,1336,69,0,0.0,1.0,1,7.06708,7.44357,endo_only
Dzip1l,chr9,99629496,+,99626996,99629996,99629582,99630044,1345,39,0,0.0,1.0,1,7.08427,6.70544,endo_only
Amotl2,chr9,102716672,+,102714172,102717172,102717597,102718950,1368,105,0,0.0,1.0,1,7.7177,8.10044,endo_only
Gm42470,chr9,110655679,+,110653179,110656179,110653672,110654307,1429,69,0,0.0,1.0,1,9.618,10.955,endo_only
Sec22c,chr9,121705490,-,121704990,121707990,121704737,121705299,1513,54,0,0.0,1.0,1,8.63755,10.4117,endo_only
Mthfd1l,chr10,3973118,+,3970618,3973618,3973179,3973942,615,69,0,0.0,1.0,1,7.06708,7.44357,endo_only
Samd5,chr10,9675208,-,9674708,9677708,9674617,9675547,658,94,0,0.0,1.0,1,6.28185,6.0421,endo_only
Stxbp5,chr10,9901079,-,9900579,9903579,9900396,9901332,660,104,0,0.0,1.0,2,7.4597,4.70524,endo_only
Hivep2,chr10,13966075,+,13963575,13966575,13964565,13967616,691,235,0,0.0,1.0,1,6.28185,6.0421,endo_only
Pex7,chr10,19907689,-,19907189,19910189,19907369,19907747,736,59,0,0.0,1.0,1,7.28435,7.77802,endo_only
Rps12,chr10,23787195,-,23786695,23789695,23786957,23787467,766,51,0,0.0,1.0,1,4.71139,3.44848,endo_only
Snora33,chr10,23785475,-,23784975,23787975,23786957,23787467,766,51,0,0.0,1.0,1,4.71139,3.44848,endo_only
Snord100,chr10,23785823,-,23785323,23788323,23786957,23787467,766,51,0,0.0,1.0,1,4.71139,3.44848,endo_only
Gm23130,chr10,23786543,-,23786043,23789043,23786957,23787467,766,51,0,0.0,1.0,1,4.71139,3.44848,endo_only
Gm9996,chr10,29144194,-,29143694,29146694,29146671,29147681,807,82,0,0.0,1.0,1,7.06708,7.44357,endo_only
Echdc1,chr10,29313166,+,29310666,29313666,29313242,29313586,808,42,0,0.0,1.0,1,7.06708,7.44357,endo_only
5930403N24Rik,chr10,37139402,+,37136902,37139902,37136112,37137316,868,139,0,0.0,1.0,1,4.71139,3.44848,endo_only
Fam229b,chr10,39133914,-,39133414,39136414,39133882,39134286,883,35,0,0.0,1.0,1,5.49662,4.70524,endo_only
Tube1,chr10,39134023,+,39131523,39134523,39133882,39134286,883,35,0,0.0,1.0,1,5.49662,4.70524,endo_only
Mfsd4b1,chr10,40025268,-,40024768,40027768,40024853,40025279,890,35,0,0.0,1.0,1,4.71139,3.44848,endo_only
Zbtb24,chr10,41450396,+,41447896,41450896,41450337,41450690,901,43,0,0.0,1.0,1,5.49662,4.70524,endo_only
Nr2e1,chr10,42583632,-,42583132,42586132,42582007,42584739,909,184,0,0.0,1.0,1,7.7177,8.10044,endo_only
Ostm1,chr10,42583822,+,42581322,42584322,42582007,42584739,909,184,0,0.0,1.0,1,7.7177,8.10044,endo_only
Pdss2,chr10,43221486,+,43218986,43221986,43221048,43222034,914,72,0,0.0,1.0,1,7.85231,8.90224,endo_only
Ascc3,chr10,50592669,+,50590169,50593169,50592508,50593018,970,63,0,0.0,1.0,1,8.63755,10.4117,endo_only
Slc29a3,chr10,60752794,-,60752294,60755294,60752587,60752945,1048,27,0,0.0,1.0,1,8.35113,9.46804,endo_only
Unc5b,chr10,60831581,-,60831081,60834081,60830546,60831810,1049,142,0,0.0,1.0,1,10.9932,15.2033,endo_only
Ctnna3,chr10,63430098,+,63427598,63430598,63429559,63430167,1068,72,0,0.0,1.0,1,6.28185,6.0421,endo_only
Cisd1,chr10,71344954,-,71344454,71347454,71344489,71345106,1129,68,0,0.0,1.0,1,6.28185,6.0421,endo_only
Ipmk,chr10,71347763,+,71345263,71348263,71347544,71348544,1129,92,0,0.0,1.0,1,6.28185,6.0421,endo_only
Pttg1ip,chr10,77581720,+,77579220,77582220,77581577,77582125,1176,57,0,0.0,1.0,1,6.28185,6.0421,endo_only
Pdxk,chr10,78464975,-,78464475,78467475,78464507,78465077,1183,52,0,0.0,1.0,1,6.28185,6.0421,endo_only
Zfp873,chr10,82048123,+,82045623,82048623,82048213,82048478,1210,29,0,0.0,1.0,1,5.18397,2.87461,endo_only
Gm15608,chr10,82178235,+,82175735,82178735,82178292,82178540,1211,28,0,0.0,1.0,1,8.35113,9.46804,endo_only
Tdg,chr10,82629828,+,82627328,82630328,82629705,82630318,1215,83,0,0.0,1.0,1,6.28185,6.0421,endo_only
Txnrd1,chr10,82859206,+,82856706,82859706,82858991,82859430,1217,40,0,0.0,1.0,1,7.28435,7.77802,endo_only
Chst11,chr10,82985498,+,82982998,82985998,82985164,82985876,1218,67,0,0.0,1.0,1,6.45084,5.36409,endo_only
1700113H08Rik,chr10,87058045,+,87055545,87058545,87058383,87058611,1249,25,0,0.0,1.0,1,4.04686,2.38208,endo_only
Actr6,chr10,89732295,-,89731795,89734795,89732032,89732462,1269,37,0,0.0,1.0,1,4.85624,3.59733,endo_only
Cep83os,chr10,94688613,-,94688113,94691113,94688296,94689126,1307,95,0,0.0,1.0,1,6.28185,6.0421,endo_only
Cep83,chr10,94688790,+,94686290,94689290,94688296,94689126,1307,95,0,0.0,1.0,1,6.28185,6.0421,endo_only
4930430F08Rik,chr10,100589259,-,100588759,100591759,100588950,100589339,1352,31,0,0.0,1.0,1,4.04686,2.38208,endo_only
1700017N19Rik,chr10,100590511,+,100588011,100591011,100588950,100589339,1352,31,0,0.0,1.0,1,4.04686,2.38208,endo_only
Krr1,chr10,111972664,+,111970164,111973164,111972630,111973268,1439,49,0,0.0,1.0,1,6.28185,6.0421,endo_only
Kcnmb4os1,chr10,116418052,+,116415552,116418552,116418100,116418397,1473,20,0,0.0,1.0,1,7.85231,8.90224,endo_only
Tbk1,chr10,121586794,-,121586294,121589294,121586706,121587024,1512,45,0,0.0,1.0,1,5.49662,4.70524,endo_only
Usp15,chr10,123196935,-,123196435,123199435,123196325,123197341,1524,102,0,0.0,1.0,1,6.28185,6.0421,endo_only
Gm27920,chr10,123196971,-,123196471,123199471,123196325,123197341,1524,102,0,0.0,1.0,1,6.28185,6.0421,endo_only
4921536K21Rik,chr11,3895098,-,3894598,3897598,3894617,3895477,614,55,0,0.0,1.0,1,6.28185,6.0421,endo_only
Dusp18,chr11,3895240,+,3892740,3895740,3894617,3895477,614,55,0,0.0,1.0,1,6.28185,6.0421,endo_only
Tmed4,chr11,6274870,-,6274370,6277370,6274673,6275009,632,30,0,0.0,1.0,1,7.85231,8.90224,endo_only
Zmiz2,chr11,6389074,+,6386574,6389574,6389594,6389970,633,29,0,0.0,1.0,1,7.06708,7.44357,endo_only
Sec61g,chr11,16508484,-,16507984,16510984,16507843,16508363,710,42,0,0.0,1.0,1,8.63755,10.4117,endo_only
Otx1,chr11,22002897,-,22002397,22005397,22003780,22004051,752,20,0,0.0,1.0,1,4.85624,3.59733,endo_only
Gm12057,chr11,22859545,-,22859045,22862045,22858860,22859999,759,122,0,0.0,1.0,1,6.47498,6.31143,endo_only
9130230N09Rik,chr11,22858931,+,22856431,22859431,22858860,22859999,759,122,0,0.0,1.0,1,6.47498,6.31143,endo_only
Rel,chr11,23770970,-,23770470,23773470,23770520,23771541,766,101,0,0.0,1.0,1,5.8174,4.08472,endo_only
Ccdc85a,chr11,28584324,-,28583824,28586824,28583291,28583837,803,57,0,0.0,1.0,1,8.35113,9.46804,endo_only
Acyp2,chr11,30649587,-,30649087,30652087,30649110,30649612,818,38,0,0.0,1.0,1,8.35113,9.46804,endo_only
Erlec1,chr11,30954335,-,30953835,30956835,30954309,30954643,821,36,0,0.0,1.0,1,5.8174,4.08472,endo_only
Nprl3,chr11,32267707,-,32267207,32270207,32267338,32267732,831,44,0,0.0,1.0,1,4.71139,3.44848,endo_only
Ranbp17,chr11,33513746,-,33513246,33516246,33513021,33513849,840,98,0,0.0,1.0,1,6.28185,6.0421,endo_only
Spdl1,chr11,34833641,-,34833141,34836141,34833362,34833910,850,43,0,0.0,1.0,1,10.9932,15.2033,endo_only
Gm37695,chr11,44617016,-,44616516,44619516,44618233,44618626,925,47,0,0.0,1.0,1,10.2514,12.4808,endo_only
Ebf1,chr11,44617317,+,44614817,44617817,44618233,44618626,925,47,0,0.0,1.0,1,10.2514,12.4808,endo_only
Adam19,chr11,46055992,+,46053492,46056492,46056019,46056350,936,31,0,0.0,1.0,1,4.85624,3.59733,endo_only
Cdkl3,chr11,52004221,+,52001721,52004721,52004136,52004446,981,32,0,0.0,1.0,1,8.09373,9.29643,endo_only
A430108G06Rik,chr11,53567313,-,53566813,53569813,53567249,53567852,993,62,0,0.0,1.0,1,5.8174,4.08472,endo_only
Kif3a,chr11,53567379,+,53564879,53567879,53567249,53567852,993,62,0,0.0,1.0,1,5.8174,4.08472,endo_only
Hist3h2bb-ps,chr11,58954512,-,58954012,58957012,58953894,58955059,1034,85,0,0.0,1.0,1,6.45084,5.36409,endo_only
Hist3h2a,chr11,58954685,+,58952185,58955185,58953894,58955059,1034,85,0,0.0,1.0,1,6.45084,5.36409,endo_only
Trim17,chr11,58954685,+,58952185,58955185,58953894,58955059,1034,85,0,0.0,1.0,1,6.45084,5.36409,endo_only
Gm44313,chr11,58955120,-,58954620,58957620,58953894,58955059,1034,85,0,0.0,1.0,1,6.45084,5.36409,endo_only
Top3a,chr11,60777365,-,60776865,60779865,60776788,60777767,1048,70,0,0.0,1.0,1,7.06708,7.44357,endo_only
Smcr8,chr11,60777524,+,60775024,60778024,60776788,60777767,1048,70,0,0.0,1.0,1,7.06708,7.44357,endo_only
Map2k3os,chr11,60931867,-,60931367,60934367,60931508,60932362,1049,76,0,0.0,1.0,1,10.208,13.5659,endo_only
Map2k3,chr11,60932033,+,60929533,60932533,60931508,60932362,1049,76,0,0.0,1.0,1,10.208,13.5659,endo_only
Zkscan6,chr11,65807175,+,65804675,65807675,65807181,65807498,1087,41,0,0.0,1.0,1,6.28185,6.0421,endo_only
Dnah9,chr11,66168551,-,66168051,66171051,66168092,66168506,1089,40,0,0.0,1.0,1,6.45084,5.36409,endo_only
Gm12296,chr11,66168035,+,66165535,66168535,66168092,66168506,1089,40,0,0.0,1.0,1,6.45084,5.36409,endo_only
Slc16a13,chr11,70221064,-,70220564,70223564,70220439,70220681,1120,21,0,0.0,1.0,1,7.06708,7.44357,endo_only
Mink1,chr11,70562881,+,70560381,70563381,70562702,70563196,1123,72,0,0.0,1.0,1,6.28185,6.0421,endo_only
Wscd1,chr11,71749920,+,71747420,71750420,71750622,71751672,1132,106,0,0.0,1.0,1,8.09373,9.29643,endo_only
Cyb5d2,chr11,72796142,-,72795642,72798642,72795423,72796848,1140,125,0,0.0,1.0,1,6.28185,6.0421,endo_only
Zzef1,chr11,72796226,+,72793726,72796726,72795423,72796848,1140,125,0,0.0,1.0,1,6.28185,6.0421,endo_only
Srr,chr11,74925948,-,74925448,74928448,74925445,74926404,1156,92,0,0.0,1.0,1,6.28185,6.0421,endo_only
Smg6,chr11,74925823,+,74923323,74926323,74925445,74926404,1156,92,0,0.0,1.0,1,6.28185,6.0421,endo_only
2210008F06Rik,chr11,77489854,+,77487354,77490354,77489423,77490134,1176,67,0,0.0,1.0,1,7.7177,8.10044,endo_only
Taok1,chr11,77607815,-,77607315,77610315,77607212,77608155,1177,82,0,0.0,1.0,1,4.71139,3.44848,endo_only
Nek8,chr11,78176675,-,78176175,78179175,78178213,78179010,1181,80,0,0.0,1.0,1,7.85231,8.90224,endo_only
Mir7653,chr11,78178827,+,78176327,78179327,78178213,78179010,1181,80,0,0.0,1.0,1,7.85231,8.90224,endo_only
Ksr1,chr11,79146407,-,79145907,79148907,79145639,79146666,1188,94,0,0.0,1.0,1,7.06708,7.44357,endo_only
Utp6,chr11,79962390,-,79961890,79964890,79962139,79962682,1195,39,0,0.0,1.0,1,7.85231,8.90224,endo_only
Cct6b,chr11,82764321,-,82763821,82766821,82763856,82764791,1216,66,0,0.0,1.0,1,7.08427,6.70544,endo_only
Zfp830,chr11,82764345,+,82761845,82764845,82763856,82764791,1216,66,0,0.0,1.0,1,7.08427,6.70544,endo_only
Ypel2,chr11,86993707,-,86993207,86996207,86993023,86993951,1248,96,0,0.0,1.0,1,9.618,10.955,endo_only
Nme2,chr11,93956259,-,93955759,93958759,93955400,93956062,1301,59,0,0.0,1.0,1,7.06708,7.44357,endo_only
Pdk2,chr11,95041354,-,95040854,95043854,95041096,95041507,1310,44,0,0.0,1.0,1,6.45084,5.36409,endo_only
Gm29477,chr11,95384507,-,95384007,95387007,95384422,95385054,1312,51,0,0.0,1.0,1,6.28185,6.0421,endo_only
Slc35b1,chr11,95384692,+,95382192,95385192,95384422,95385054,1312,51,0,0.0,1.0,1,6.28185,6.0421,endo_only
Snx11,chr11,96777559,-,96777059,96780059,96777424,96777830,1323,41,0,0.0,1.0,1,10.208,13.5659,endo_only
Srcin1,chr11,97576186,-,97575686,97578686,97575034,97575455,1329,45,0,0.0,1.0,1,8.35113,9.46804,endo_only
Atp6v0a1,chr11,101009452,+,101006952,101009952,101009431,101009638,1355,19,0,0.0,1.0,1,7.06708,7.44357,endo_only
Etv4,chr11,101785371,-,101784871,101787871,101784509,101785248,1361,66,0,0.0,1.0,1,5.49662,4.70524,endo_only
Kif18b,chr11,102925124,-,102924624,102927624,102924799,102925274,1370,50,0,0.0,1.0,1,5.49662,4.70524,endo_only
Snord104,chr11,106500993,+,106498493,106501493,106500859,106501412,1397,47,0,0.0,1.0,1,6.28185,6.0421,endo_only
Gm22711,chr11,106501243,+,106498743,106501743,106500859,106501412,1397,47,0,0.0,1.0,1,6.28185,6.0421,endo_only
Gm22711,chr11,106501245,+,106498745,106501745,106500859,106501412,1397,47,0,0.0,1.0,1,6.28185,6.0421,endo_only
Birc5,chr11,117849251,+,117846751,117849751,117849037,117849555,1484,47,0,0.0,1.0,1,5.8174,4.08472,endo_only
Metrnl,chr11,121701544,+,121699044,121702044,121702214,121702990,1513,72,0,0.0,1.0,1,7.08427,6.70544,endo_only
Sf3b6,chr12,4817608,+,4815108,4818108,4817253,4817906,621,53,0,0.0,1.0,1,7.08427,6.70544,endo_only
Pum2,chr12,8674134,+,8671634,8674634,8673955,8674910,651,101,0,0.0,1.0,1,7.06708,7.44357,endo_only
Wdr35,chr12,8973892,+,8971392,8974392,8973788,8974262,653,46,0,0.0,1.0,1,4.85624,3.59733,endo_only
Hpcal1,chr12,17690814,+,17688314,17691314,17690630,17691536,719,89,0,0.0,1.0,1,7.7177,8.10044,endo_only
Adam17,chr12,21373632,-,21373132,21376132,21373232,21374059,748,63,0,0.0,1.0,1,8.98457,9.46804,endo_only
Cmpk2,chr12,26469204,+,26466704,26469704,26469171,26469850,786,59,0,0.0,1.0,1,5.18397,2.87461,endo_only
Trappc12,chr12,28750453,-,28749953,28752953,28750203,28750524,804,32,0,0.0,1.0,1,6.28185,6.0421,endo_only
Tssc1,chr12,28751828,+,28749328,28752328,28750203,28750524,804,32,0,0.0,1.0,1,6.28185,6.0421,endo_only
Nrcam,chr12,44328885,+,44326385,44329385,44328640,44329689,923,107,0,0.0,1.0,2,6.290445,4.70524,endo_only
L2hgdh,chr12,69724874,-,69724374,69727374,69724479,69725206,1116,69,0,0.0,1.0,1,6.45084,5.36409,endo_only
Atp5s,chr12,69724962,+,69722462,69725462,69724479,69725206,1116,69,0,0.0,1.0,1,6.45084,5.36409,endo_only
Tmx1,chr12,70453095,+,70450595,70453595,70452890,70453367,1122,45,0,0.0,1.0,1,4.04686,2.38208,endo_only
Pcnx4,chr12,72536357,+,72533857,72536857,72536070,72536529,1138,43,0,0.0,1.0,1,8.09373,9.29643,endo_only
Snapc1,chr12,73964530,+,73962030,73965030,73964395,73964972,1149,51,0,0.0,1.0,1,8.63755,10.4117,endo_only
Syne2,chr12,75818134,+,75815634,75818634,75818003,75819124,1163,122,0,0.0,1.0,1,5.49662,4.70524,endo_only
Gphn,chr12,78226655,+,78224155,78227155,78225820,78227437,1181,152,0,0.0,1.0,1,5.8174,4.08472,endo_only
Eif2b2,chr12,85219481,+,85216981,85219981,85219146,85219906,1235,62,0,0.0,1.0,1,5.8174,4.08472,endo_only
Atxn3,chr12,101958246,-,101957746,101960746,101957878,101958412,1362,60,0,0.0,1.0,1,7.7177,8.10044,endo_only
Unc79,chr12,102948859,+,102946359,102949359,102948857,102949644,1370,68,0,0.0,1.0,1,5.49662,4.70524,endo_only
Ddx24,chr12,103425867,-,103425367,103428367,103425495,103426077,1374,48,0,0.0,1.0,1,6.45084,5.36409,endo_only
Cinp,chr12,110889145,-,110888645,110891645,110888690,110889614,1431,84,0,0.0,1.0,1,5.49662,4.70524,endo_only
Tecpr2,chr12,110889264,+,110886764,110889764,110888690,110889614,1431,84,0,0.0,1.0,1,5.49662,4.70524,endo_only
Traf3,chr12,111166370,+,111163870,111166870,111166356,111166931,1433,58,0,0.0,1.0,1,5.8174,4.08472,endo_only
Fam208b,chr13,3611108,-,3610608,3613608,3610510,3611307,612,90,0,0.0,1.0,1,8.63755,10.4117,endo_only
Net1,chr13,3918220,-,3917720,3920720,3917723,3918274,614,48,0,0.0,1.0,1,8.63755,10.4117,endo_only
Wdr37,chr13,8871909,-,8871409,8874409,8870777,8871471,652,56,0,0.0,1.0,1,6.28185,6.0421,endo_only
Gtpbp4,chr13,8996017,-,8995517,8998517,8995785,8996419,653,58,0,0.0,1.0,1,9.42278,11.9662,endo_only
Ero1lb,chr13,12565883,+,12563383,12566383,12565826,12566382,680,64,0,0.0,1.0,1,7.06708,7.44357,endo_only
Lyst,chr13,13590409,+,13587909,13590909,13590248,13591004,688,80,0,0.0,1.0,1,8.9031,10.8692,endo_only
Tbce,chr13,14039638,-,14039138,14042138,14039386,14039784,692,28,0,0.0,1.0,1,5.18397,2.87461,endo_only
Amph,chr13,18948351,+,18945851,18948851,18948372,18949027,729,59,0,0.0,1.0,1,6.45084,5.36409,endo_only
Sfrp4,chr13,19623175,+,19620675,19623675,19623025,19623283,734,24,0,0.0,1.0,1,5.49662,4.70524,endo_only
Gm44297,chr13,23534254,-,23533754,23536754,23535285,23535842,764,58,0,0.0,1.0,1,6.47498,6.31143,endo_only
Hist1h3g,chr13,23535434,+,23532934,23535934,23535285,23535842,764,58,0,0.0,1.0,1,6.47498,6.31143,endo_only
Exoc2,chr13,30974047,-,30973547,30976547,30973747,30974136,821,49,0,0.0,1.0,1,4.71139,3.44848,endo_only
Gm5447,chr13,30974204,+,30971704,30974704,30973747,30974136,821,49,0,0.0,1.0,1,4.71139,3.44848,endo_only
Psmg4,chr13,34162964,+,34160464,34163464,34162935,34163304,845,36,0,0.0,1.0,1,6.28185,6.0421,endo_only
Nrn1,chr13,36734477,-,36733977,36736977,36735064,36735286,865,27,0,0.0,1.0,1,7.7177,8.10044,endo_only
Bloc1s5,chr13,38635109,-,38634609,38637609,38634762,38635300,879,51,0,0.0,1.0,1,7.08427,6.70544,endo_only
Tbc1d7,chr13,43171501,-,43171001,43174001,43171283,43171787,914,49,0,0.0,1.0,1,5.18397,2.87461,endo_only
Gmpr,chr13,45507444,+,45504944,45507944,45507386,45507769,932,46,0,0.0,1.0,1,5.49662,4.70524,endo_only
Tspan17,chr13,54789377,+,54786877,54789877,54789073,54790023,1003,73,0,0.0,1.0,1,7.08427,6.70544,endo_only
Uimc1,chr13,55100300,-,55099800,55102800,55099818,55100253,1005,62,0,0.0,1.0,1,5.49662,4.70524,endo_only
Ddx41,chr13,55536658,-,55536158,55539158,55536244,55536886,1008,67,0,0.0,1.0,1,8.98457,9.46804,endo_only
Ubqln1,chr13,58215653,-,58215153,58218153,58215251,58216067,1029,104,0,0.0,1.0,1,4.71139,3.44848,endo_only
Dapk1,chr13,60601947,+,60599447,60602447,60601761,60602653,1047,96,0,0.0,1.0,1,5.49662,4.70524,endo_only
Ctsl,chr13,64370306,-,64369806,64372806,64369856,64370443,1076,53,0,0.0,1.0,1,8.63755,10.4117,endo_only
Cdk20,chr13,64432553,+,64430053,64433053,64432348,64432883,1076,47,0,0.0,1.0,1,7.08427,6.70544,endo_only
Mterf3,chr13,66933088,-,66932588,66935588,66932700,66933520,1095,87,0,0.0,1.0,1,7.08427,6.70544,endo_only
Ptdss1,chr13,66932830,+,66930330,66933330,66932700,66933520,1095,87,0,0.0,1.0,1,7.08427,6.70544,endo_only
Zfp748,chr13,67553138,-,67552638,67555638,67552939,67553199,1100,25,0,0.0,1.0,1,5.66561,4.91349,endo_only
9430065F17Rik,chr13,67553234,+,67550734,67553734,67552939,67553199,1100,25,0,0.0,1.0,1,5.66561,4.91349,endo_only
Ube2ql1,chr13,69739897,-,69739397,69742397,69738588,69740070,1117,150,0,0.0,1.0,1,7.06708,7.44357,endo_only
Ell2,chr13,75707484,+,75704984,75707984,75707246,75708619,1162,140,0,0.0,1.0,1,7.28435,7.77802,endo_only
Polr3g,chr13,81711013,-,81710513,81713513,81710936,81711912,1208,82,0,0.0,1.0,1,6.45084,5.36409,endo_only
Mblac2,chr13,81711417,+,81708917,81711917,81710936,81711912,1208,82,0,0.0,1.0,1,6.45084,5.36409,endo_only
Zcchc9,chr13,91807705,-,91807205,91810205,91807249,91807719,1285,46,0,0.0,1.0,1,9.42278,11.9662,endo_only
Aggf1,chr13,95375352,-,95374852,95377852,95374831,95375441,1312,81,0,0.0,1.0,1,5.49662,4.70524,endo_only
Enc1,chr13,97241105,+,97238605,97241605,97240816,97241892,1326,111,0,0.0,1.0,1,7.08427,6.70544,endo_only
Ppwd1,chr13,104228844,-,104228344,104231344,104228524,104229200,1380,63,0,0.0,1.0,1,5.8174,4.08472,endo_only
Cenpk,chr13,104228955,+,104226455,104229455,104228524,104229200,1380,63,0,0.0,1.0,1,5.8174,4.08472,endo_only
Cwc27,chr13,104817142,-,104816642,104819642,104817028,104817334,1384,25,0,0.0,1.0,1,5.49662,4.70524,endo_only
Ndufaf2,chr13,108158625,-,108158125,108161125,108158157,108159000,1410,72,0,0.0,1.0,1,9.618,10.955,endo_only
Ercc8,chr13,108158731,+,108156231,108159231,108158157,108159000,1410,72,0,0.0,1.0,1,9.618,10.955,endo_only
Fhit,chr14,11162035,-,11161535,11164535,11161667,11161890,670,18,0,0.0,1.0,1,5.8174,4.08472,endo_only
Slc4a7,chr14,14703025,+,14700525,14703525,14702707,14703781,697,126,0,0.0,1.0,1,5.18397,2.87461,endo_only
Thrb,chr14,17660960,+,17658460,17661460,17660327,17661154,719,88,0,0.0,1.0,1,7.85231,8.90224,endo_only
Zmiz1os1,chr14,25461128,-,25460628,25463628,25459062,25461092,779,190,0,0.0,1.0,1,7.85231,8.90224,endo_only
Zmiz1,chr14,25459185,+,25456685,25459685,25459062,25461092,779,190,0,0.0,1.0,1,7.85231,8.90224,endo_only
Actr8,chr14,29978337,+,29975837,29978837,29978335,29978793,813,35,0,0.0,1.0,1,7.85231,8.90224,endo_only
Phf7,chr14,31251218,-,31250718,31253718,31250806,31251709,823,84,0,0.0,1.0,1,5.18397,2.87461,endo_only
Bap1,chr14,31251450,+,31248950,31251950,31250806,31251709,823,84,0,0.0,1.0,1,5.18397,2.87461,endo_only
Cdkn3,chr14,46760541,+,46758041,46761041,46760328,46760830,941,53,0,0.0,1.0,1,8.35113,9.46804,endo_only
Atg14,chr14,47568434,-,47567934,47570934,47568168,47568375,947,28,0,0.0,1.0,1,5.49662,4.70524,endo_only
Exoc5,chr14,49066653,-,49066153,49069153,49065833,49066540,959,86,0,0.0,1.0,1,10.2514,12.4808,endo_only
Ap5m1,chr14,49066495,+,49063995,49066995,49065833,49066540,959,86,0,0.0,1.0,1,10.2514,12.4808,endo_only
Tmem55b,chr14,50930856,-,50930356,50933356,50930361,50931313,973,93,0,0.0,1.0,1,9.42278,11.9662,endo_only
Ajuba,chr14,54577661,-,54577161,54580161,54575687,54577650,1001,173,0,0.0,1.0,1,6.45084,5.36409,endo_only
Cbln3,chr14,55884256,-,55883756,55886756,55884760,55885300,1011,50,0,0.0,1.0,1,6.28185,6.0421,endo_only
Khnyn,chr14,55884969,+,55882469,55885469,55884760,55885300,1011,50,0,0.0,1.0,1,6.28185,6.0421,endo_only
Setdb2,chr14,59440884,-,59440384,59443384,59440675,59441049,1038,34,0,0.0,1.0,1,8.63755,10.4117,endo_only
Cab39l,chr14,59440981,+,59438481,59441481,59440675,59441049,1038,34,0,0.0,1.0,1,8.63755,10.4117,endo_only
Cdadc1,chr14,59597836,-,59597336,59600336,59597693,59598021,1039,28,0,0.0,1.0,1,5.49662,4.70524,endo_only
Tnfrsf19,chr14,61046855,-,61046355,61049355,61046070,61046642,1050,40,0,0.0,1.0,1,5.49662,4.70524,endo_only
Gfra2,chr14,70890130,+,70887630,70890630,70889700,70890049,1125,35,0,0.0,1.0,1,5.49662,4.70524,endo_only
Zc3h13,chr14,75284373,+,75281873,75284873,75284049,75284748,1159,66,0,0.0,1.0,1,6.45084,5.36409,endo_only
Dis3,chr14,99099770,-,99099270,99102270,99099323,99100013,1341,78,0,0.0,1.0,1,6.28185,6.0421,endo_only
Pibf1,chr14,99099433,+,99096933,99099933,99099323,99100013,1341,78,0,0.0,1.0,1,6.28185,6.0421,endo_only
Mycbp2,chr14,103346814,-,103346314,103349314,103346112,103347012,1373,85,0,0.0,1.0,1,8.09373,9.29643,endo_only
Gpc6,chr14,116925297,+,116922797,116925797,116925377,116926927,1477,131,0,0.0,1.0,1,5.49662,4.70524,endo_only
Dzip1,chr14,118925314,-,118924814,118927814,118925059,118925560,1492,43,0,0.0,1.0,1,6.28185,6.0421,endo_only
Uggt2,chr14,119099430,-,119098930,119101930,119098953,119099592,1493,72,0,0.0,1.0,1,6.45084,5.36409,endo_only
Gm16835,chr14,119098965,+,119096465,119099465,119098953,119099592,1493,72,0,0.0,1.0,1,6.45084,5.36409,endo_only
Ghr,chr15,3583492,-,3582992,3585992,3583001,3583525,612,39,0,0.0,1.0,1,7.85231,8.90224,endo_only
Fbxo4,chr15,3979573,-,3979073,3982073,3979154,3979562,615,54,0,0.0,1.0,1,7.08427,6.70544,endo_only
Ptger4,chr15,5244187,-,5243687,5246687,5243924,5244466,625,47,0,0.0,1.0,1,8.98457,9.46804,endo_only
Brix1,chr15,10485947,-,10485447,10488447,10485668,10486508,10,68,0,0.0,1.0,1,6.28185,6.0421,endo_only
Rad1,chr15,10486018,+,10483518,10486518,10485668,10486508,10,68,0,0.0,1.0,1,6.28185,6.0421,endo_only
Fbxl7,chr15,26895049,-,26894549,26897549,26894904,26895771,790,94,0,0.0,1.0,1,6.45084,5.36409,endo_only
Dap,chr15,31224314,+,31221814,31224814,31224121,31224744,823,70,0,0.0,1.0,1,5.66561,4.91349,endo_only
Zfp706,chr15,37007402,-,37006902,37009902,37006933,37007797,867,102,0,0.0,1.0,1,7.28435,7.77802,endo_only
Gm26766,chr15,37007523,+,37005023,37008023,37006933,37007797,867,102,0,0.0,1.0,1,7.28435,7.77802,endo_only
Trps1,chr15,50890463,-,50889963,50892963,50889914,50890144,973,19,0,0.0,1.0,1,6.45084,5.36409,endo_only
Mir1907,chr15,50889114,-,50888614,50891614,50889914,50890144,973,19,0,0.0,1.0,1,6.45084,5.36409,endo_only
Aard,chr15,52040107,+,52037607,52040607,52040030,52040580,982,56,0,0.0,1.0,1,6.28185,6.0421,endo_only
Med30,chr15,52712445,+,52709945,52712945,52712361,52712754,987,49,0,0.0,1.0,1,7.08427,6.70544,endo_only
Gm9920,chr15,55113677,-,55113177,55116177,55112229,55112906,1005,58,0,0.0,1.0,1,4.71139,3.44848,endo_only
Deptor,chr15,55112317,+,55109817,55112817,55112229,55112906,1005,58,0,0.0,1.0,1,4.71139,3.44848,endo_only
9130401M01Rik,chr15,58034325,-,58033825,58036825,58033858,58034371,1027,57,0,0.0,1.0,1,6.28185,6.0421,endo_only
9930014A18Rik,chr15,60822271,+,60819771,60822771,60822970,60825075,1049,165,0,0.0,1.0,1,4.55054,2.87461,endo_only
Trappc9,chr15,73061204,-,73060704,73063704,73060919,73061124,1142,22,0,0.0,1.0,1,7.7177,8.10044,endo_only
Chrac1,chr15,73090392,+,73087892,73090892,73090254,73090909,1142,88,0,0.0,1.0,1,8.35113,9.46804,endo_only
Slc45a4,chr15,73645762,-,73645262,73648262,73645273,73645992,1146,71,0,0.0,1.0,1,7.85231,8.90224,endo_only
1700010B13Rik,chr15,73645852,+,73643352,73646352,73645273,73645992,1146,71,0,0.0,1.0,1,7.85231,8.90224,endo_only
Rhpn1,chr15,75704280,+,75701780,75704780,75703981,75704540,1162,43,0,0.0,1.0,1,5.18397,2.87461,endo_only
Bop1,chr15,76477269,-,76476769,76479769,76477162,76477911,1168,72,0,0.0,1.0,1,6.28185,6.0421,endo_only
Hsf1,chr15,76477445,+,76474945,76477945,76477162,76477911,1168,72,0,0.0,1.0,1,6.28185,6.0421,endo_only
Cenpm,chr15,82244747,-,82244247,82247247,82244142,82244794,1212,65,0,0.0,1.0,1,9.42278,11.9662,endo_only
Parvb,chr15,84232043,+,84229543,84232543,84231912,84232333,1227,42,0,0.0,1.0,1,7.08427,6.70544,endo_only
Gm29666,chr15,84920038,-,84919538,84922538,84922961,84924068,1232,124,0,0.0,1.0,1,5.8174,4.08472,endo_only
Nup50,chr15,84923428,+,84920928,84923928,84922961,84924068,1232,124,0,0.0,1.0,1,5.8174,4.08472,endo_only
Gtse1,chr15,85859707,+,85857207,85860207,85859679,85860044,1240,36,0,0.0,1.0,1,7.06708,7.44357,endo_only
1810021B22Rik,chr15,89075852,-,89075352,89078352,89076234,89076459,1264,16,0,0.0,1.0,1,6.28185,6.0421,endo_only
Chkb,chr15,89429908,-,89429408,89432408,89429313,89429985,1267,66,0,0.0,1.0,1,6.28185,6.0421,endo_only
C730034F03Rik,chr15,89429589,+,89427089,89430089,89429313,89429985,1267,66,0,0.0,1.0,1,6.28185,6.0421,endo_only
Lmbr1l,chr15,98918231,-,98917731,98920731,98917600,98918328,1339,73,0,0.0,1.0,1,6.47498,6.31143,endo_only
Nckap5l,chr15,99457748,-,99457248,99460248,99457098,99458145,1343,78,0,0.0,1.0,1,5.18397,2.87461,endo_only
Slc4a8,chr15,100761747,+,100759247,100762247,100761580,100762240,1353,69,0,0.0,1.0,1,7.7177,8.10044,endo_only
Coro7,chr16,4679777,-,4679277,4682277,4679542,4679826,620,20,0,0.0,1.0,1,7.06708,7.44357,endo_only
Zc3h7a,chr16,11176393,-,11175893,11178893,11175775,11176512,670,104,0,0.0,1.0,1,6.47498,6.31143,endo_only
4930509G22Rik,chr16,11178176,+,11175676,11178676,11175775,11176512,670,104,0,0.0,1.0,1,6.47498,6.31143,endo_only
Cpped1,chr16,11909445,-,11908945,11911945,11909092,11909407,675,26,0,0.0,1.0,1,6.28185,6.0421,endo_only
Mzt2,chr16,15863369,-,15862869,15865869,15863195,15863494,706,21,0,0.0,1.0,1,11.7785,16.875,endo_only
Spidr,chr16,16146851,-,16146351,16149351,16146612,16146946,708,37,0,0.0,1.0,1,6.47498,6.31143,endo_only
Dnm1l,chr16,16359030,-,16358530,16361530,16358539,16359085,709,53,0,0.0,1.0,1,5.49662,4.70524,endo_only
Sdf2l1,chr16,17132383,-,17131883,17134883,17131581,17132606,715,80,0,0.0,1.0,1,10.208,13.5659,endo_only
Lztr1,chr16,17508688,+,17506188,17509188,17508816,17509223,718,39,0,0.0,1.0,1,5.49662,4.70524,endo_only
Gnb1l,chr16,18498768,+,18496268,18499268,18498666,18499327,726,69,0,0.0,1.0,1,7.06708,7.44357,endo_only
Gm16314,chr16,18498901,+,18496401,18499401,18498666,18499327,726,69,0,0.0,1.0,1,7.06708,7.44357,endo_only
Eif2b5,chr16,20498817,+,20496317,20499317,20498869,20499147,741,28,0,0.0,1.0,1,5.8174,4.08472,endo_only
BC106179,chr16,23225368,-,23224868,23227868,23224892,23225504,762,48,0,0.0,1.0,1,7.85231,8.90224,endo_only
Pdia5,chr16,35490873,-,35490373,35493373,35490207,35490993,855,68,0,0.0,1.0,1,6.28185,6.0421,endo_only
Sema5b,chr16,35541145,+,35538645,35541645,35541306,35542689,856,121,0,0.0,1.0,1,6.47498,6.31143,endo_only
Dirc2,chr16,35769356,-,35768856,35771856,35768871,35769540,857,73,0,0.0,1.0,1,7.06708,7.44357,endo_only
Hspbap1,chr16,35770386,+,35767886,35770886,35768871,35769540,857,73,0,0.0,1.0,1,7.06708,7.44357,endo_only
Cox17,chr16,38346991,+,38344491,38347491,38346898,38347251,877,32,0,0.0,1.0,1,7.06708,7.44357,endo_only
Gm21987,chr16,38347040,+,38344540,38347540,38346898,38347251,877,32,0,0.0,1.0,1,7.06708,7.44357,endo_only
Lsamp,chr16,39984361,+,39981861,39984861,39984466,39984898,890,34,0,0.0,1.0,1,10.208,13.5659,endo_only
Cd47,chr16,49855618,+,49853118,49856118,49855196,49856024,965,88,0,0.0,1.0,1,5.66561,4.91349,endo_only
Alcam,chr16,52454074,-,52453574,52456574,52452264,52453325,985,74,0,0.0,1.0,1,11.5183,15.6322,endo_only
Robo1,chr16,72663149,+,72660649,72663649,72663079,72663798,1139,60,0,0.0,1.0,1,5.8174,4.08472,endo_only
Nrip1,chr16,76373827,-,76373327,76376327,76372282,76373503,1167,152,0,0.0,1.0,1,7.06708,7.44357,endo_only
N6amt1,chr16,87354185,+,87351685,87354685,87354187,87354567,1251,45,0,0.0,1.0,1,8.35113,9.46804,endo_only
Ltn1,chr16,87432606,-,87432106,87435106,87432079,87432740,1252,54,0,0.0,1.0,1,6.28185,6.0421,endo_only
Cbr3,chr16,93683215,+,93680715,93683715,93683220,93683831,1299,68,0,0.0,1.0,1,6.28185,6.0421,endo_only
Ets2,chr16,95702075,+,95699575,95702575,95701863,95702893,1315,106,0,0.0,1.0,1,7.06708,7.44357,endo_only
Serac1,chr17,6079741,-,6079241,6082241,6079433,6080058,631,60,0,0.0,1.0,1,8.98457,9.46804,endo_only
Gtf2h5,chr17,6079786,+,6077286,6080286,6079433,6080058,631,60,0,0.0,1.0,1,8.98457,9.46804,endo_only
Mpc1,chr17,8282904,+,8280404,8283404,8283449,8284683,648,120,0,0.0,1.0,1,8.35113,9.46804,endo_only
Wtap,chr17,12992546,-,12992046,12995046,12991738,12992897,684,128,0,0.0,1.0,1,4.71139,3.44848,endo_only
Rgmb,chr17,15826586,-,15826086,15829086,15825474,15826841,705,127,0,0.0,1.0,1,8.63755,10.4117,endo_only
Zfp160,chr17,21008941,+,21006441,21009441,21009077,21009303,745,18,0,0.0,1.0,1,5.8174,4.08472,endo_only
Gm26753,chr17,21488875,-,21488375,21491375,21489081,21489297,748,20,0,0.0,1.0,1,9.42278,11.9662,endo_only
Zfp53,chr17,21491256,+,21488756,21491756,21489081,21489297,748,20,0,0.0,1.0,1,9.42278,11.9662,endo_only
1600002H07Rik,chr17,24220851,-,24220351,24223351,24220509,24220795,769,27,0,0.0,1.0,1,5.49662,4.70524,endo_only
Hn1l,chr17,24960636,-,24960136,24963136,24960316,24960930,775,61,0,0.0,1.0,1,7.85231,8.90224,endo_only
Zbtb9,chr17,26973167,+,26970667,26973667,26972900,26973367,790,58,0,0.0,1.0,1,7.08427,6.70544,endo_only
Ggnbp1,chr17,26973217,+,26970717,26973717,26972900,26973367,790,58,0,0.0,1.0,1,7.08427,6.70544,endo_only
Gm26885,chr17,29491925,-,29491425,29494425,29490149,29492205,101,165,0,0.0,1.0,1,6.28185,6.0421,endo_only
Pim1,chr17,29490812,+,29488312,29491312,29490149,29492205,101,165,0,0.0,1.0,1,6.28185,6.0421,endo_only
Zfp81,chr17,33358878,-,33358378,33361378,33358432,33358707,839,24,0,0.0,1.0,1,12.7852,18.8658,endo_only
H2-K2,chr17,33978790,-,33978290,33981290,33977756,33978755,844,85,0,0.0,1.0,1,4.71139,3.44848,endo_only
Atf6b,chr17,34647146,+,34644646,34647646,34647012,34647646,849,60,0,0.0,1.0,1,6.47498,6.31143,endo_only
Msh5,chr17,35046745,-,35046245,35049245,35046178,35047024,852,68,0,0.0,1.0,1,7.06708,7.44357,endo_only
Gm23421,chr17,35049218,+,35046718,35049718,35046178,35047024,852,68,0,0.0,1.0,1,7.06708,7.44357,endo_only
Clic1,chr17,35049966,+,35047466,35050466,35046178,35047024,852,68,0,0.0,1.0,1,7.06708,7.44357,endo_only
Ddah2,chr17,35059035,+,35056535,35059535,35059013,35059649,852,45,0,0.0,1.0,1,5.49662,4.70524,endo_only
Gm23864,chr17,35699309,-,35698809,35701809,35700409,35700996,857,44,0,0.0,1.0,1,10.208,13.5659,endo_only
Tubb5,chr17,35838306,-,35837806,35840806,35838173,35838412,858,27,0,0.0,1.0,1,14.1342,22.0677,endo_only
Trim26,chr17,36837134,+,36834634,36837634,36836926,36837447,866,54,0,0.0,1.0,1,7.7177,8.10044,endo_only
Znrd1,chr17,36958559,-,36958059,36961059,36958464,36958744,866,31,0,0.0,1.0,1,6.28185,6.0421,endo_only
Znrd1as,chr17,36958592,+,36956092,36959092,36958464,36958744,866,31,0,0.0,1.0,1,6.28185,6.0421,endo_only
Supt3,chr17,44777152,+,44774652,44777652,44776990,44777627,926,72,0,0.0,1.0,1,5.8174,4.08472,endo_only
1600014C23Rik,chr17,45733844,-,45733344,45736344,45733938,45734175,933,31,0,0.0,1.0,1,5.18397,2.87461,endo_only
F630040K05Rik,chr17,45734506,+,45732006,45735006,45733938,45734175,933,31,0,0.0,1.0,1,5.18397,2.87461,endo_only
Abcc10,chr17,46328352,-,46327852,46330852,46327802,46328498,938,53,0,0.0,1.0,1,7.08427,6.70544,endo_only
2310039H08Rik,chr17,46772635,+,46770135,46773135,46772839,46773137,941,28,0,0.0,1.0,1,6.28185,6.0421,endo_only
Kat2b,chr17,53566861,+,53564361,53567361,53566976,53568220,993,121,0,0.0,1.0,2,5.569045,3.59733,endo_only
Ubxn6,chr17,56075028,-,56074528,56077528,56074568,56075137,1012,52,0,0.0,1.0,1,5.49662,4.70524,endo_only
Mtcl1,chr17,66449750,-,66449250,66452250,66448436,66449896,1091,178,0,0.0,1.0,1,7.85231,8.90224,endo_only
Ptprm,chr17,67354459,-,67353959,67356959,67353392,67355035,1098,160,0,0.0,1.0,1,6.45084,5.36409,endo_only
Lbh,chr17,72918305,+,72915805,72918805,72917882,72918436,1141,50,0,0.0,1.0,1,6.45084,5.36409,endo_only
Qpct,chr17,79051906,+,79049406,79052406,79052193,79052787,1188,42,0,0.0,1.0,1,4.71139,3.44848,endo_only
Sos1,chr17,80480453,-,80479953,80482953,80479489,80480644,1199,103,0,0.0,1.0,1,5.49662,4.70524,endo_only
4833418N02Rik,chr17,87282814,-,87282314,87285314,87282457,87283532,1250,107,0,0.0,1.0,1,6.28185,6.0421,endo_only
Ttc7,chr17,87282886,+,87280386,87283386,87282457,87283532,1250,107,0,0.0,1.0,1,6.28185,6.0421,endo_only
Mpp7,chr18,7626863,-,7626363,7629363,7626533,7626950,643,41,0,0.0,1.0,1,7.28435,7.77802,endo_only
Fzd8,chr18,9212856,+,9210356,9213356,9212147,9214929,655,218,0,0.0,1.0,1,5.66561,4.91349,endo_only
Epb41l4aos,chr18,33794892,+,33792392,33795392,33794657,33795151,842,52,0,0.0,1.0,1,6.47498,6.31143,endo_only
Gm23639,chr18,33795164,+,33792664,33795664,33794657,33795151,842,52,0,0.0,1.0,1,6.47498,6.31143,endo_only
Paip2,chr18,35598617,+,35596117,35599117,35598516,35599306,856,64,0,0.0,1.0,1,5.66561,4.91349,endo_only
Zmat2,chr18,36793923,+,36791423,36794423,36793720,36793957,865,16,0,0.0,1.0,1,8.35113,9.46804,endo_only
Taf7,chr18,37644204,-,37643704,37646704,37643919,37644310,872,47,0,0.0,1.0,1,5.66561,4.91349,endo_only
Rnf14,chr18,38296635,+,38294135,38297135,38296566,38297185,877,64,0,0.0,1.0,1,5.8174,4.08472,endo_only
Gm23205,chr18,38297939,+,38295439,38298439,38296566,38297185,877,64,0,0.0,1.0,1,5.8174,4.08472,endo_only
Hsd17b4,chr18,50128201,+,50125701,50128701,50128201,50128593,967,39,0,0.0,1.0,1,6.28185,6.0421,endo_only
Phax,chr18,56562443,+,56559943,56562943,56561972,56562623,1016,43,0,0.0,1.0,1,7.7177,8.10044,endo_only
Megf10,chr18,57133090,+,57130590,57133590,57132796,57133110,1020,29,0,0.0,1.0,1,7.7177,8.10044,endo_only
Chsy3,chr18,59175401,+,59172901,59175901,59175008,59176469,1036,155,0,0.0,1.0,1,6.45084,5.36409,endo_only
Atp8b1,chr18,64661000,-,64660500,64663500,64660491,64661510,1078,88,0,0.0,1.0,1,6.45084,5.36409,endo_only
Impa2,chr18,67289253,+,67286753,67289753,67289191,67289598,1098,47,0,0.0,1.0,1,8.35113,9.46804,endo_only
Mbd1,chr18,74268272,+,74265772,74268772,74267931,74268512,1151,53,0,0.0,1.0,1,5.66561,4.91349,endo_only
Ctif,chr18,75697696,-,75697196,75700196,75696578,75697554,1162,78,0,0.0,1.0,1,10.8849,14.0394,endo_only
Haus1,chr18,77767780,-,77767280,77770280,77767588,77767846,1178,30,0,0.0,1.0,1,7.7177,8.10044,endo_only
Rttn,chr18,88971790,+,88969290,88972290,88971959,88972173,1263,20,0,0.0,1.0,1,7.85231,8.90224,endo_only
Mir6359,chr18,88972030,+,88969530,88972530,88971959,88972173,1263,20,0,0.0,1.0,1,7.85231,8.90224,endo_only
Ccs,chr19,4839322,-,4838822,4841822,4839196,4839726,621,39,0,0.0,1.0,1,7.06708,7.44357,endo_only
Ccdc87,chr19,4839366,+,4836866,4839866,4839196,4839726,621,39,0,0.0,1.0,1,7.06708,7.44357,endo_only
Mrpl11,chr19,4962306,+,4959806,4962806,4962333,4962567,622,20,0,0.0,1.0,1,10.9932,15.2033,endo_only
Slc29a2,chr19,5024006,+,5021506,5024506,5023875,5024483,623,52,0,0.0,1.0,1,5.8174,4.08472,endo_only
Sac3d1,chr19,6118586,-,6118086,6121086,6117858,6118613,631,95,0,0.0,1.0,1,5.49662,4.70524,endo_only
Gpr137,chr19,6942450,-,6941950,6944950,6942381,6942662,637,23,0,0.0,1.0,1,7.08427,6.70544,endo_only
Bad,chr19,6941861,+,6939361,6942361,6941192,6942181,637,96,0,0.0,1.0,1,7.08427,6.70544,endo_only
Prpf19,chr19,10895231,+,10892731,10895731,10895156,10895627,668,47,0,0.0,1.0,1,5.49662,4.70524,endo_only
Trpm3,chr19,22139119,+,22136619,22139619,22138847,22139301,753,37,0,0.0,1.0,1,9.618,10.955,endo_only
Vldlr,chr19,27216484,+,27213984,27216984,27216955,27218327,792,128,0,0.0,1.0,1,6.28185,6.0421,endo_only
Rcl1,chr19,29101375,+,29098875,29101875,29100954,29101853,807,86,0,0.0,1.0,1,13.7593,21.1478,endo_only
A930007I19Rik,chr19,29523159,-,29522659,29525659,29521968,29523214,810,153,0,0.0,1.0,1,6.45084,5.36409,endo_only
Ric1,chr19,29522282,+,29519782,29522782,29521968,29523214,810,153,0,0.0,1.0,1,6.45084,5.36409,endo_only
Atad1,chr19,32712298,-,32711798,32714798,32711913,32712444,834,57,0,0.0,1.0,1,7.85231,8.90224,endo_only
Kif20b,chr19,34922358,+,34919858,34922858,34922033,34922556,851,48,0,0.0,1.0,1,4.71139,3.44848,endo_only
Tnks2,chr19,36834232,+,36831732,36834732,36834155,36834907,866,95,0,0.0,1.0,1,6.28185,6.0421,endo_only
Plce1,chr19,38481109,+,38478609,38481609,38480873,38481570,878,58,0,0.0,1.0,1,8.98457,9.46804,endo_only
Noc3l,chr19,38819237,-,38818737,38821737,38819064,38819500,881,36,0,0.0,1.0,1,8.35113,9.46804,endo_only
Avpi1,chr19,42129059,-,42128559,42131559,42128800,42129394,906,52,0,0.0,1.0,1,7.85231,8.90224,endo_only
Cfap43,chr19,47919299,-,47918799,47921799,47918962,47919418,950,43,0,0.0,1.0,1,8.9031,10.8692,endo_only
Gsto2,chr19,47865545,+,47863045,47866045,47865357,47865909,950,49,0,0.0,1.0,1,6.47498,6.31143,endo_only
Gm22240,chr19,47919273,-,47918773,47921773,47918962,47919418,950,43,0,0.0,1.0,1,8.9031,10.8692,endo_only
Rbm20,chr19,53677306,+,53674806,53677806,53676333,53677554,994,111,0,0.0,1.0,1,10.9932,15.2033,endo_only
Tcf7l2,chr19,55741810,+,55739310,55742310,55741557,55741968,1010,35,0,0.0,1.0,1,7.06708,7.44357,endo_only
Adrb1,chr19,56722372,+,56719872,56722872,56721877,56723997,1017,227,0,0.0,1.0,1,8.98457,9.46804,endo_only
Afap1l2,chr19,57008228,-,57007728,57010728,57007999,57008535,1019,50,0,0.0,1.0,1,5.49662,4.70524,endo_only
Emx2os,chr19,59458635,-,59458135,59461135,59457915,59459984,1038,162,0,0.0,1.0,1,5.49662,4.70524,endo_only
Emx2,chr19,59458372,+,59455872,59458872,59457915,59459984,1038,162,0,0.0,1.0,1,5.49662,4.70524,endo_only
Ebp,chrX,8193512,-,8193012,8196012,8192653,8192922,647,25,0,0.0,1.0,1,5.49662,4.70524,endo_only
Atp6ap2,chrX,12587801,+,12585301,12588301,12587420,12588165,681,61,0,0.0,1.0,1,7.06708,7.44357,endo_only
Wdr44,chrX,23693051,+,23690551,23693551,23692796,23693484,765,56,0,0.0,1.0,1,5.18397,2.87461,endo_only
Upf3b,chrX,37110322,-,37109822,37112822,37110106,37110559,868,35,0,0.0,1.0,1,6.28185,6.0421,endo_only
Fhl1,chrX,56731787,+,56729287,56732287,56731284,56732129,1017,92,0,0.0,1.0,1,4.04686,2.38208,endo_only
Ophn1,chrX,98891025,-,98890525,98893525,98890404,98891060,1339,47,0,0.0,1.0,1,5.49662,4.70524,endo_only
Pcdh19,chrX,133688987,-,133688487,133691487,133688630,133689081,1604,32,0,0.0,1.0,1,5.49662,4.70524,endo_only
Gm15241,chrX,160499870,-,160499370,160502370,160502101,160502871,1809,59,0,0.0,1.0,1,5.8174,4.08472,endo_only
Phka2,chrX,160502166,+,160499666,160502666,160502101,160502871,1809,59,0,0.0,1.0,1,5.8174,4.08472,endo_only
