gene_name,peak_count,signal
Kdm4dl,1,6.41063
P2rx3,1,14.442
Fuom,1,8.920365
S100a13,1,19.63265
Emx1,1,3.1004000000000005
Trf,1,21.9594
Gm5464,2,18.1774
Nucb2,1,34.741166666666665
Aldh5a1,1,22.79561
Gm4152,1,28.3896
Abhd17c,1,11.582345
Wdr47,1,13.95455
Vmn2r81,1,8.876826666666666
Mia3,1,13.53295
Abhd4,1,49.29003333333333
Dpyd,1,11.795766666666667
Gjb2,1,9.481325
A630072M18Rik,1,7.82158
Gm11724,1,16.756999999999998
Zbed5,1,15.4835
Fam90a1b,1,20.4255
Tmem86a,1,14.006949999999998
Gmcl1,1,20.84137
Dlx5,1,19.9642
Klhdc8b,1,3.97361
Foxd2os,1,20.9758
Ttc13,1,17.6586
4930580E04Rik,1,15.958199999999998
A330102I10Rik,1,17.536299999999997
Pgls,2,8.733130000000001
Gm22879,1,13.0852
Khdrbs2,1,10.512945
Zfp354b,1,23.0723
Matn3,1,3.62733
Smim13,1,18.57146666666667
Sez6l,1,17.95391
Gm27178,1,5.155835
Rab11fip2,1,17.17762
Prmt9,1,26.363533333333333
Smyd2,1,13.018646666666667
Snora16a,1,14.11654
RP24-100K9.4,1,10.552605
Gm27913,1,10.024075
D10Wsu102e,1,17.537899999999997
Gm21960,1,9.44679
Rom1,2,8.930955
Trmt2a,1,9.95445
Gm11744,2,7.335043333333334
Ltbp1,1,12.03995
Wdsub1,1,21.0358
Herc3,1,9.15223
Gm16155,1,12.4305
Lamtor1,1,34.133
1700017N19Rik,1,12.738453333333332
Osbp2,1,17.0057
Mfap1b,1,7.690365
Gm12057,1,15.65425
4732414G09Rik,1,11.9499
Siglec15,1,11.467795
1700012E03Rik,1,4.376555
D530033B14Rik,1,14.86712
Itga7,1,12.8151
Gm10044,1,10.03264
Gm9078,1,5.239215
Fbxl15,1,24.96526666666667
Gm29648,1,3.264153333333333
Gm15285,1,8.536685
Gtf2e2,1,15.57755
Gm26980,1,3.778985
Gm13763,1,7.88203
Mei4,1,13.7935
Gm5087,1,21.83233333333333
Lipg,1,9.39007
Gm26400,1,10.71185
Rpa3,1,35.43
Dicer1,1,18.65695
Dyrk3,1,6.034050000000001
Gm12462,1,6.320585
Rpl10a,1,10.55844
2410022M11Rik,1,6.560980000000001
Osbpl11,1,12.427255
Gm14862,1,14.2795
Wwp1,1,19.4106
Hepacam,1,37.42435
Ybey,1,18.08215
Cpsf1,1,19.67065
C030039L03Rik,1,20.8032
Gm9361,1,4.521095
Cdh19,1,7.568173333333334
Gm12679,1,19.09365
Gm6788,1,13.875525
Setd4,2,16.6859
Gm11209,1,6.866645
Hist1h2bg,1,18.3396
4930535L15Rik,1,20.54785
Tdrd7,1,9.344635
Urb1,1,12.280033333333334
Akr7a5,1,17.1872
Numa1,1,12.362236666666666
Gm24166,1,7.944965
Olfr1349,1,5.5653
Gm13453,1,4.894595
Gm29068,1,4.069515
Usp12,1,7.36921
Wsb2,1,14.524333333333333
Mxd1,1,66.19003333333333
n-TStga1,1,13.3598
Gm5258,1,12.80698
Myo6,1,41.26003333333333
Clip4,1,14.5937
Chsy3,1,12.367326666666663
Dhodh,1,48.9116
Rnf25,1,13.541055
Ets2,1,17.730993333333334
Naa60,1,16.184739999999998
Tox,1,15.678845
Lpl,1,10.042813333333331
Gm15524,1,33.617466666666665
Rae1,1,14.44475
Sub1,1,16.30405
Lsm10,1,19.6674
Pigc,1,19.5929
Rps8-ps3,1,10.955305
Gprc5c,1,14.5839
Gm24804,1,10.25645
Rab11fip4,1,9.692965
Srebf1,1,6.79335
Zfp821,1,9.47908
Mrrf,1,18.71765
Gm23148,1,7.119009999999999
Gm15477,1,48.65193333333334
Gm16145,1,9.0767
Tmem196,1,10.50065
Mir7659,1,4.394745
Vamp5,1,12.10145
Gm12999,1,22.1753
Diras2,1,17.51065
Zfp248,1,15.57975
Crabp2,1,15.9613
Nat6,1,31.494766666666663
Pkd2l2,1,18.84145
Galnt10,1,20.31825
Gm11946,1,8.545625
Mex3d,1,9.530155
Fat1,1,15.881166666666669
Gm13480,1,8.22321
Rbmx2,1,10.356105
Gm6819,1,3.54661
Gm8365,1,5.322595
Gsta2,1,3.80742
Gm16191,1,17.6875
Gm23672,1,11.881066666666667
Arpin,1,16.2379
Gm12101,1,15.74597
5430416N02Rik,1,20.5757
5033426O07Rik,1,19.166966666666667
Gm22422,1,8.762
Gm6312,1,8.947695
Ccdc105,1,12.67025
Cpne8,2,17.9588
D630039A03Rik,1,6.431035
Rapgef1,1,13.27122
Rabac1,1,15.57207
Gm44358,1,4.9467300000000005
Gm26777,1,15.7049
Gm27521,1,4.991300000000001
Arhgap10,1,12.794975
9530062K07Rik,1,32.703599999999994
Gm20449,1,14.384799999999998
1700061E18Rik,1,22.5492
Gm42782,2,13.63435
Nsmce2,1,11.496885
Pnp,1,10.43947
Stk38,1,20.4622
Gm43109,1,26.8643
Zfp410,1,18.26374
2810404F17Rik,1,14.7279
Gm26664,2,16.5912
Mir802,1,7.703385
Atp5c1,1,22.46926666666667
Gm13610,1,17.05285333333333
Acvr1,1,8.315306666666666
Irak1bp1,1,11.775785
Gm31463,1,5.86285
Psapl1,1,13.26085
Egr3,1,17.4129
Ctbp2,1,13.4737
Gm26671,1,13.386455
Plpp3,2,19.21623333333333
Gm38312,1,5.690285
Ccnd1,1,8.65758
Aars2,1,13.942255
Gm26861,1,9.81769
Flrt3,1,21.5934
Dcdc2b,1,14.569585
Tube1,1,23.18263333333333
Gm23299,1,6.94114
Ralgapb,1,29.72105
Cox5a,1,7.724875000000001
Sco2,1,20.054065
Gm11465,1,7.511445
Panx1,1,16.233449999999998
Stx6,1,26.52305
Ndufs4,1,9.65473
Parvaos,1,15.77215
Tacc1,1,16.03985
Gm37238,1,16.483433333333334
Rab38,1,13.506816666666666
Mir6936,1,8.88092
Kcnj4,1,5.229756666666667
Dixdc1,1,12.502766666666666
Pfkp,1,18.74355
B230317F23Rik,1,30.16893333333333
Sox6,1,24.9866
Gm44401,2,16.1559
Nudt12,1,5.845373333333334
Ppp1r1a,1,24.5485
Lrch1,1,5.7203366666666655
Ptp4a1,1,16.2952
Gm24810,1,4.894613333333333
Lamb2,1,5.025045
1700001J11Rik,1,3.134145
Mir8092,1,11.8202
Ino80,1,24.7453
Ndufaf1,1,13.115315
Gm26608,1,28.02123333333333
Gm24543,1,5.82509
Pnrc2,2,15.2599
Trim62,1,6.21014
2310039H08Rik,1,21.3849
Zfp563,1,44.042766666666665
Myeov2,1,14.9895
Gsto1,1,15.19145
Vcam1,1,26.8643
Aig1,1,11.5957
Flywch2,1,5.478315
Btbd2,1,14.052315
Gm9064,1,5.31371
Gm14636,1,18.74135
Sh3pxd2a,1,8.788233333333332
Wdr5,1,49.89405
Gm38342,1,13.9401
5031434O11Rik,2,23.70035
Ndufb3,1,17.683
Steap4,1,3.784850000000001
Gm9917,1,17.544633333333334
Gm27286,1,20.5757
Svop,1,11.02291
Olfr1401-ps1,1,23.795
Med12l,1,4.98686
Chmp2b,1,18.5677
1700042D02Rik,1,14.01527
Fcrl1,1,3.89224
Gm43661,1,10.42615
Gm11793,1,6.335274999999999
Tubb2b,1,25.22803333333333
Fbxo28,1,8.528595
Xkr7,1,13.70178
Gm5099,1,11.119973333333334
Nrbf2,2,23.49054
Ankrd46,1,12.1387
Gm13687,1,5.13807
Arrdc4,1,89.15809999999999
Mpp2,1,12.6461
Siglece,1,5.252545
Fbp2,1,6.304180000000001
Naca,1,4.232153333333334
Atg2b,1,11.76125
Gm23702,1,7.774945000000001
A530083I20Rik,1,14.362699999999998
Utp14a,1,10.90968
Fra10ac1,1,35.49185
Gm23233,1,6.15785
Spice1,1,18.68805
Med30,1,21.151
Il6,1,11.29775
Trpm7,1,10.349305
Gm43937,1,16.00555
Prdm5,1,14.447
Csf1,1,16.0211
Snord37,1,12.55385
Tmem191c,1,15.15295
Slmo2,1,9.08882
Gm11992,1,23.191000000000003
Tbc1d30,2,8.784893333333335
Tmem135,1,17.65515
Syt3,1,29.29345
Ahnak2,1,9.91923
Arsa,2,15.07505
AU016765,1,4.356995
Rbmxl1,1,18.20955
Gas2l1,1,10.51174
Scamp5,1,30.421666666666667
Fgd2,1,16.992166666666666
Arv1,1,17.6586
1700023H06Rik,1,11.500733333333336
Hist2h2bb,2,19.12135
Ankrd13b,2,20.05305
Odf3b,1,5.25742
Gm18702,1,12.69629
Zfp36,1,5.12252
Gm44086,1,11.604265
Slc4a11,1,13.017686666666668
Garnl3,1,25.87265
Zfp316,1,10.111325
Gm23293,1,6.121875
9130019P16Rik,1,22.5132
Erich1,1,23.85993333333333
Gm28415,1,13.003045
A330048O09Rik,1,17.45985
Trbj1-4,1,4.71436
Gm23876,1,5.234775
Abcc10,1,22.250093333333336
Usp46,1,13.426610000000002
Rassf4,1,22.48535
Dcaf12l1,1,7.793424999999999
Hyal3,1,17.2596
Gm22545,1,3.395605
Slc25a22,1,8.772145
Tubgcp4,1,11.59346
Itga2,1,15.0723
Mapt,1,17.1841
Slc36a3os,1,10.09264
Mir8120,1,5.65167
Zcrb1,1,11.22661
Gm37679,1,24.19943333333333
Dhx32,1,13.208585
Cers6,1,14.40255
Cdkn1b,1,19.73185
Gm44628,1,8.38184
Trp53inp2,1,3.63665
Snx29,1,12.63835
Gm17146,1,17.4512
1110008F13Rik,1,14.9098
Gm43154,1,26.48945
Llgl2,1,6.123150000000001
Dscc1,1,9.8237
Prc1,1,12.6294
Bmp2k,2,17.30015
Gm43316,1,2.736225
Tvp23bos,1,16.77715
H2-K2,1,28.3896
Gm13446,1,5.913985
Mageb3,1,16.471366666666665
Gm43817,1,13.043
A830008E24Rik,2,15.27635
Gm38099,1,38.661033333333336
Ifrd2,1,26.2133
Fign,1,18.55685
Snx7,1,12.69275
Gm11548,1,19.91445
Gm43566,1,9.68583
Mir6932,1,8.27627
Hykk,1,25.063266666666664
Gfod2,1,9.53684
Kif1c,1,7.107755
Znhit2,1,24.32095
Hivep2,1,11.510095
Ceacam-ps1,2,17.570549999999997
Gm26132,1,60.08713333333333
Gm12296,1,23.05363333333333
Gm44031,1,6.61429
Ppp1r42,1,15.563005
Slco3a1,1,10.955305
RP24-457L7.3,1,12.09627
4921513I08Rik,1,20.05985
Lrrc1,1,13.180766666666663
Gm12707,1,13.2396
5930403N24Rik,2,10.6218
Atp9b,1,12.8414
Gm13470,1,8.429665
Rbm6,1,19.41026666666667
Sp5,1,2.85055
Gm29374,1,6.78534
Gm15953,1,13.04849
Ints4,1,28.62875
Eid2,1,8.85351
Zfp593,1,9.31241
Gm12915,2,11.838
Grhpr,1,19.09365
Cnn3,1,7.754480000000001
Gm23788,1,2.75134
Sirt3,1,12.08039
4930445N08Rik,1,22.83945
Pkd1l1,1,4.168235
Gm37490,1,7.08569
Gda,1,9.82249
1200007C13Rik,1,9.338405
BC030343,1,10.111325
Snx24,1,13.656605
E130018N17Rik,1,10.038615
Nipal1,1,10.53175
Psmb11,1,10.729369999999998
B4galt7,1,14.81395
Zfp839,1,11.046983333333335
2610318N02Rik,1,21.6861
Cdc42ep3,1,17.3485
Iqck,1,8.58924
Nsrp1,1,14.12853
Gm37550,1,3.64288
Zcchc3,1,7.941355
Gm38359,1,5.359195
Capn5,1,12.56495
Plxdc1,1,30.722900000000003
2810429I04Rik,2,9.74527
Spata2l,1,20.5511
Hemk1,1,7.834905
F730035M05Rik,1,9.163335
Gskip,1,11.76125
Psmc3,1,16.0066
2700046G09Rik,2,25.7136
Pnmal1,1,12.44375
Gm37169,1,10.91864
Gm43011,2,22.90655
Efcab2,1,22.6376
Ptprj,1,13.531
Gm26872,1,6.25095
Ptges2,1,56.3096
Stx12,1,17.41626
Klk1b16,1,19.357366666666664
Eci1,1,14.0528
Arfgap1,1,11.871255
Gm45169,1,10.65158
Slc46a1,1,14.6484
Cdh15,1,8.16224
Pmepa1os,1,12.071365
Zfp64,1,16.8193
Vsig10,1,9.21368
Zfp110,1,25.63743333333333
1190007I07Rik,1,5.815275
BC030867,1,5.322595
Gm28661,1,10.947724999999998
Foxk2,1,5.98177
Lrrc48,1,167.015
Cdo1,1,15.0807
4833404L02Rik,1,5.67166
Rrn3,1,6.393280000000001
Gm19739,1,5.2481
Fsip1,1,15.031505
D330023K18Rik,1,4.54997
Pex19,1,6.01857
Sergef,1,14.19585
Fam47e,1,15.910015
Caprin2,1,16.0633
Prdm4,1,17.588686666666664
A830010M20Rik,1,16.5508
Tia1,1,16.97519
Wdr83,1,11.64204
Lin37,1,16.29235
Unc79,1,25.5902
Gm27991,1,7.531460000000001
Gm26716,1,7.80207
Prune,1,14.646066666666664
Catip,1,5.59717
Gm24062,1,8.50963
Tmem59l,1,7.36921
Pole2,1,10.98982
Foxred1,1,19.99738333333333
F930017D23Rik,1,3.73256
Ndufa12,1,21.29932666666667
B430218F22Rik,1,17.28
Mettl16,2,25.7035
Gm4219,1,17.17762
Gm23856,1,17.7261
Immp1l,1,18.8003
Tbc1d25,1,10.15184
Npsr1,1,16.5944
4930596I21Rik,1,4.432495
Gpr83,1,9.501305
Gnb3,1,13.78876
Adck1,1,12.587826666666666
Gm11655,1,9.52156
Gm42810,1,6.172385
Acadsb,1,11.818336666666667
Creg2,1,4.70118
Mtx1,1,14.84557
Esr1,1,9.52464
Gm25712,1,19.82863333333333
Gm7932,1,6.997870000000001
Cmip,1,17.00715
Il4ra,1,5.219225
D030068K23Rik,1,5.23255
Gm22942,1,11.125005
Gm12376,1,11.72036
Man1a,1,13.1637
Cd300lf,1,6.268295
Nkain3,1,25.1099
Igfn1,1,11.02644
Dgcr8,1,15.3397
Prrx1,1,8.23403
Nrg4,1,6.492
Alkbh4,1,12.73401
Gm44677,1,5.757115000000001
Zcchc10,1,7.604405
Sgpp1,1,4.191445
Gm44916,1,10.47179
Gm29216,1,10.947724999999998
Eif3l,1,15.90558
Nuggc,1,7.972775
Shb,1,23.611400000000003
1700063H04Rik,1,16.90815
Gm11282,1,3.816305
6530401F13Rik,1,10.344856666666669
Gm23969,1,13.0852
4732440D04Rik,1,20.6264
Nap1l3,1,18.191
AC099760.1,1,8.851025
4930432B10Rik,1,13.335233333333331
RP23-118B13.3,2,14.3214
4933400C23Rik,1,12.8129
Gm22818,1,8.493116666666667
Mir205,1,12.78658
Gm23968,1,7.54343
Hoxa5,1,23.69345
Halr1,1,2.94031
Zfp472,1,12.88182
4930430O22Rik,1,24.520633333333333
Ccdc39,1,8.14399
Bcl2,1,8.686373333333334
Rad54l,1,13.89785
Uts2,1,7.0568
Cryaa,1,8.124005
Mob3a,1,77.78183333333334
Acap3,1,6.68662
Mlc1,1,42.05159999999999
C530050E15Rik,1,7.412593333333334
Vti1b,1,35.20825
Gm42488,1,3.02147
Ambp,1,8.2373
AA413626,1,11.97315
4931408C20Rik,1,9.44679
Smarcb1,1,9.83814
H2afz,1,24.187866666666668
Gm12681,2,11.62165
Tgfb1i1,1,12.309365
Ube2cbp,1,7.803805
Brinp2,1,5.330115
Gm38163,1,15.5965
Gm25442,1,10.047275
Amdhd2,1,11.801749999999998
Rhno1,1,10.744115
Chmp4c,1,6.849385
Gm15417,1,8.94077
Gm5435,1,13.8263
Gm29067,1,12.4693
Psmb8,1,15.39423
Spire1,1,18.6944
Gm26829,1,8.64308
Mrto4,1,9.985995
Rapgef3os1,1,13.068665
Ppy,1,8.030555
Zw10,1,14.01527
Gm24792,1,5.11228
C2cd2,1,4.96687
Fabp3,1,5.783135
Snhg17,1,16.724166666666665
Clvs1,1,4.690075
Mir196a-1,1,3.91301
Thoc1,1,18.93255
Mir695,1,12.14784
Ciapin1,1,11.25995
Rnf207,1,10.57515
Prss57,1,7.33146
Sall4,1,7.270215
Ldlrap1,1,9.48789
Samd13,1,14.075975
Zdhhc24,1,15.154226666666668
Gm15469,1,6.94502
Gm10171,1,14.079933333333337
Efcab12,1,4.597815
Col15a1,1,3.662875
Guca2a,2,16.23246
Vac14,1,13.65775
Copa,1,14.7738
Pde12,1,14.2469
Grrp1,1,9.832255
Mrs2,2,17.921946666666667
Acat3,1,9.60466
Gm26646,1,8.676404999999999
Tpm1,1,11.476485
Gan,1,20.5971
Phox2a,1,6.101383333333334
Pcdh1,1,8.295895
Zfp595,1,9.633776666666666
Mras,1,19.305366666666668
Parm1,1,8.84317
Gm24674,2,15.563005
Skiv2l,1,11.394885
Prickle2,1,8.998655
Gm27755,1,12.70215
Gm43022,1,6.930035
Barhl2,1,4.42439
Eif4g2,1,19.5632
Gm42372,1,12.046333333333331
Dclre1a,1,13.347
Tctn1,1,13.705435
Xxylt1,1,18.34565
Aimp1,1,8.112765
Gm37322,1,7.326924999999999
Gabarapl1,1,16.4104
Mir8114,1,27.095350000000003
Srbd1,1,35.2628
Dnajb5,1,55.43845
Wasf3,1,6.23635
Lrsam1,1,15.5309
Gm23421,3,12.570620000000002
Sfrp2,2,16.208199999999998
Nr1d1,2,15.966633333333332
Ttll4,1,11.76911
AW146154,1,14.384799999999998
Zfp532,1,14.35025
Gm13842,1,10.44799
Zfp937,1,7.828095
Klf2,1,23.080275
8430429K09Rik,1,24.87816666666667
Gm43331,1,5.22811
Rarb,2,19.98913333333333
Acad12,1,9.97372
Tug1,1,3.640660000000001
Mri1,1,11.23553
Gm16124,1,15.854300000000002
Mboat1,1,13.469135
Agtr1a,1,15.318166666666665
Samd14,1,6.813926666666667
Anapc16,1,18.543066666666665
Qrfpr,1,10.904325
Dync1li1,1,19.6617
Pdk2,1,14.6755
Gm14616,1,5.166945
Lgals2,1,5.954549999999999
Gm28257,1,7.457303333333333
Gm27463,1,5.486985000000001
Nsg1,1,8.728670000000001
Gm14344,1,6.28643
Bdkrb1,1,4.53708
Agfg1,1,15.7085
Prkaca,1,24.52705
Spryd3,1,10.4851
Ankrd29,1,13.121949999999998
Gm43725,1,11.405166666666668
Arsj,1,16.9895
Armc6,1,8.809825
Fbn2,1,19.9129
Gm37422,1,11.880005
Nagpa,1,6.009615
Akirin1,1,12.739595
Gm26233,1,8.734390000000001
Metrn,2,18.289066666666667
Gm3571,1,7.191935
Comtd1,1,10.90394
Gm25035,1,32.913
Fam131a,1,10.644126666666669
Gm44957,1,5.062795
Sgms1,1,25.7136
Gm38210,1,9.193275
Nxnl1,1,22.5081
Pde1b,1,12.4176
Top2a,1,13.2192
Trim68,1,10.408783333333334
Sf3b1,1,13.762155
Cenph,1,20.3587
Gm38111,1,17.25375
Ago4,1,8.74611
Mkrn1-ps1,1,2.64618
Snx5,1,11.452155
Hist2h2ab,1,25.18325
Perp,1,8.069495
Rint1,1,15.5197
9030612E09Rik,2,10.125845
Cdc7,1,22.8645
Gm25965,1,6.51802
4933406I18Rik,2,12.94905
Rars2,1,13.329855
Gcnt4,2,23.46475
Maz,1,37.3749
Tsc2,1,10.599376666666666
Smim20,1,11.357549999999998
Gm17491,1,8.74611
Gm22030,1,19.5818
Ccdc84,1,17.9364
Gm2987,1,3.91558
Rexo4,1,6.34686
Thra,1,8.69079
Alms1,1,6.48871
4921514A10Rik,1,11.96725
Gm12905,1,14.09245
Gm15700,1,8.24071
Uba3,1,18.50265
Foxj2,1,14.6491
Hdhd3,2,15.5401
Nudt7,1,29.271
Errfi1,1,23.84065
Yes1,1,11.05422
Cep85l,1,17.3485
Slc4a3,1,9.64765
Rrm1,1,29.262
Fastk,1,8.776816666666667
Tmem231,1,12.3871
Gm44465,1,9.961575
4933417C20Rik,1,26.127066666666668
Gm44791,1,5.53061
Rps12-ps9,1,14.010245
Fgf12,1,6.605404999999999
Gm25763,1,10.700775
Zfp780b,1,8.01994
Nkx2-2os,3,19.4816
Dis3l2,1,5.223665
Trmt61b,1,16.358066666666666
4930550C14Rik,1,13.232233333333332
Rgs20,1,27.6569
Gm23739,1,10.146245
Slc5a3,1,17.26245
Prdx3,1,22.288866666666664
Nr1h4,1,12.681725
Cachd1,1,13.589213333333332
Gm12008,1,8.45126
Firre,1,14.6371
Dzip3,1,27.8061
Gm17163,1,17.434
Pepd,1,17.11672
Lmnb2,1,9.51595
Pemt,1,26.4368
Gm37166,1,9.10602
Sdf4,1,3.994165
Rnaseh2b,1,4.25541
Wipf1,1,11.79023
4930595D18Rik,1,11.470075
Stard5,1,14.1731
Rps6ka1,1,27.6614
Ptpn13,1,21.3415
Mir874,1,14.08905
Clp1,1,25.50717
Rpl28,1,12.2026
Uqcrb,1,15.463
Arl5b,1,12.2904
Slc39a1,1,19.9329
Gm23608,1,10.23273
Morf4l1,1,17.74745
Lrrc46,1,11.76985
Apoo,1,20.4255
Gm24723,1,51.00666666666667
Gm17136,1,6.6315100000000005
Mir7119,1,8.006105
Arl5c,1,9.45193
Polr3f,1,22.09285
Jmjd6,1,13.480965
Gm21985,1,15.8666
Kif5a,2,14.92945
Agbl2,1,8.508595
Iqcf5,1,9.32122
Cfap46,1,12.0225
Fbxl12,1,10.066
Gm9754,1,7.29465
Cops7a,1,7.715985
Adm,1,13.28041
Sulf1,1,7.1817400000000005
Gm44817,1,6.427975
Cdk2ap2,1,10.586536666666667
Gm13539,1,6.600965
Cplx3,1,5.85841
Gm27761,1,17.0214
Fxyd3,2,11.413375
Prss33,1,3.21266
RP23-62O7.9,1,6.245085
Dhx8,1,11.9302
Gm29376,1,14.2611
Mdm1,1,25.4403
4933436E23Rik,2,14.34915
Kcnq4,2,9.64936
Gm37289,1,9.65242
Gm37988,1,10.85415
Gm22910,1,7.92717
Gm22958,1,5.31593
Upp1,1,12.775150000000002
Mir709,1,10.62529
Adam19,1,11.739
Tmem161b,1,6.13298
Gm13858,1,6.54321
2900060B14Rik,1,24.45865
Greb1l,1,4.301895
Cog2,1,5.63213
Afg3l2,1,26.05035
Syt5,1,8.38848
Nacc1,1,20.1865
Gm27321,1,24.6258
Arc,1,8.15917
Fanci,1,16.916733333333333
Supt20,1,11.661275
Gm13996,1,11.85118
Mrpl11,1,31.49943333333333
Prkcg,2,41.25306666666668
Zfp683,1,13.062813333333333
Phospho2,1,19.80500333333333
Gm22875,1,13.54998
Gm44390,1,24.3163
Kdr,1,5.03091
Ncs1,1,13.20755
Tmcc3,1,11.329770000000002
Prpsap2,1,12.921869999999998
Arf5,2,12.13254
Ighv8-4,1,6.1240950000000005
Samd10,1,21.583866666666665
Wbscr22,1,6.651025000000001
Casp6,1,24.534
Gm29295,1,7.89265
Aldh1l2,1,18.09738
Chst12,1,29.45645
Stxbp3,1,20.73329
Pla2g7,1,11.622315
Sfxn4,1,22.222866666666665
Gm42698,1,2.91631
Rnf113a2,1,8.660855
4932441J04Rik,1,7.542565
1700003L19Rik,1,14.2214
Mllt1,1,7.89163
Atg5,1,31.9667
Gm44928,1,6.68656
Myl12b,1,14.59939
Mxi1,1,8.96089
Gm43695,2,26.2183
Ssbp4,1,10.956355
Zbtb8a,1,9.86367
Mir6380,1,6.851100000000001
Gm30146,1,8.01055
Hbegf,1,19.13155
Ppic,1,16.7871
Foxred2,1,10.431775
Ndufa13,1,15.4542
Nup155,1,13.020835000000002
Arrdc1,1,13.54998
Adh5,1,35.1697
Gm3625,2,11.05988
Gm22866,1,12.0864
Fnbp1,1,13.418033333333334
1700008O03Rik,1,3.47168
Rnps1,1,11.07877
Irs3,1,6.398664999999999
Sned1,1,27.57425
Fdx1,1,8.555254999999999
Rad51d,1,11.703203333333336
Zfp82,1,17.48895
Rrs1,1,21.7807
Rcan3,1,11.684463333333332
Gm26857,2,11.24987
Slc37a2,1,15.7043
Mcfd2,1,20.6801
Arhgap31,1,20.051166666666667
Lfng,1,7.454745000000001
Dnmt3bos,1,6.21636
Slc30a4,2,6.149175
Gm20686,1,10.6166
Atxn7,1,11.064005
Mark3,1,10.916303333333332
4930448A20Rik,1,15.441199999999998
Efna5,1,10.9309
Dkk3,1,8.9576
Gm12352,1,13.82555
Traip,2,19.848066666666664
Adprhl1,1,19.0181
Mypop,1,29.922700000000003
Gm13830,1,22.2465
1700010L04Rik,1,5.95734
Rab3gap1,1,16.229119999999998
Wdr35,1,17.91922
Gm38250,1,19.5473
Kcnc2,1,15.135215
Pmaip1,1,12.13815
Gga2,1,19.39745
Ergic2,1,23.756566666666668
Zfp874b,1,16.80618
Pan3,1,17.683
Gm23330,1,18.552185
Dagla,1,7.10189
Gm6659,1,5.15806
Stmnd1,1,8.860914999999999
Gm15627,1,19.79815
Mup6,1,8.90298
Cgrrf1,1,21.8056
Ppp1r1b,1,4.070885
Gm24962,1,7.668150000000001
Memo1,1,7.499840000000001
Trp73,2,8.331816666666667
Tlr3,1,10.957535
Mgst1,1,10.734753333333332
Gm16618,1,7.14832
Gm23810,1,6.72433
Gm16343,1,26.2133
Gm20476,1,15.17105
Gm20425,1,21.9594
Itga1,1,17.033933333333334
Gm37292,1,15.182849999999998
Zdhhc8,1,12.40896
Plekha1,1,20.605405
Gm26091,1,4.74339
Srgap3,1,19.7785
Ngfr,1,9.05962
Astl,1,12.36214
B3galt1,1,40.2851
Gm4714,1,11.518965
Casq2,1,10.580236666666666
Teddm2,1,27.095350000000003
B4galt6,1,9.70444
2700097O09Rik,1,11.609005
Fgf1,1,17.80985
Klf5,2,14.429199999999998
Gstk1,1,7.339626666666667
Mir6991,1,17.826266666666665
Gm25069,1,15.18065
Plppr4,2,6.651675
Calml3,1,5.92547
Ccdc30,1,12.1823
Mycbp2,2,21.30323333333333
Gm13834,1,7.3647
Ermp1,1,14.2678
Gns,1,8.551505
Adam2,1,10.19261
Pomgnt1,1,13.89785
Rsph14,1,18.1355
Hnrnpab,1,16.91485
Mthfd2,1,20.72775
Meis3,2,9.291603333333333
Slc10a7,1,18.20955
Spon2,1,16.708676666666666
Mycbpap,1,9.924446666666666
Adamts5,1,4.29095
Ppp1r15a,1,13.37845
Lrrc8d,1,5.801685
1190002N15Rik,1,17.053233333333335
Gm5735,1,8.571975
Tnp1,1,8.531089999999999
D630024D03Rik,1,11.24128
Gm11719,1,12.766255
Gm27365,2,12.70215
AA467197,1,11.21774
Bcdin3d,1,7.668419999999999
Tusc2,1,26.2195
Sele,1,12.039235
Gm13859,1,6.54321
Net1,1,26.4807
Zfp358,1,12.21723
Gga3,1,8.43855
Rpl30,1,9.852555
Ascc2,1,10.528495
Samhd1,2,12.64705
Scnn1g,1,10.45692
Gm13417,1,4.020825
Pycrl,1,24.165900000000004
Gm17105,2,10.422905
Gm9047,1,9.46457
Slc2a12,1,33.026
Gm13033,1,17.41626
Zfp395,1,11.46169
Gm42907,1,33.86645
Rbm10,1,18.002193333333334
Gm22660,1,12.051425
Gm9955,1,13.0063
Gabarapl2,1,21.707
Stoml1,1,18.11892
9130019O22Rik,1,8.71275
Rhbdf1,1,19.214956666666662
Mul1,1,10.262183333333333
Champ1,1,8.548585
Zfp397,1,16.35685
Gm26953,1,3.81674
Cnot2,1,7.143445
Tk2,1,9.687125
Tmtc2,1,40.87293333333333
Dmtf1,1,11.598193333333334
Armc7,1,13.04525
Gm44074,1,7.720425
Slc25a45,2,24.72975
Slc27a6,1,25.126933333333337
Spryd7,1,24.543766666666667
Npcd,1,23.00685
Slc24a3,1,27.7079
Hist2h3b,1,16.382665
Gm14328,1,4.42969
Pisd,1,7.625945
Maf,1,7.697363333333333
Gm27646,1,17.0761
Cep78,1,12.410053333333332
Phka2,1,16.3924
Chpf2,1,15.46409
Zbed4-ps3,1,14.25125
Gm8098,1,19.1782
Snora62,1,21.241536666666665
Pbdc1,1,15.8977
Pou1f1,1,12.606495
Btg3,1,17.198349999999998
Gm12872,1,7.74112
Gm26684,1,14.3236
Dynlt1a,1,16.364633333333334
Gbp3,1,24.6504
Gm22993,1,3.764445
Zfp820,1,9.061386666666666
Slc22a4,1,12.908225000000002
Setbp1,1,7.302385
Cdk20,1,17.6441
Gm37541,1,5.582895000000001
Hars2,1,12.210450000000002
Mir207,1,24.1774
Gdi2,1,37.70776666666666
Olfr281,1,7.764329999999999
Knop1,1,8.58924
Arf4,1,25.53675
Evc,2,16.08005
Gm24009,1,9.68583
6330418K02Rik,1,11.7321
Gm5764,1,6.311915
n-R5s45,1,23.40765333333334
Abi3,1,3.23873
Gm16066,1,24.0595
Tcaim,1,26.1858
Gm27502,2,8.98414
Slc6a11,1,6.1956
Pde9a,2,10.259505
Gm42551,1,9.94857
2610008E11Rik,1,35.53575
Oasl1,1,7.405053333333332
AI480526,1,9.064405
Smc4,1,24.20653333333333
Zfp184,1,22.2788
Atad2,1,12.342
Ilk,1,11.813205
2810474O19Rik,1,10.70739
4732491K20Rik,1,23.90845
B130011K05Rik,1,17.7999
Tnfsf8,1,8.644275
Gm43267,1,26.5007
Ppia,1,11.485923333333332
Gpr176,1,9.507935
Prpf18,1,25.64555
Fgd1,1,8.893205
Sin3b,1,10.48409
Gm44958,1,6.0907800000000005
Prelp,1,15.225255
8030442B05Rik,1,3.363865
Dusp2,1,12.36214
Pcyt2,1,10.84085
Ccdc138,1,19.75745
Asb15,1,20.04815
Kctd10,1,11.26663
Gm44697,1,23.25946666666667
Incenp,1,37.1756
Ifitm2,1,8.3278
Gm16998,1,13.1637
Mrpl12,1,13.9608
2610027K06Rik,2,9.5758
Dll4,1,10.46068
A430035B10Rik,1,34.2912
Gm44855,1,5.158705
Ism2,1,12.1764
D230017M19Rik,1,16.843533333333333
RP23-182F18.1,1,3.77031
Cmpk2,1,20.0086
1700021J08Rik,1,9.59428
Tmem219,1,6.457610000000001
Gpr62,1,14.546416666666667
Fras1,2,13.7333
Zfp692,1,8.30739
AW495222,1,10.09394
Dars,1,19.61955
Rnf141,1,13.212
Gm44814,1,6.78534
Tecta,1,14.662775
Gm5340,1,41.25306666666668
Adhfe1,2,21.7807
Gm22820,1,7.878295
Oas1f,1,4.34245
Tiparp,1,12.762003333333334
2700060E02Rik,1,13.000799999999998
Gm27762,1,12.70215
Msantd1,1,13.30425
Gm12149,1,9.382055
Zmynd10,1,8.96981
Epha7,1,18.786933333333334
Prr5,1,4.793445
Slc17a6,1,2.58014
Gm45081,1,28.42615
Gm23237,1,8.27623
Snx6,1,11.740749999999998
Gm10767,1,15.463
Aptx,1,19.6156
Psd4,1,9.04765
Gm12050,1,6.618613333333333
Gm43199,1,10.785235
Tspan3,1,8.346285
Zfyve21,1,66.487
Fbxw11,1,13.478735
Gm44169,1,3.93078
Ppp2r2b,1,5.304825
Gm44534,1,16.5036
Mctp2,1,12.81955
Gstm7,1,82.08233333333334
Rcn2,1,23.183466666666664
Gm13216,1,11.675655
Pqlc3,2,16.28065
Gm20402,1,16.421415
Gm23769,1,7.043749999999999
9530052E02Rik,1,9.501305
Zc2hc1a,1,18.1611
Fam81a,1,4.17691
Tmem30a,1,28.18475
Lrrn4cl,1,13.6056
Asphd1,1,10.046
Wdr3,1,18.449466666666662
Dhps,2,21.0992
Gm24044,1,21.241536666666665
Gm16062,2,26.02895
5033423K11Rik,1,4.16759
Gm37127,2,6.86365
Ssrp1,1,14.442
Prkg1,1,11.61574
Lyst,1,23.3978
Pdk4,1,14.556
Spata5,1,56.99015
Borcs7,1,20.3356
Gm44712,1,4.563305
Lactb2,1,23.03675
Gm18943,1,9.396705
Gm15558,2,13.750050000000002
Zfp644,1,21.34815
Hoxa6,1,15.2652
Rictor,1,7.177955000000001
Ndufa8,1,17.686333333333334
Gm42466,1,48.65193333333334
Gm43682,1,3.98084
Impa2,1,16.24548
Gm12066,1,8.24958
Olfr1439-ps1,1,5.21967
Pmepa1,1,12.071365
B4galnt4,1,2.736225
Ints10,1,16.478
Srsf1,1,16.009999999999998
Ppcs,1,4.448824999999999
Sirpa,1,10.404665
Trim46,1,14.72715
Mfn1,1,20.91005
Unc93b1,1,10.48296
Psmd14,1,23.49325
Gm16220,1,6.375685
Rgs7bp,1,13.65215
Erich3,1,15.026783333333332
Gabra2,1,4.922876666666667
Podxl,1,15.114
Gm9968,1,15.7655
Sppl3,1,9.40339
2010013B24Rik,1,4.91014
RP23-72K19.2,1,11.90135
Mir202,1,10.880875
Dtx1,1,18.3689
3010001F23Rik,1,12.9868
Rwdd2b,1,12.338173333333332
Gm23152,1,12.680166666666668
Psmb3,1,27.1599
Sp4,1,26.21733333333333
Nr2e1,1,27.10885
Itga9,1,17.579250000000002
Mettl25,1,8.80122
Sema5a,1,12.19095
Sntg2,1,11.05199
Fndc3c1,1,9.170075
Sf3b3,1,9.79362
Gm45020,1,4.06365
Myadml2,1,14.061329999999998
Rpl30-ps10,1,3.82519
Plod2,1,17.551233333333336
4930435E12Rik,1,10.040505
Sez6l2,1,10.046
Itsn2,1,11.05988
Noc3l,1,18.3375
Gm8013,1,16.2234
Mtx3,1,13.24755
Rbm8a,1,11.15685
Kif3a,1,11.2032
Efnb2,1,23.5305
Zfp142,1,32.913
Nlgn1,1,16.126726666666666
Slco4a1,1,5.974955
Aldh2,1,17.81085
Ptp4a3,2,16.1878
Laptm4b,1,11.136933333333332
Spr,1,25.0441
Svip,1,16.3924
Wrap73,2,8.331816666666667
Gm20501,1,21.9974
Psors1c2,1,7.363345
Gm10461,1,11.05422
Arf3,1,16.612673333333333
Gm1110,1,11.319615
Gm6985,1,3.46724
Gm32391,1,26.9613
Gm5995,1,5.184715
Relt,1,7.833965000000001
Tmem121,1,7.713765
Upp2,1,8.315306666666666
Lrrc16a,1,10.24767
Zfp964,1,16.692549999999997
2010008C14Rik,1,13.184485
Gm44738,1,14.163633333333332
Marcks,2,22.796033333333337
Eif3d,1,14.270879999999998
B230219D22Rik,1,18.937266666666662
Gsap,1,22.67894
Dtnbp1,1,8.368500000000001
Gm22969,1,18.599833333333333
Gm15669,1,2.58014
Fan1,1,28.97533333333333
Lrrc8dos,2,9.393475
Cdh2,1,28.6339
G630022F23Rik,1,24.53195
4933426K07Rik,1,24.054466666666663
Gm9399,1,7.21127
Gm24262,1,4.9079250000000005
Ndufa4,1,17.933549999999997
Mir7672,1,14.2469
Gm32999,1,7.107900000000001
Tgfa,2,13.98565
Plscr1,1,41.0333
Slc23a2,1,6.553613333333334
Caly,1,5.00183
Pcbp4,1,8.577626666666665
Wbp1l,1,47.793600000000005
Gm25794,1,11.369763333333331
Tex13a,1,7.60746
Gm18443,1,16.77188
Klhl23,1,16.50805
Rbm24,1,13.977815
Gm43360,1,9.190495
Gm6079,1,5.14251
Fam187b,1,15.764783333333332
3110040N11Rik,1,27.19085
Cln3,1,11.346555
Xkr5,1,13.619203333333331
Adcy3,1,23.07895
Tmem198,1,18.4448
H2-DMa,1,14.22699
Gm11928,1,3.081855
Vps13d,1,9.59987
Gm26548,1,4.690075
RP24-222P6.4,1,10.93035
Tmem194,1,19.02585
Efhd1,1,13.257625
Gm37033,1,19.28398
B3gnt2,1,15.65425
Nbas,1,20.1818
Slc38a1,1,11.08978
Hspb2,2,28.284266666666667
Gm15582,2,6.058484999999999
Arap1,1,24.15055
Gm13752,1,3.39275
Calhm2,1,10.356105
Fam110a,2,13.9977
Apbb1,1,8.341845
Abca7,1,12.14171
Gm5148,1,16.99382
Slain1os,1,13.135
Aatf,1,13.820105000000002
9530059O14Rik,1,13.0741
Gm4604,1,13.21645
Cdkn2b,1,12.559693333333334
Zfp385a,1,6.5035
Sec23ip,1,28.2507
Ncr3-ps,1,11.958626666666666
Rac3,1,8.078719999999999
Zscan12,1,6.393280000000001
Dnm1l,1,12.406005
Cartpt,1,7.85131
Gm37935,1,10.28829
AL928567.1,1,4.6852800000000006
Prima1,1,10.568465
Prdx6,1,10.4106
Akip1,1,11.467795
Cul7,1,20.91225
Gm25129,1,14.4887
Sobp,1,8.60942
Zfp583,1,23.67355
1700080E11Rik,1,10.52963
Klk1b23-ps,1,19.357366666666664
Rragd,1,8.686485000000001
Dnajc1,1,19.08083333333333
Acer2,1,21.913
1700044C05Rik,1,5.72497
Aph1b,1,17.475260000000002
Dhcr7,1,24.5961
Eml3,1,7.628165
Commd7,1,18.40415
Dnajb6,1,4.347675
Smad6,1,13.77985
Gm20683,1,5.34703
Gm19721,1,17.03286
Adck4,1,18.83675
Arhgap27os3,1,4.078195
Gm37370,1,16.8905
Gm43051,1,23.63815
Gm22778,1,9.82381
Zmynd19,1,19.63937
Gm38505,1,9.902145
Igfbp5,1,28.9351
Themis2,1,7.46807
Chd7,1,9.40683
Arrdc3,1,16.8326
Cbx6,1,23.00685
Rbm18,1,18.71765
Rapgef3,1,29.1019
Sh3bgrl2,1,15.58095
Slc30a7,1,20.95195
Pgpep1l,1,13.8495
Camkk1,1,11.9499
1700015C17Rik,1,8.81427
Tcta,1,27.3306
Inmt,1,4.70118
Ripk1,1,14.830803333333334
Map2k3os,1,40.56975
Kif2a,1,11.667063333333331
Gm25669,1,6.108615
Spag6l,1,13.89895
Raxos1,1,12.231455
Nop14,3,42.1495
Atp6v0a2,1,17.9741
Gm9929,1,11.192150000000002
Gm5578,1,4.13048
Gm9061,1,3.26194
Gtf2i,1,21.082666666666668
Catsper2,1,18.86196
Nphs1,1,4.90348
Pcsk5,1,12.26645
n-R5s216,1,8.699795
Gm14601,1,5.745385
1110038F14Rik,1,16.0021
Gm42555,1,10.28834
Matn2,1,8.94638
Gja1,1,17.9009
Il1r2,1,7.328419999999999
Rnd2,1,25.9272
Cnpy2,1,7.366425
Esco1,1,13.475015
Greb1,1,4.54997
Pgd,1,22.79713333333333
Cracr2b,1,7.04229
Gm36952,1,7.78382
Coq9,1,11.25995
Abhd14b,1,19.45555
Tmem104,1,21.9146
Gm12602,1,11.8113
Magi2,1,19.7141
Eif2s2,1,14.684746666666667
4930532G15Rik,1,18.17545
Glis1,1,10.25645
Bub1,1,21.521866666666668
Rhoq,1,11.75015
Gm29254,2,26.3584
Glul,1,27.095350000000003
Rph3al,1,8.196940000000001
Gm13385,2,8.686485000000001
Cfap161,1,8.13393
Gjb3,1,3.0259150000000004
Tdg,1,12.53939
2010300C02Rik,1,3.386085
Zfp511,1,7.700305
Gm10425,1,9.52745
BC051019,1,2.721685
Tmem33,1,19.67919
Zfp606,1,16.2914
RP24-235D23.3,1,5.73462
Usp28,1,30.5565
Fam20c,1,11.424566666666667
Nusap1,1,9.338675
Tmem116,1,21.16465
Gle1,1,14.250685
Mfsd2a,1,8.063555
Map3k4,1,23.90845
Trim9,1,21.6512
Tmem150a,2,16.418
Gm14341,1,8.140564999999999
Ahsg,1,4.547755
Tfdp2,1,7.97912
Mcm3ap,1,18.08215
Cd24a,1,15.7544
Lgals1,1,17.6737
Shisa3,1,20.19435
Dtna,1,9.380165
1700066M21Rik,1,12.819789999999998
Egr2,1,17.437350000000002
Gm25394,1,22.0844
Nos1ap,1,8.048335
Zscan21,1,15.30295
RP23-383A10.6,1,3.96243
Cpt2,1,6.979965
Gkap1,1,14.8905
Gm22842,1,6.28643
Sbno2,1,11.72928
Mir7063,1,2.87856
Rgs13,1,10.418955
Zfp954,1,23.25946666666667
Tm6sf1,1,3.80742
0610043K17Rik,1,6.620955
Abhd6,1,10.494705
Gm26723,1,9.114975
Acy1,1,24.0171
Mirlet7c-2,1,35.681733333333334
1810041H14Rik,1,19.898533333333333
Gm40190,1,15.4453
Myof,1,7.948403333333334
Gm38059,1,10.93874
Cenpv,1,17.63965
Phf19,1,12.542750000000002
Nup50,1,21.864266666666666
Slc48a1,1,8.530809999999999
Gm12816,1,6.669233333333334
Srr,1,17.229103333333335
Osbpl5,1,11.166505
4932415M13Rik,1,6.268295
Tbck,1,8.112765
Gm43058,1,15.958199999999998
Cops4,1,14.6744
Gm26679,1,17.13185
Rps16,1,14.0802
Irs1,1,16.4235
Ttc3,2,20.89356666666667
Mir455,1,10.921705
Gm7693,1,6.263005
Snhg11,1,12.538026666666669
Olfr829,1,11.694305
Gm45200,1,25.33
Krt33b,1,9.201955
Mkx,1,20.8846
Zfp426,1,19.51515
Rtf1,1,24.7344
Rnf14,1,12.908273333333334
Acbd7,1,13.84334
Npnt,1,5.417085
Gm8927,1,3.99195
Parp11,1,10.51511
Bambi-ps1,1,15.52425
Mir6930,1,23.0139
Bcap31,1,24.77705
Map1b,1,13.8671
Ank,1,11.60618
Mir468,1,5.952895
Marveld3,1,5.32482
Taok3,1,17.785806666666666
Gm17743,1,4.266515
Vti1a,1,13.8478
Gm13066,1,4.551615
Bptf,1,6.72996
Adipor2,1,11.30215
Gm44851,1,15.82175
Ccdc173,1,19.80500333333333
Snx18,1,9.84094
Gm11973,1,12.846726666666669
Dnajc30,1,6.651025000000001
Gm10369,1,7.98389
Tmsb15b1,1,15.8975
Rpl6l,1,5.600245
Ppp1r14b,1,11.8113
Gm17212,1,5.385985
Tmem25,1,12.3246
Gm4854,1,4.932195
Zglp1,1,4.6562
Gm17376,1,8.347955
Hps4,1,11.510095
Clspn,1,8.006105
Gm15978,1,7.08569
Gm28022,1,8.226025
Qpct,1,12.7729
Bbox1,1,29.53225
Tpm2,2,18.2511
Gm18310,1,14.40145
n-R5s161,1,5.71831
Ctsc,1,23.96433333333333
Gm7502,1,11.908
Elmo2,1,23.99935
Gm19182,1,4.811215000000001
Prkd2,1,9.37641
Mir3107,1,6.6910050000000005
Rras2,1,9.039413333333334
Spata4,1,6.3234
Gm23116,1,4.21185
Gm44318,1,6.767725
Cul5,1,7.920505
Gas2l3,1,20.57005
Asb3,1,18.74655333333333
Tcrg-V7,1,16.11235
Gm2449,1,16.2661
Mettl7b,1,4.783995
Lgals12,1,16.67663333333333
Padi6,1,9.77997
Gm24233,1,3.728485
Nek9,1,13.832
BC031181,1,26.73735
Tram1l1,1,9.34565
Wdr48,1,16.2661
Apex1,1,18.89805
Gm44316,1,23.41483333333333
RP24-194N4.6,1,13.889736666666666
Phtf1os,1,6.416494999999999
Pkdcc,2,19.58725
Slc50a1,1,8.7965
Prkag3,2,5.441515000000001
5530601H04Rik,1,15.8977
Cab39,1,9.323885
Atg3,1,18.5245
Gm38295,1,8.28699
Tmem176b,2,25.2303
AC139131.1,1,16.2914
Tnfrsf23,1,7.441420000000001
RP23-453G12.2,2,21.415966666666662
Fam222a,1,8.537479999999999
Pcgf2,1,27.1599
Gm44492,2,25.69255
Ncstn,1,14.7738
Synj2bp,1,10.344856666666669
Ints1,1,7.499840000000001
Artn,1,8.541920000000001
Fam136a,1,8.638505
Gm26124,1,12.0992
RP23-349N15.2,1,6.682119999999999
Twsg1,2,12.390535
Cln6,1,11.15982
Dhx33,1,9.65087
Snora65,1,15.5309
Mta1,1,7.26463
Izumo3,1,3.99861
H2afj,1,11.687935
Trp53i13,1,12.906433333333334
Gm25153,1,4.90348
Ccdc74a,1,3.818525
Gm10748,1,7.116785
Nkain4,1,8.140564999999999
Gm4978,1,13.98035
Synm,1,15.5692
Mir6968,1,3.550615
Gm13976,1,4.987295
Gm44824,1,15.441199999999998
Gm26810,1,6.056265
Gm36936,1,5.5653
Vps25,1,6.589855
Syna,1,9.689095000000002
Lmbrd2,1,15.71985
Mrpl1,1,20.13255
Etaa1,1,16.992773333333332
Lypla1,1,10.85415
Krtcap2,1,14.72715
Wnt7a,1,8.38184
Gm37339,1,13.53295
Gm37779,1,3.208215
Gm12756,1,20.143255
Retnla,1,14.6727
Nans,2,14.041055
Gm15444,2,25.69255
Thumpd1,1,17.9499
Gm15209,1,10.744425
Anxa2,1,13.98035
Slc25a33,1,5.98399
Zeb2,1,5.86285
Ndufa5,1,20.04815
Gm26897,2,5.309715000000001
Gm22680,1,22.38939333333333
Otop2,1,4.71007
Tanc2,1,18.0409
Trim30a,1,5.011295
Zfp568,1,24.980486666666664
Gm23169,1,10.994255
Gm43676,1,9.8121
Gm15538,1,6.619940000000001
Adcy9,1,11.9302
1810011H11Rik,1,7.729315
Slc2a1,1,25.96756666666667
S100a4,1,14.489366666666667
4930556I23Rik,1,2.451555
Ssna1,1,17.70305
Gm13974,1,9.899186666666669
Pagr1a,1,35.211800000000004
Eif2b2,1,20.1786
Gm22439,1,6.878955
Dnttip1,1,5.60383
Dyrk2,1,5.01637
Lrrc29,2,12.031283333333334
Chn1os1,2,17.961
Prkag2,2,13.626665
Fbxo22,1,21.36265
4933424M12Rik,1,3.989725
Gm22045,1,8.045073333333333
Cobll1,1,19.1982
Gm24877,1,24.621166666666667
Rbp4,1,7.1338
Gm10097,1,7.20114
Mir1932,1,15.0869
Snrpd1,1,9.67915
Gm28865,1,3.019245
Pigg,1,11.533426666666664
1110002O04Rik,1,9.071345
Zfp513,1,14.860793333333334
Shisa2,1,9.506186666666666
Gm11226,1,5.504905
Gm6899,1,22.40095
Tex11,1,5.239215
Rims4,1,6.523885
Foxd2,1,20.9758
Dhdds,1,25.87145
Gm10602,2,12.43785
Chek1,1,19.297486666666668
Gpam,1,10.51792
Mir96,1,7.727563333333333
Taf4b,1,15.17175
Mrfap1,2,9.12778
Arhgef10,1,11.844846666666667
RP23-15B11.1,1,10.004996666666669
Fbxo45,1,13.05635
Ipp,1,21.7628
4921513I03Rik,1,7.465109999999999
Fndc8,1,11.703203333333336
Snph,1,6.0074000000000005
Tpst1,1,4.417725
Cdadc1,1,12.570193333333334
Tctn2,1,7.073385
C130060C02Rik,1,12.410053333333332
Mir6393,1,6.624375000000001
Ormdl3,1,11.069655
Nfkb1,1,18.86915
Galk1,1,9.868105
4930452B06Rik,1,15.97
Gm22951,1,8.987694999999999
Gm37545,1,17.551233333333336
Smg9,1,27.135506666666668
Mnd1,1,23.14455
Chmp2a,2,26.9574
Mtap,1,13.2798
Fkbp1b,1,13.59669
Ranbp17,1,24.98333333333333
Itih5l-ps,1,6.576175
Nuak2,1,15.2985
Impdh1,1,8.30739
A730049H05Rik,1,9.51288
BC003965,1,8.13317
Gmnn,1,22.04625
Krtap17-1,1,4.730055
Aoc2,1,8.505075
Gm5530,1,13.365455
Trp53,2,13.57542
Tmem263,1,14.607835
Cpne3,1,10.67479
Ccdc166,1,12.47045
Smad7,1,33.9965
Micall2,1,14.83825
Gm22904,1,4.786785
Dcxr,1,15.15845
0610038B21Rik,1,12.794975
1810009A15Rik,1,16.6147
Gm23173,1,14.6744
Sun3,1,23.191000000000003
Hmgb1-ps3,1,2.36151
Psme1,1,11.96474
Ranbp1,1,9.95445
Zcchc9,1,15.4286
Chst3,1,11.3266
Gm25765,1,11.99635
1700049G17Rik,1,12.49725
Gm22154,1,11.427
Gm15819,1,7.17177
Pdgfb,1,7.558115
Rfx4,1,25.85265
Mrpl10,1,11.76985
Mir6385,1,6.236409999999999
Gm16267,2,22.02185
Clrn1,1,24.74975
1600012H06Rik,1,12.993
Ppp1r9b,1,12.453366666666668
Trip11,1,15.147849999999998
Gm2861,1,9.59987
Gm29246,1,10.125845
Gm12766,1,6.600965
Ccdc109b,1,9.314545
Cdc42ep4,1,7.62372
4930440I19Rik,2,29.57975
Dnaic2,1,25.09885
Enthd1,1,5.42016
Gm5540,1,23.72503333333333
Rbm15b,1,9.80917
Sptbn1,1,19.1782
Map2k6,1,17.861566666666665
Lonp1,1,5.321445
Sox5,2,10.87194
Lrrc17,1,4.68341
A430108G06Rik,1,11.2032
Hgfac,1,6.365345
Ccdc15,1,12.203256666666666
Gm27297,1,13.51545
Gm16325,1,14.88065
Mrgbp,1,4.078195
Lynx1,1,8.541920000000001
Pou6f1,1,12.59755
Egflam,1,5.07453
Hs6st3,1,4.42969
Usp7,1,6.762124999999999
Zeb2os,1,17.0214
Gm24468,1,13.437
Macrod1,1,21.46605666666667
Ypel1,1,14.3337
Smndc1,1,15.37215
Gm44737,1,14.163633333333332
Gm21814,1,17.877366666666667
Gm10782,1,8.14502
Gm5307,1,7.40786
Hars,1,12.210450000000002
Gm12320,1,13.3265
Atrnl1,1,13.3776
Elp3,1,16.62845333333333
Osgep,1,18.89805
Golga2,1,8.73159
Dcbld1,1,25.21005
Tmem178,2,10.00259
Tprn,1,20.995
Gm24451,1,16.215633333333333
Gm43508,1,9.342536666666666
Pantr2,1,10.1664
Bcl2l12,1,43.07353333333333
Olfr67,1,6.009615
Trim23,1,40.18553333333333
6530402F18Rik,1,14.31425
Bmper,1,16.6148
Gm20479,1,14.58462
Fbl,1,22.6554
Scarb2,1,14.3414
Mir3077,1,11.91605
Erp44,1,36.1867
Dnpep,1,105.61245
Zfp37,2,21.30845
Emc7,1,24.642166666666668
Tmem266,1,6.492
Ube2z,1,18.634705
Lysmd2,1,14.122425
Smg6,1,17.229103333333335
Utp11l,1,16.26045
Car5a,1,18.4046
Invs,1,36.1867
Gm26668,1,7.731535
Cited2,1,20.10605
Wnt7b,1,14.664835
9230104M06Rik,1,34.95515
6430562O15Rik,1,19.97855
Gm14978,1,7.55145
Mapk12,1,7.6248
Smpd1,1,16.594399999999997
Gm15844,1,7.375805
RP23-184M4.4,2,14.006949999999998
Prex2,1,21.18925
Dram2,1,9.55462
Chat,1,3.30556
Gm11504,2,3.29102
Gm43823,2,18.97203333333333
Pfn2,1,10.314335
Surf1,1,13.596965
Slc12a2,1,20.033283333333333
Cul4a,1,15.743175
Armcx5,1,12.5774
A330041J22Rik,1,20.6179
Apcdd1,2,9.896096666666669
Gm10138,1,7.621505000000001
Slc25a26,1,21.4626
Gm10517,1,18.8558
Mtif2,1,10.42392
Gm29666,1,21.864266666666666
Scamp4,1,24.523
Gm13818,1,7.636555
Vmn1r215,1,5.491575
Taf12,1,14.71385
Gm45106,1,11.58678
Efcab14,1,25.181833333333334
Znhit3,1,11.348785
Hyal1,1,31.494766666666663
Usp6nl,1,10.16946
Mrps30,1,17.28
Zfp950,1,22.7961
Chl1,1,17.5708
Gm28347,1,6.95395
Ccdc59,1,8.80122
Trp53bp2,1,18.8558
Fermt3,1,11.601225
Polr1c,1,8.760390000000001
Gnpda1,1,8.818555
Mto1,1,18.12555
Gm11626,1,4.432433333333333
Msh5,2,12.570620000000002
4930535I16Rik,1,14.09245
Pgm2l1,1,9.111905
Peg10,1,13.55217
Spsb1,3,25.212933333333336
Ubxn4,1,16.13218
Rps23,1,18.37485
Gm25894,1,22.38939333333333
A930009A15Rik,1,12.2771
Neil1,1,13.9156
Steap3,1,6.871090000000001
Casp3,1,23.91615
Snora44,1,14.11654
Aspm,1,18.39545
Sema3d,1,17.11165
Sephs2,1,6.46011
Irf4,1,6.509345
Adgrg3,1,10.555655
Gm11752,1,15.4786
Kif26b,1,18.40367
Gm16121,1,6.315284999999999
Gm17508,1,24.1434
Ubr2,1,23.04015
Lix1,1,24.3375
Mir1929,1,5.34259
0610030E20Rik,1,13.52705
Gm11100,1,6.300185
Hpx,1,5.78033
Pcdh11x,1,9.17664
C130013H08Rik,1,19.7728
Decr1,1,15.7221
Ythdf3,1,17.282899999999998
Mir6921,1,7.546234999999999
Cpeb1,1,16.119
S100a14,1,16.25125
Mrps7,1,8.43855
Sin3a,1,46.87905
Trim24,1,31.036266666666663
Glrx,1,24.012566666666668
Svbp,1,7.16331
1810010H24Rik,1,4.798535
Slc29a3,1,22.1074
Gm11805,1,6.201465
D17Wsu92e,1,12.4727
Gpld1,2,20.21623333333333
Gm45062,1,35.43
Lbh,1,18.581233333333333
Gm44160,1,13.13648
Gm15327,1,13.93085
Gm38287,1,20.8453
Polr3d,1,11.93258
Zfp867,2,17.27159
Gm10024,1,5.93957
Hist1h2bk,1,24.3163
Dvl3,1,7.14832
Tmub1,1,8.776816666666667
Gm5100,1,13.081975
Zfp936,1,8.194135
Phf8,1,8.05838
Serpinb6c,1,4.73228
Eri3,1,12.515776666666667
Smtnl2,1,8.62974
Hes1,1,9.52439
Gm20458,1,13.81456
Klhl12,1,10.28829
Gm44899,1,11.636715
Zfp687,1,39.4984
Parva,1,13.8382
Stk36,1,13.541055
B3gntl1,1,44.41256666666667
Stxbp6,1,15.135215
Ganab,1,19.87515
Gm27887,1,16.1568
Gm38171,1,8.382895
Gm24719,1,10.84305
Gm22396,1,15.7085
Ces4a,1,5.115085
Olfr224,1,6.756615
Zfp658,1,17.8172
Trio,1,38.50206666666667
Tmem192,1,11.0209
Gm24124,1,4.446605
Gpc6,1,17.477449999999997
Me2,1,10.744115
Adprh,2,14.0202
E2f2,1,5.173605
Gm37974,1,12.036905
Mpp4,1,24.97804
Gm44544,1,7.014894999999999
Cklf,1,9.687125
Gm14243,1,14.348693333333337
Wdr7,1,10.96224
Lrr1,1,18.700266666666668
Gm36864,1,6.98583
Pramef8,1,12.14867
Cant1,1,17.890600000000003
Cdc42ep1,1,8.39463
Zfp707,1,10.591875
Nyap1,1,8.02833
Insm2,1,9.27014
Gzf1,2,18.5845
Ptpn18,1,23.05165
Ep300,1,8.838975
Atp2b4,1,16.61025
Macrod2,1,9.940646666666666
Gm12051,1,4.415150000000001
Mpp6,2,11.285555
Mettl24,1,13.622433333333332
Mir6400,1,15.7221
Gm37856,1,7.107900000000001
Chchd6,1,6.950885
Gm29514,1,18.42735
Bub3,1,14.97029
Gm16140,1,10.358335
Snord58b,1,7.595725
Otud1,1,16.18565
Gm13071,1,4.807205
Pde3b,1,12.94905
Nthl1,1,10.599376666666666
Pibf1,1,13.766466666666668
Whamm,1,31.6909
Timm8a2,1,6.280025
Pbld2,1,19.68175
Abcd3,1,9.853163333333336
March7,2,12.85282
Pyroxd2,1,28.398300000000003
4930523C07Rik,1,12.14702
Senp1,1,15.15845
Cracr2a,1,19.114866666666668
Cox16,1,21.183950000000003
Slc2a6,1,12.3338
Ap2m1,1,21.0297
Rnf24,1,10.25645
Gm26004,2,10.343975
Cmtr1,1,7.514119999999999
Cth,1,14.2678
Gtf2a2,2,12.19095
Gm21781,1,9.75394
Phrf1,1,12.14895
Ssbp3,1,9.059076666666666
Polr2h,1,15.30775
Rpl18a-ps1,1,15.621333333333334
Selo,1,7.166824999999999
Tyw5,1,15.6365
Pola2,1,9.32122
Gm16938,1,12.56495
Disp2,1,8.86806
Emilin2,1,21.42467
Ctsq,1,7.49268
Aif1,1,11.958626666666666
Gm16069,1,14.3325
Fat4,1,12.54409333333333
Rgp1,1,8.03726
Gm10161,1,8.139555
1700109G15Rik,1,4.8799
Msi1,1,9.51684
Gm17690,1,8.272685
Cxcl5,1,6.041785
Slc18a3,1,3.30556
Mir344i,1,19.74523333333333
2810405F17Rik,1,40.22735
Mina,1,8.768635
Mir7011,1,8.64085
Gm15573,1,4.79789
Rimkla,1,6.776665
Bcas1os1,1,16.65814
Stk33,1,5.630485
E430025E21Rik,1,11.496885
Gm24159,2,10.4365
Tdrd5,1,3.755775
Sp7,1,5.60383
Zfp551,1,18.9095
Arid2,1,6.762124999999999
Mdga1,1,7.866004999999999
Zfp560,1,15.681670000000002
Adgrl3,1,7.41283
Cacybp,1,26.127066666666668
Gm12685,1,9.34239
Gm25205,1,4.17691
Cep76,1,6.74172
Fahd1,2,43.41676666666667
Knstrn,1,15.240783333333331
A430072P03Rik,1,13.08745
Dpf2,1,21.415966666666662
Gm44408,1,8.462985
Ubqlnl,1,6.552965
Maged1,1,12.71949
Suds3,1,5.75282
Pcdhb19,1,4.775320000000001
Gm44734,1,9.465775
Cacna1g,1,7.32249
Gpr182,1,9.46129
Pagr1b,1,35.211800000000004
Chrd,1,6.814415
Gpr135,1,20.809
Homer3,1,10.00603
Cyp51,1,11.673513333333332
Tmem9,1,11.02644
Paip1,1,4.380995
Sap30l,1,17.7309
Gm16000,1,8.554305
Mir5124a,1,5.041365
C1ql4,1,13.63334
Ccdc113,1,10.08811
Gm13530,1,10.24189
Gm29815,1,9.63484
S100a1,1,19.63265
Elof1,1,20.124133333333333
Gm44291,1,13.7472
Stat6,1,14.408005
Gm14325,1,9.88489
Trappc12,1,21.90515
Gm15517,1,4.072325
Gm9910,1,4.8201
Mir7681,1,5.937200000000001
Dll1,1,7.674815000000001
4932422M17Rik,2,14.43946
Rps19bp1,1,10.10851
Cryab,1,28.284266666666667
Ccdc79,1,6.191563333333334
Snord123,1,12.19095
Gm10237,1,3.883565
Mapk15,1,7.381360000000001
Wfikkn1,1,9.488985
Cxxc5,1,12.632725
Zfp651,1,13.53295
Myo18a,1,14.73255
Med9,1,13.509835
Shkbp1,1,14.58462
9330175M20Rik,1,6.47316
Gm26574,1,6.950885
Gm16494,1,5.353695
St6galnac6,1,8.779336666666666
Ccdc174,1,4.563305
Klhl11,1,11.397825
Gm37876,1,14.981749999999998
Ak1,1,12.763906666666664
Nkain1,2,13.34205
Trav5-1,1,4.699815
6720489N17Rik,1,20.1364
Pttg1,1,12.77515
Fam221a,1,8.895430000000001
Cdkn3,1,26.3336
Gm44672,1,28.2507
Gm27021,1,7.017715000000001
Tbk1,1,17.65666333333333
Plp1,1,9.498103333333331
RP23-385F3.2,1,17.38629333333333
Srp14,1,15.022755
Gm13000,1,19.9556
Cnih4,1,15.703096666666667
Gm17191,1,10.344856666666669
Pqlc2,1,17.1872
Gm13575,1,20.9488
Focad,1,20.69785
Brsk2,1,21.9974
Flcn,1,26.02895
Ccdc85c,1,16.416973333333335
Gm24854,1,10.52655
Gm26549,2,14.21475
Ndufb4,1,8.853215
Maged2,1,8.531089999999999
Supt4a,1,11.63345
Sparcl1,1,8.665786666666667
RP23-423E20.7,1,10.956355
Me1,1,20.6179
Fbxl7,1,18.602400000000003
Fst,2,15.429
Gm14661,1,12.52725
Clec14a,1,7.33908
Fhdc1,1,16.469800000000003
Thsd7a,1,26.29973333333333
Tubb4b-ps1,1,5.120950000000001
Sec14l5,1,25.3488
Zfp871,1,27.694166666666664
Mir183,1,7.727563333333333
Gpaa1,1,14.171566666666664
Dyrk1a,1,7.80603
Gm23880,1,8.838975
Gm17057,1,13.5705
Ninj1,1,13.103000000000002
Puf60,1,7.31692
Reep3,1,11.59254
Zbtb18,1,32.06115
Gm42567,1,12.0003
Gldc,1,21.674
Cd47,1,18.1169
Gm20461,1,21.8667
Rpl34-ps1,1,6.6488
Mir6934,1,15.912254999999998
Gm44483,1,7.633475
Coa6,1,20.2109
Adcyap1r1,1,7.49814
AA415398,1,4.795665
Tatdn3,1,8.79842
Gm44979,1,9.61468
Cyth1,1,33.2348
Arhgap29,1,4.070885
Abce1,1,24.850233333333332
Klhl26,1,15.192899999999998
Wrap53,2,8.363496666666666
Tex26,1,12.1103
Gm16555,1,10.05162
Gm21974,1,21.2918
B230319C09Rik,1,10.054855
Gm2238,1,10.434015
Mob1a,1,20.72775
Grin2c,1,11.79864
Tekt1,1,8.890979999999999
Gm24020,1,20.1364
Gm43077,1,9.59029
Gm43281,1,7.1223
Gm5447,1,12.841566666666669
Sorbs3,1,7.326924999999999
Gm44105,1,6.145803333333333
Cit,1,23.50815
Inafm1,1,9.41977
1810013D15Rik,1,14.2678
Mtfmt,1,16.144199999999998
Gm37677,1,9.341195
Stk35,1,8.330605
Qtrt1,1,9.70256
Dhrs11,1,15.4831
Hspa12b,1,4.249605
Nvl,1,15.703096666666667
5330417H12Rik,1,6.1869250000000005
G430095P16Rik,1,7.233485
Zdhhc9,1,13.90005
Gm17315,1,17.3485
Mst1r,1,17.7261
1810026J23Rik,2,11.69018
Gm45163,1,7.194979999999999
Gm24134,1,13.0852
Zfp827,1,9.25143
Atp11b,1,15.07625
Tamm41,1,4.687855
Ulk2,1,11.424485
Atf6,1,11.192150000000002
Gm33651,1,6.52647
Gm16188,1,5.98399
Cdh22,1,16.7395
Pak1,1,7.16005
Olfr557,1,17.70985
Mob3c,1,13.8525
Gm44450,1,8.62752
Trappc13,2,40.18553333333333
Trbj1-5,1,4.71436
Kcnj14,1,4.912365
Prr36,2,11.405505
Rrh,1,17.78985
Dhrs2,1,15.5256
Gm44937,1,10.81193
Gm27008,1,9.174465
D430040D24Rik,1,17.54515
Gm15775,1,22.335933333333333
Gm44296,1,10.3995
Ntng2,1,14.31425
Drd1,1,13.927833333333332
Mmadhc,1,12.451886666666669
Prx,1,5.748445
Ankrd49,1,36.33625
Tmem177,1,11.61125
Slc35a5,1,18.5245
Gm9034,1,5.626045
Gm10489,1,24.34075
Ccser1,1,16.0633
1700001D01Rik,1,10.13825
Gm42879,1,17.81085
Zfp518a,1,11.8202
5330406M23Rik,1,22.8599
Rnase13,1,28.3026
Gm37264,1,11.43849
Slc12a4,1,12.301923333333336
Gm37851,1,14.34915
Ifnar2,1,22.94
Rpp25,1,14.471575
Gm13206,1,28.953533333333336
Gng5,1,10.210005
Phykpl,1,14.2669
Mir335,1,10.3995
2810410L24Rik,1,16.466933333333333
Gm15409,1,6.707035
Tmie,1,36.6277
Gm6161,1,4.009715
Fam204a,1,8.830325
Gm4919,1,7.47379
Ager,1,5.681615
Rfxap,1,23.9283
Lims2,1,5.47245
Mrpl52,1,11.383633333333334
Tor2a,1,16.4224
Gtf3c5,1,16.1819
Trim16,1,6.86084
Fam213a,1,13.426346666666667
Sec63,2,15.79855
Sprr1b,1,5.16472
Sipa1l1,1,7.00231
Kcnq5,2,10.540615
Slc5a4b,1,9.277725
Gm8907,1,4.572025
Cldn25-ps,1,5.5653
Gm29083,1,17.55287
Gm10444,1,25.0441
Prmt6,1,19.7728
Snrpb2,1,9.90263
A630014C17Rik,1,7.421505
Chtop,1,8.0806
Gm38392,1,3.63665
Gm26637,1,15.619099999999998
Gm42906,1,11.48885
Slc27a1,1,22.5081
Nup62,1,41.252300000000005
Sec61a2,1,20.08415
Tmem208,1,12.031283333333334
Hspe1-ps3,1,10.779665
Gm43741,1,7.36921
Baz2b,1,12.85282
Foxl2,1,7.023580000000001
Sap30bp,1,9.88102
Gnptab,1,16.571199999999997
1110004F10Rik,1,24.9866
Sox5os2,1,22.3982
Mrps6,1,17.26245
Dlec1,1,5.968445
Pdia3,1,18.86196
A630095N17Rik,1,6.47316
Uprt,1,18.2756
Gm38165,1,8.105035
RP24-243J4.5,1,8.3278
Parp14,1,16.6293
Nt5e,1,13.904655
Piga,1,17.76762
Trim67,1,11.260965
Rdx,1,8.975455
Fli1,1,5.0946750000000005
Gm6647,1,5.27015
Adat1,1,9.75394
Prpf3,1,17.0483
Gm15564,1,28.816333333333333
Gm23961,1,6.407723333333333
Nelfcd,1,10.791945
Pcolce,1,4.17425
Zc3hav1,1,11.55005
Tmem120a,1,8.978505
Cer1,1,7.6815
Gm9989,1,9.32785
Gm13483,1,12.451886666666669
Gm26730,1,18.022
Gm38671,1,13.8608
Gm13650,1,8.963245
Gm15286,1,4.703776666666667
Mir6986,1,7.74486
Mthfsl,1,4.66487
Gm26448,1,21.241536666666665
4930455B14Rik,1,15.97
1700003D09Rik,2,14.9743
Frmd8,1,24.72975
Gck,1,7.913845
Ankrd10,1,14.34335
Ehd1,2,9.896265
Copg1,1,19.844225
Gm43134,1,5.95761
Gm25952,1,11.733575
Gm42929,2,9.42367
Lamc3,1,10.401736666666666
Chst7,1,19.3204
Ctgf,1,13.6499
Golim4,1,31.423
Ptdss2,1,20.890833333333333
Gm27187,1,6.924855
Camkmt,1,63.06536666666667
Cdc14b,1,7.98389
Atf5,1,41.252300000000005
Dtx4,1,17.53305
Gm25000,1,4.8245450000000005
Lrp8,2,20.342133333333333
Asprv1,1,4.17425
Sptbn2,1,6.30839
Gm10073,1,11.3051
Gm25526,1,7.30517
Myoc,1,3.92856
Gm25444,1,12.967355
Fam210b,1,54.3842
Gm10766,1,13.50975
Ankrd12,1,10.596205
Gm27579,1,4.991300000000001
Ccdc148,1,17.31907
Ednra,1,19.4631
Zfp956,1,8.811013333333333
Drp2,1,8.57422
Chpf,1,18.4448
RP24-306C18.9,1,10.408783333333334
Pnpla3,1,23.9595
Adam15,1,10.180465
Bcs1l,1,32.913
Nedd4,1,8.34514
Rpap3,1,13.04525
Ivd,1,37.54385
Gm26187,1,12.84175
Gm29233,1,5.28142
St8sia4,1,14.551166666666669
Inpp5b,1,11.7785
Dtnb,1,10.7708
Dnajb14,1,2.753565
Gm23881,1,6.012705
R74862,1,5.254765
Myod1,1,16.844099999999997
Jarid2,1,15.053033333333332
Ube2g2,1,17.756349999999998
Gm11216,1,21.32443333333333
Gm10916,1,4.923475
Nfkbil1,1,30.9728
D17H6S53E,1,9.48576
Vprbp,1,13.85889
1700007G11Rik,1,16.6025
Dnajb1,1,18.6363
D930048N14Rik,1,15.75774
Krtap5-1,1,3.688945
Commd4,1,8.598635
Gm12478,1,12.4693
4930481B07Rik,2,39.4984
Gm25534,1,4.466595
Gm17767,1,15.79894
Irf7,1,8.574715
Uso1,1,30.175966666666667
Dip2a,1,11.2444
Lsm4,2,19.370666666666665
Abhd16a,1,14.480004999999998
Xrra1,1,24.646366666666665
Pacs2,1,27.235466666666667
Tmem8,1,6.015515
Tuba1b,1,13.15375
Zeb1,1,10.434015
Gm44040,1,11.00313
Gm10964,1,14.90268
Dedd,1,14.285866666666664
Myh8,1,12.222029999999998
Prmt2,1,20.16273333333333
Gm43786,1,3.10707
1110015O18Rik,1,11.4038
Ndufaf7,1,13.87013
Dnajc2,1,14.944015
Calr4,1,27.55313333333333
Ogdhl,1,10.15502
Bmpr1b,1,13.05365
Cfb,1,9.78253
Ptcd2,1,12.474766666666667
Ifit1bl2,1,14.82845
Fmnl3,1,8.987694999999999
Dzip1l,1,21.59705
Ybx3,1,16.193305
Kbtbd8,1,44.44863333333333
Gm10466,1,6.544285
Pnma1,1,10.265045
Tom1l1,1,17.76745
Mir125b-2,1,20.69973333333333
4933402D24Rik,1,6.335125
Letm1,1,16.54805
Rpl7l1,1,13.757600000000002
Pxk,1,18.346
Mtfr1,1,17.398833333333332
D5Ertd615e,1,12.778389999999998
Rps25-ps1,1,7.674289999999999
Gm11590,2,10.54953
4930520O04Rik,1,18.668175
Cinp,1,14.7471
Ptpre,1,16.115099999999998
Snora61,1,14.11654
Olfml3,1,14.90268
Yipf2,1,11.69018
Atp9a,1,11.5478
Cox8a,1,23.70275
Aff2,1,11.139815
RP23-291B1.2,1,11.59254
Pitpna,1,13.48065
1700016D06Rik,1,19.89125
Gm16104,1,10.95944
Rnf187,1,16.309
Olfr1364,1,2.86402
Gas2,1,17.59845
Dgat2,1,10.809176666666666
Pcdhac1,1,7.52022
Gm19569,1,13.180766666666663
AI593442,2,15.46352
Gm25008,1,4.6178
Gm23128,1,8.417845
Shmt1,1,12.79808
Atp8a1,1,48.65193333333334
Bcl9l,1,20.65665
Gm11819,1,3.48057
Map7d1,1,11.84015
Adamts10,1,9.45466
Wap,1,7.43885
Gm28041,1,16.602100000000004
Gm16505,1,14.405066666666665
Edem1,1,16.779633333333333
Ociad2,1,4.999025
Abr,2,14.775925
Hddc3,1,22.6376
Palm,1,7.33146
E030024N20Rik,1,16.93485
Pnpla1,1,6.930035
Gm14003,1,7.852684999999999
A930035D04Rik,1,7.645935
Defb22,1,10.97871
Gm37905,1,3.53794
Dhrs7,1,40.9887
Rpusd4,1,14.42475
RP23-118B13.1,1,10.86659
1700112J16Rik,1,6.031835
Slc17a4,1,5.12696
Gm26301,1,3.372755
D3Ertd751e,1,11.380093333333337
Gm27597,1,3.366525
1700122D07Rik,1,6.6776800000000005
Med12,1,15.0578
Gm25905,1,5.131405
Gpr89,1,16.529049999999998
Esyt3,1,3.3883
Rbm11,1,6.519293333333333
Gm43881,1,5.03091
n-R5s188,1,18.1589
Taf1,1,15.904199999999998
Ier2,2,16.5912
Zbtb11os1,1,7.233485
Nup214,1,22.210733333333337
Rsl1,1,9.8859
Ptk2,1,6.94502
Gm5617,1,13.981666666666667
Elp4,1,18.8003
RP24-133K20.4,2,16.6526
Gm43250,1,6.52695
Gm4961,1,3.200975
Spred1,1,15.741040000000002
D930019O06Rik,1,10.342785
Gm2044,1,10.880875
A430005L14Rik,1,5.44337
Gpr107,1,4.54997
Opcml,1,20.36495
Prkag2os2,1,29.386166666666668
Hbs1l,1,13.21329
Stag2,1,13.29466
Ap4s1,1,9.590293333333332
Nt5c1a,1,9.865915
Wbscr27,1,3.718025
Pirt,1,9.11223
Dstyk,1,19.787000000000003
Ddah1,1,16.5825
Prpf8,1,13.6622
Mir149,1,6.74329
Rasgef1b,1,14.523625
Antxr2,1,23.693766666666665
Pdzd11,1,2.721685
Slc2a13,1,18.2332
Gm15734,1,19.14745
Megf9,1,31.302000000000003
Fxr1,1,9.59029
Tigd5,1,45.996
Arntl2,1,18.92468333333333
Gm25438,1,10.567125
Fzd4,1,17.65515
Pafah2,1,18.27635
Gm14202,1,29.72105
Gm44364,1,11.687935
Gm26274,1,8.91216
Dis3,1,13.766466666666668
Cebpz,1,13.87013
Acbd3,1,10.96394
Gm18444,1,12.23455
Zfp119a,1,14.268065
Dchs1,1,7.325595
A930030B08Rik,1,13.124433333333334
Cdhr4,1,6.16958
Spata13,1,11.16862
Tmed5,1,22.721733333333333
B3glct,1,8.741990000000001
Anapc10,1,24.850233333333332
Zfp273,1,8.57641
Ip6k1,1,20.54785
Prpsap1,1,7.448080000000001
D330041H03Rik,1,11.07877
Napg,1,17.771133333333335
Tmem194b,1,11.4867
Mustn1,1,11.348785
Tubb4a,1,7.79269
Ash1l,2,14.88505
Fip1l1,1,10.8931
Smap2,1,3.53794
Acpt,1,4.072325
Pgm3,1,22.0929
Mir5129,2,20.7746
Tmem230,1,7.630385
Lpp,1,9.087726666666669
Gm867,1,3.94453
Gm26915,1,10.24189
Afmid,1,9.67844
Rin1,1,4.712289999999999
Gm26887,1,4.836285
Dnajc5,1,14.225506666666666
Gm27004,1,6.851100000000001
Rhoa,1,27.3306
Gm9173,1,9.361885
Stk19,1,13.883485
Gnai1,1,7.257000000000001
Gm12997,1,7.06229
Rfx1,1,75.2399
Med4,1,12.381615
Gm13594,1,19.1982
Ighv1-21-1,1,7.360673333333334
Pgrmc1,1,11.9169
Gm12787,1,7.04229
Cdca7,1,14.050085
Rtn2,1,4.783995
Gm11027,1,8.362263333333333
Gm42560,1,3.95058
Gm5982,1,7.850455
1600014C10Rik,1,17.9253
Mir1900,1,7.443635
6330549D23Rik,1,11.15685
Prrx2,1,6.27416
Pdk1,1,31.4782
Rab9,1,10.93975
Spag1,1,14.40475
Slc5a1,1,6.431035
Kif11,1,30.6147
Vstm4,1,10.128655
Gm24212,1,6.074035
Aven,1,10.321093333333334
Gm15903,1,12.472835
RP23-23D1.2,1,2.848045
Gm5602,1,20.605405
Rfc1,1,14.5259
Wdr20,1,10.95355
Usp13,1,9.335605
Olfr1331,1,17.340725
C130071C03Rik,1,7.685905
4732416N19Rik,1,23.756566666666668
Zfp738,1,6.625655
Gm14618,1,5.166945
Gm38391,1,17.551233333333336
Cryl1,1,20.512
Cntn5,1,7.63934
Tom1l2,1,167.015
Kirrel2,2,9.73244
Irf3,1,43.07353333333333
Gm44382,1,12.2771
Fam21,1,32.703599999999994
Tmem38a,1,56.54046666666667
Zfp961,1,24.47503
6430571L13Rik,1,7.834905
Sh2b1,1,20.4927
Cox4i1,1,7.017715000000001
Scimp,1,8.245145
Il1f9,1,7.360535
Pacrg,1,21.009666666666664
Gm4795,1,9.937005
Ncan,1,7.335845000000001
Zfp362,1,10.431775
Abhd10,1,20.7415
Myo16,1,25.38245
Gm35339,1,30.7628
Gm22661,1,9.24449
Cpeb1os1,1,16.119
2410131K14Rik,1,21.2329
Gm24890,1,16.07455
Gm20391,1,3.200975
Camk4,1,10.584
Rwdd3,1,16.059725
Rbfox1,1,4.513865
Gm24939,1,26.02895
A430033K04Rik,2,17.27695
B230354K17Rik,1,32.10235
Ptpn3,1,20.2573
Lrp8os3,2,20.342133333333333
Gm37571,1,9.75245
Gfy,1,14.054766666666666
Mkrn1,1,12.59829
Gm26801,1,14.688950000000002
Lpar2,1,11.563715
Olfr1416,1,10.37567
Zgpat,1,10.96815
Vwa8,1,14.961533333333335
Gm5614,1,7.494205
Cdkn2aipnl,1,11.554775
Gm43365,1,3.287155
Nfkbie,1,11.85915
Gm13528,1,24.445466666666665
Trpc4ap,1,23.94505
Gm38388,1,10.82209
Gm13827,1,7.023580000000001
1300002E11Rik,1,14.690293333333337
Ankrd9,1,10.72517
Pigu,2,12.14784
Gm22106,1,10.865255
Dbf4,1,14.86835
Ablim1,1,7.006255
Wdr74,1,6.245085
Zmynd12,1,4.448824999999999
Gm43570,1,14.71215
Ccny,1,31.2999
Slc7a5,1,15.9031
Oaz3,1,5.71164
Fam134b,1,4.191445
Gm26911,2,10.468806666666667
4930505N22Rik,1,13.556605
Gm29704,1,4.91014
Gm23406,1,5.277825
Gm42454,1,13.716916666666668
D10Jhu81e,1,12.938466666666663
Capzb,1,12.007893333333334
Gm22014,1,7.31692
Sart3,1,12.92307
Gm6297,1,24.1774
Cfap221,1,7.25876
Spg11,1,10.99356
Cdc5l,1,32.10235
Gm26130,1,55.3765
Trafd1,1,11.033055
Bub1b,2,10.18961
C230034O21Rik,1,14.38582
Uhrf2,1,11.595323333333337
Gm10428,1,11.41244
Espnl,1,10.78214
Snord82,1,18.7612
Gm26482,1,7.66656
Mir7066,1,9.8237
Ubl7,1,30.3306
Bace2,1,9.37349
Npepl1,1,15.547533333333332
Sox6os,3,30.6933
Uba6,1,14.60925
Cog4,1,9.79362
Gm37651,1,6.315284999999999
Ankrd2,1,7.924005
Ankub1,1,13.27985
Ptpro,1,15.141849999999998
Maneal,1,8.963685
Gm22308,1,6.38978
Gm37811,1,12.16705
Sbf1,1,13.44899
Mir6406,1,11.92057
Il4i1,1,41.252300000000005
N4bp2os,1,19.380693333333333
Sptbn5,1,10.71253
Gm25276,1,11.557835
Kcnj2,1,26.01035
Gm44372,1,7.549300000000001
Gm44954,1,18.95005
Slc33a1,1,26.375
Tmem39b,2,25.0544
Zfp456,1,16.602100000000004
Rwdd2a,1,22.0929
Tfdp1,1,6.62657
Prim2,1,13.939
Mybl1,1,7.0534
Col11a1,1,14.6976
Tasp1,1,17.45136666666667
Gm43282,1,23.715
RP23-321G17.10,1,12.417433333333332
Gprasp1,1,12.5774
4930430F08Rik,1,12.738453333333332
Gm7870,1,2.736225
Gm17257,1,3.1004000000000005
Gm10522,1,6.457610000000001
Pnmal2,1,17.5532
Mir6539,1,10.81991
Gm25072,1,25.54135
P4ha1,1,28.27463333333333
Samd5,2,27.3033
Gm10699,1,23.85993333333333
Accs,1,13.83565
Olfr466,1,5.97776
Mknk1,1,22.2905
4930435C17Rik,1,4.819643333333333
Gm44874,1,10.2939
Pwp1,1,15.406715
Mtpn,1,14.926390000000003
Fgd6,1,34.7932
Rnf225,1,9.576675
B020031M17Rik,1,3.081855
Ppm1f,1,18.5867
Ext2,1,3.032575
Traf3ip1,1,7.634830000000001
Khk,2,7.406786666666666
Alkbh2,1,61.9503
Cspg5,1,7.781675
Mir1895,1,8.47294
Gm26291,1,4.66487
Gm26850,1,26.375
Lingo4,1,21.8773
Mapk3,1,15.69089
Pcdh8,1,13.711196666666666
Ube2e1,2,14.86728
Hist1h1c,1,13.41533
Parp4,1,6.349665
Nxf1,1,9.079536666666668
RP23-64O4.3,1,18.73245
Gatsl2,1,19.79815
1700125G02Rik,1,7.60746
Hebp2,1,16.017933333333332
Ddx31,1,13.220913333333334
Cpne7,1,9.45754
Gm13905,1,8.29872
Zfp131,1,6.55654
Vps13a,1,14.600533333333331
Adat3,1,24.523
Lpin2,1,20.3011
Mecr,1,15.452000000000002
Surf6,1,12.356
Gm43701,1,8.84982
Vars2,1,18.936066666666665
Mafb,1,6.590715
Gm11770,1,29.486566666666665
Gm13404,1,8.58533
Chd4,1,12.951805
Fam91a1,2,16.33565
Nucb1,1,15.827916666666669
Taldo1,1,26.7026
Clcn5,1,17.139633333333332
Arel1,1,15.38195
Spata17,1,12.1103
P3h2,1,14.021626666666668
Gm10603,1,9.265965
Gm16032,1,32.023666666666664
Gm10277,1,9.755885
Gm8482,1,7.764329999999999
Nphp3,1,71.16776666666665
Gm12694,1,15.4831
Surf2,1,13.596965
Cct7,1,27.28225
Nmu,1,6.668795
Mir5099,1,3.99861
Syne2,1,10.041565
Pdzrn4,1,16.3724
Stambpl1,1,13.63165
Dcp1b,1,22.01055
Cc2d2b,1,13.253184999999998
Bax,2,19.8396
Tmem214,1,7.94415
Slc25a40,1,14.86835
Hsd17b4,1,24.024966666666668
Tiam2,1,9.30343
Pou3f4,1,19.722900000000003
Gm22915,1,2.93809
Zfp281,1,23.0465
Nup93,1,20.6347
Mc4r,2,20.845633333333332
Trib3,1,9.46353
Gm24830,1,21.8906
Drap1,1,13.8078
Cmtm3,1,14.9339
Tbrg1,1,13.5877
Gm43176,1,6.73305
Mylip,1,35.093266666666665
Eef2kmt,1,26.29275
Atp6v0a1,1,20.6401
Ythdc2,1,17.4134
Gm24914,1,2.7885150000000003
Rnft2,1,21.2329
Mfsd11,1,18.9915
Zfp292,1,8.31077
Dek,1,9.96002
Atp11a,1,8.72764
AF357399,1,14.0802
Plxna1,1,8.01055
A930016O22Rik,1,9.969826666666668
Serpinb1a,1,5.2314
Gm21057,1,4.964645
Rrp36,1,13.704105
Dnajc28,1,9.877035
Clcf1,1,9.79928
Ipo11,1,10.26842
Ifngr1,1,26.862966666666665
Myh11,2,16.09896
Pcdhb11,1,11.124735
Dtwd1,1,20.142433333333333
Epb41,1,14.016755
Gm11110,1,11.040795
Lbr,1,6.61979
Nat9,1,21.9146
Gm42903,2,9.54498
Thbs4,1,5.762980000000001
Car14,1,5.87318
Gm43081,1,11.533426666666664
Gm45058,1,29.922700000000003
Gtf3c4,1,13.220913333333334
Gm43519,1,6.1240950000000005
Gm13920,1,8.75206
Pdcd6,1,18.85435
Gpr12,1,7.143445
Thbs3,1,12.34592
Gm6905,1,9.16139
Dpysl2,1,18.1774
Gm13986,1,16.056250000000002
Pak1ip1,1,9.277725
Gm15782,1,4.631130000000001
Exoc7,1,18.022
Tmem165,1,7.47968
Cyfip2,1,4.192025
C130093G08Rik,1,13.9634
Scarb1,1,6.9611350000000005
Synpo2,1,19.62085
Gys1,1,57.19315
Entpd3,1,4.813435
Gm11732,1,11.1721
Wdr43,1,15.988995
Map2k3,1,40.56975
Dach1,1,9.239836666666667
Kmt2c,1,17.7408
Gper1,1,8.735355
Nipbl,1,8.894089999999998
Ccnh,1,16.5224
Ung,1,61.9503
Otx2,1,5.87037
Mir92b,1,14.84557
Snrnp35,1,14.088
Mchr1,1,13.809916666666666
Tmem11,1,28.7173
Gm12802,1,12.52055
Znhit1,1,14.493906666666666
Gm24534,1,5.51379
Dnaaf3,1,10.989236666666669
Pgm1,1,6.640195
Bnip2,1,12.397165
Rrad,1,11.41529
RP24-126J17.4,2,24.15055
Trbj1-7,1,4.71436
Mapk10,1,7.048954999999999
Gm14253,1,11.417966666666668
Rnf135,1,17.9443
Colgalt1,1,29.081466666666667
Gm11769,2,15.76105
Gm25805,1,7.91162
Map1lc3b,1,7.558115
Klf13,1,28.947333333333336
Lgals4,1,9.7359
RP24-83E15.3,1,8.78316
Mir3965,1,8.78316
Pcif1,2,13.03089
Mir486,1,6.6910050000000005
Zfp329,1,20.94135
Kat6b-ps1,1,2.400055
Lhfpl3,1,22.3352
Gm17296,1,13.872375
Gm15763,1,7.79902
Gm14291,1,10.41847
Gpr173,1,12.9868
Pcdh18,1,21.75175
Fzd10,1,6.130755000000001
Ceacam1,1,6.15223
Nedd8,1,32.262550000000005
Gm42644,1,8.374220000000001
Zkscan6,1,18.5768
Gm26904,1,5.748375
Mir698,1,11.7785
B3galt6,1,3.994165
Gm25083,1,15.37525
Gm24328,1,21.3015
Irak3,1,10.85195
Olfr650-ps1,1,7.226875
Dpf1,2,13.4777
5330438D12Rik,1,7.143445
Gm13624,1,3.816305
Sec22a,1,11.66525
Gm24690,2,6.06293
Phf2,1,7.53194
Ebpl,1,21.519066666666664
2900069G24Rik,1,5.61759
Tmem17,1,16.559933333333333
Gm33050,1,25.14
Pigyl,1,30.220233333333336
Ap3m1,1,32.7022
Gm22240,1,29.06855
Gm12367,1,32.475849999999994
Rpl5,1,17.447400000000002
Gm23049,1,19.9813
Ino80b,1,4.71451
Mvp,1,35.211800000000004
Ifit1,1,14.82845
Mir301b,1,21.6861
Ppm1n,1,4.783995
Gm44202,2,14.9504
Jph2,1,5.968445
Gm44781,2,15.62315
Mir497,1,6.46292
Api5,1,12.0047
1700028M03Rik,1,18.55235
Kcp,1,9.818085
4930415O20Rik,1,23.39585
Gm32453,1,6.982305
Gm17268,1,5.126815000000001
Wisp2,1,8.26957
Igkv15-101,1,6.21636
Nrf1,1,17.55041
Cdh20,1,16.1745
Slc39a14,1,11.5316
Lin9,1,3.5001800000000003
A230005M16Rik,1,4.6067
Snora57,1,16.6147
Amn1,1,27.2286
Klf11,1,19.42275
Akr1b3,1,18.74460333333333
A830092H15Rik,1,16.126726666666666
Nckipsd,1,4.723395
Arr3,1,5.504905
Gm30191,1,9.31241
Acot7,1,8.24071
Gm13832,1,5.824403333333334
Avl9,1,27.06585
B4galt4,1,28.47745
AI837181,1,13.8078
Lamp1,1,11.824925
2010109P13Rik,2,13.4051
Zfpm1,1,38.87366666666667
Gm22452,1,7.54343
A830018L16Rik,1,14.786933333333332
Gm43336,1,9.60011
Ankrd6,1,15.272493333333337
Kcnc1,1,10.656033333333331
Gm25756,1,6.684345
Gpr75,1,18.74655333333333
Mpdz,1,8.865005
Cacna1c,1,10.897535
Gm7847,1,3.640660000000001
Gm11378,1,13.83565
A430018G15Rik,1,8.10998
Ms4a3,1,3.94453
Psd,1,24.96526666666667
Gm23301,1,7.595725
Pfdn2,1,3.25327
Iars,1,22.0844
Neurl2,1,15.8366
Psma4,1,11.258735
Gpr25,1,16.12095
AC153872.1,1,10.709026666666666
Fbxl4,1,16.947066666666668
Hnrnph1,1,19.4839
Pum2,1,22.593335
Tor1a,1,6.725515
Atg14,1,15.16065
Gm16131,1,6.25962
Pygb,2,16.08625
Wwc2,1,13.816133333333337
Gm38095,1,3.802975
Gm16933,1,10.48885
Cox10,1,19.661276666666662
1110025M09Rik,1,8.838975
Cd46,1,12.713605
Gm44906,1,6.997906666666666
Gm29596,1,10.174836666666668
Nadsyn1,1,24.5961
Pou2f3-rs1,1,4.24653
Ccdc88a,1,12.86735
Iscu,1,12.92307
Islr2,2,11.82215
Tbc1d24,2,18.7268
Exoc2,1,12.841566666666669
Clstn3,1,11.61344
Evc2,2,16.08005
Gm24157,1,4.514435
Zbtb1,1,20.4322
Pdia6,1,16.37935
Pag1,1,15.558026666666663
1810030O07Rik,1,25.18105
Dlg5,1,10.422905
Gm45099,1,11.35712
Piwil2,1,16.07455
St5,1,11.467795
Galnt2,1,5.53378
A830052D11Rik,1,23.2491
Pax2,1,8.429555
Tbc1d20,1,10.9768
Mir7685,1,6.346385
Fgf11,2,15.64755
Csgalnact1,1,20.27076
Phf2os1,1,7.53194
Car8,1,8.316075
Ggcx,1,9.52216
A3galt2,1,11.820076666666663
Tuba4a,1,5.089065
Ccdc93,1,12.6034
Slc12a6,1,15.8666
Ppid,1,7.18684
Prss32,1,11.307875
Pard6b,1,9.59609
Pard3b,1,18.43005
C1ql1,1,5.9168
Vapb,1,15.3106
Sdhd,1,22.72765
Gm12980,1,9.86367
Aebp1,1,6.25634
2310074N15Rik,1,8.776816666666667
Lrrc58,1,9.919380000000002
4933408J17Rik,1,4.595235000000001
Gm26663,1,12.969585
Gm11471,1,4.19647
Gm13062,1,4.442159999999999
Ano6,1,14.5735
Gm24794,1,10.159455
Fndc3b,1,16.563266666666667
Asap1,1,20.1287
Bola3,1,13.87855
Tnni2,2,21.11975
Gm5475,1,8.6821
Dnase1l2,1,14.4203
2310043M15Rik,1,21.416
Baz2a,1,13.1582
Ms4a4b,1,9.257829999999998
Phlda3,1,9.14099
Crebbp,1,8.42651
Ndufab1,1,33.376466666666666
Ecsit,1,11.958866666666664
Smurf1,1,8.815153333333333
Ddah2,1,16.94353333333333
Cope,1,19.139000000000003
Tmem29,1,6.882560000000001
Sumo1,1,10.174836666666668
Gm19582,1,16.7571
Mrpl15,1,10.470656666666668
F830212C03Rik,1,3.208215
Sptssb,1,4.3743300000000005
BC046251,1,7.77938
Smyd1,1,8.35968
Usp10,1,5.16028
Daglb,1,13.96466
Gm24855,2,31.05
Gm17482,1,10.80257
Sord,2,17.721333333333334
Fcf1,1,15.38195
Npr1,1,3.35785
Pitx3,1,14.36375
Mir5136,1,16.6147
Rpl12,1,15.5309
Gbas,1,12.472835
Dock5,1,13.716705
Jak2,1,5.58162
Slc5a8,1,11.3658
Dennd1a,1,14.41145
Pdcd6ip,1,13.625383333333332
Ngf,1,8.251805000000001
Cnn2,1,8.5064
Snord7,1,19.67645
Wscd1,1,33.990700000000004
Gm22138,1,4.40061
Gfer,1,7.505855
Prkcq,1,15.3341
Rasl2-9,1,10.093403333333333
Cyth3,1,5.704829999999999
4930518J20Rik,1,3.755775
Dner,1,8.374220000000001
Gm26627,1,9.818085
4831440E17Rik,1,17.7408
Gm15853,1,15.717199999999998
Popdc2,1,11.79611
Sclt1,1,11.380093333333337
BC068281,1,13.59669
Gm27551,1,14.844885
Bcl6b,1,6.46292
1500015A07Rik,1,9.226745
Atpaf2,2,29.43015
Bach2os,1,6.962615
Ankmy1,1,7.02947
Gm18290,1,6.35527
Gm12267,1,4.86794
Gm11802,1,15.5488
Adprm,1,6.913135
Ggt6,1,20.27185
Rnf157,1,14.6749
Necab3,1,2.85027
Lgalsl,1,10.956355
Alkbh8,1,43.7096
Anxa11os,1,12.678405
Olfm5,1,4.624315
Mafa,1,15.40645
D730045B01Rik,1,11.48885
Mc1r,1,18.75923333333333
Cygb,1,7.335043333333334
Tmx2,1,81.74483333333333
Gm29741,1,28.59615
Gm12786,1,6.991205000000001
Otof,1,9.952766666666667
Defb21,1,5.516005
Daam2,1,9.170005
Abhd14a,1,19.45555
Cdh10,1,6.224675
Ace2,1,7.074590000000001
E2f7,1,13.02303
9330162012Rik,1,22.79561
Gm32736,1,4.554415
Ccdc88c,1,18.41775
4930509G22Rik,1,25.106866666666665
Gm10849,1,15.1574
Nek11,1,11.46225
Krtap6-3,1,2.926985
Extl2,1,20.95195
Spin1,1,33.01935
Fam227b,1,20.142433333333333
Btbd9,1,10.90996
Gm13389,1,16.86475
Gm44330,1,8.62752
Npdc1,1,11.18102
Mir705,1,10.42392
Lrrc38,2,4.198685
Rgag4,1,7.434760000000001
Zfp944,1,4.960710000000001
Il1rl2,2,14.450400000000002
Gm38085,1,6.930035
Gm17542,1,3.98815
Rnd1,2,12.94958
Mroh5,1,15.19416
Trap1,1,11.102326666666665
Mir8097,1,3.14869
Dpy19l4,1,12.969585
Kank2,1,12.460545
Fam45a,1,20.990166666666667
Grk4,1,42.1495
Gm12669,1,8.38594
Gm3235,1,10.552605
Clip3,1,17.17544666666667
Spock2,1,12.01085
Rbm20,2,22.5754
Chst5,1,18.41187
Gm9885,1,5.385215
E130309D02Rik,1,8.141845
Mdc1,1,46.18153333333333
Gm10925,1,10.947724999999998
Arl10,1,12.34592
2900052N01Rik,1,4.386075
Gm10421,1,8.26513
Oip5,1,9.338675
Htr5a,1,6.47464
Ltbr,1,13.48983
Fibin,1,12.742965
Prkaa2,1,12.41715
Snupn,1,23.7863
Zbtb38,1,13.571326666666664
Sgk1,1,17.0049
Epha3,1,15.99315
Oasl2,1,13.98315
Gm25453,1,8.818555
5430405H02Rik,1,14.9098
Asna1,1,25.13173333333333
Mark2,1,18.56665
AA465934,1,19.67645
Gm14321,1,18.82695
Ict1os,1,17.255766666666666
4930534D22Rik,1,28.3178
Otx2os1,1,5.87037
Gm28729,1,10.737823333333331
Klk1b2-ps,1,7.898295000000001
Filip1l,1,8.40051
Gm45141,1,56.737300000000005
Gm11696,1,11.26707
Ppp1r12a,1,18.381933333333333
Abhd13,1,23.88385
Mir3099,1,15.48785
Gm22806,1,17.250950000000003
Gm38097,1,11.60145
Nup160,1,9.31011
2610034O05Rik,1,6.662129999999999
1700017G19Rik,1,20.5745
Gm27679,1,8.85546
Leng9,1,10.776545
Decr2,1,15.9613
4921504A21Rik,2,19.7141
Atp10d,1,11.9803
Gm11464,1,7.293705000000001
Gm37359,1,18.407466666666664
Ccnj,1,7.575884999999999
Lrguk,1,24.69943333333333
Foxj1,2,21.0792
Naglu,1,8.92873
Fbxo30,1,13.335233333333331
Fscn2,1,14.76935
Gm3890,1,7.59368
Gm23628,1,18.002193333333334
Cntrl,1,27.38885
Gm14319,1,3.92412
Fgfr2,1,13.4737
Ncald,1,8.747625
Cbln1,1,5.385215
Gm24109,1,13.169965
Anapc7,1,18.7391
Gm45080,1,11.889403333333334
P2ry1,1,27.5235
Birc5,2,22.6588
Gm37099,1,22.35875
5330438I03Rik,1,17.657595
Tubgcp2,1,7.700305
Gm26791,1,5.72497
Cela2a,1,7.29021
Lrrn2,1,11.084175
Lrrk2,1,23.384733333333333
Tmem241,1,17.1785
Gm28039,1,21.34815
RP24-134N2.3,1,9.834815
1700007L15Rik,1,11.836925
Als2cr12,1,6.828885
Eya4,1,13.16195
Kank1,1,14.976425
RP24-367D19.2,1,3.90678
Galnt16,1,4.707845
Gpr153,1,9.44324
Zfr,1,13.399816666666666
Gm16089,1,4.17425
Clic4,1,15.4286
Prr12,1,11.22885
Mrc2,1,11.05868
Dmxl2,1,19.55175
Gm15816,1,19.377545
Ppp2cb,1,5.16738
Gm28386,1,18.73025
Caln1,1,10.821855
Cnp,1,18.4234
2810403D21Rik,1,4.54331
Gm42714,1,3.831855
1810019D21Rik,1,7.21127
Chst2,1,26.8715
Adra1d,1,15.53016
Fam53b,1,17.00685
Mrps36-ps2,1,9.00001
Gm9987,1,15.7788
Pusl1,1,6.68662
1700104B16Rik,1,15.57755
Engase,1,17.4985
Zfp629,1,6.683549999999999
Procr,1,13.285735
Ankrd28,1,9.19665
Larp1b,1,14.0783
C2cd4b,1,9.89152
Tmem51,1,5.362
Brms1,1,6.927815000000001
Slx4,1,25.740266666666667
Gpr158,1,14.542649999999998
Gm42928,1,9.42367
Cd302,1,10.58845
Olfr746,1,3.014805
Rfwd3,1,30.0725
Pgam1-ps2,1,62.7013
Cox6a1,1,9.54498
Sardh,1,7.79902
Mgme1,1,11.452155
Gm26868,1,3.5439549999999995
Ticam2,1,13.0595
Hnrnph3,2,19.68175
Vrk2,1,22.40095
1700060C20Rik,1,3.53951
Brd4,1,14.21475
RP23-39D21.2,1,11.585605
Lysmd4,1,6.031835
Lrtm2,1,6.497865
Scarf1,1,15.452633333333331
Chsy1,1,12.021445
Fos,1,9.042275
Chid1,1,16.1878
Parp8,1,4.52998
Lrrc4c,1,7.886255
Nek2,1,15.800133333333337
Acaa1a,1,17.361349999999998
Slc35f1,1,14.138600000000002
Snhg12,1,14.11654
Gstp1,1,14.101333333333336
Aldoa,1,9.964855
Satb2,1,10.008225
Setd1b,1,9.064405
2810029C07Rik,1,10.916303333333332
Gm43442,1,8.001956666666667
Gm37848,1,24.19943333333333
Gm26202,1,7.595725
Rpsa,1,21.241536666666665
Slc13a5,1,23.17335
Socs3,2,13.899299999999998
Apoo-ps,1,10.672855
Pkp4,1,17.31907
Mxra7,1,20.38301333333333
Gm23205,1,12.908273333333334
Gm15476,1,12.80247
RP24-337F7.2,1,9.507025
Snrnp25,2,21.8773
Mettl23,1,13.480965
Sspo,1,7.54343
Gm42743,2,19.12135
Snx33,1,9.683585
Slc25a36,1,29.314100000000003
Eif2ak2,1,15.619099999999998
Lgr5,1,20.51555
Tymp,1,5.913945
Gm23296,1,20.759
Erc2,1,2.582365
Igfbp4,1,11.69018
Stx1a,2,22.08405
Sco1,1,6.913135
Sall1,1,13.044035
Plekhm2,1,11.474200000000002
Gpr157,1,20.8323
Neo1,1,14.023966666666666
AA914427,1,3.90678
Gm45188,1,7.083465
Itga8,1,19.669866666666667
Srcin1,1,33.213586666666664
Pigv,1,9.170005
Elp6,1,44.04229999999999
Prkd1,1,4.61336
Gm12426,1,3.662875
B130024G19Rik,1,14.067966666666663
Mfsd14a,1,8.334833333333334
Gm24958,1,8.33927
Gm7467,1,19.78185
Gm10643,1,75.2399
Ube3b,1,11.26663
Ap2a2,1,12.51925
Pcyox1,1,16.522569999999998
Gm16328,1,3.30556
Col5a1,1,11.575813333333334
Tmem8b,1,11.970055
Zfp873,1,9.817025
Ap5b1,1,7.081250000000001
Ncoa2,1,49.1783
Ksr1,1,15.954566666666668
Smkr-ps,1,19.9813
Zdhhc12,1,13.090844999999998
RP24-502D8.3,1,8.82318
Nmb,1,3.793525
1700018F24Rik,1,7.189055
Morn5,1,17.686333333333334
2810039B14Rik,1,7.636285
Pradc1,1,27.28225
Slc3a2,1,22.38939333333333
Snrpf,1,4.595235000000001
Irx6,1,21.47757
1700065J18Rik,1,2.36151
Mir6392,1,23.9595
Anapc2,1,17.70305
Srf,1,29.6841
1700022E09Rik,2,8.768635
Xrcc5,1,16.832233333333335
Apod,1,6.11299
Cept1,1,9.55462
Ubr4,2,9.985995
Gm38200,2,23.70035
Gm7745,1,5.268095
Sh2d4b,1,13.6166
Lpar4,1,3.75292
Gm11512,1,8.420795
Gsn,1,5.2837233333333335
Sepn1,1,14.65265
Gm25217,1,7.977209999999999
Slc7a2,1,9.68139
Mysm1,1,15.4831
Gm11574,1,4.75211
Gm11370,1,7.54651
Nkain2,1,10.91874
Umad1,1,35.43
Arf4os,1,25.53675
Gm24193,1,3.02147
Syp,1,6.657685000000001
Ifit3b,1,4.073105
P2rx6,1,28.1928
Pik3r1,1,27.183333333333334
Gm12525,1,6.17825
4930595O18Rik,1,10.689315
Gm13184,1,3.541735
Mier3,1,11.62557
Gm22652,1,31.08845
6530437J22Rik,1,21.8878
Prpf38b,1,10.82748
Trpm4,1,6.31973
Capn11,1,13.3615
Sowahd,1,3.12262
Acta1,1,8.653025
Bcl7a,1,12.50188
Tcaf2,1,17.689700000000002
Klhl3,2,11.38434
Cd14,1,15.913593333333331
Disp1,1,9.260055
Gm43349,1,4.92633
Rmdn1,1,21.802433333333337
1700023G09Rik,1,9.402345
Tecpr2,1,14.7471
Gm37121,1,2.85249
Slc35a1,1,11.09006
Gm43173,1,21.0235
Gm13748,1,6.1869250000000005
Gm37256,2,31.423
Mir1198,1,9.471205
Osr2,1,9.978179999999998
Dhtkd1,1,11.3722
Gm42498,1,6.130755000000001
A930032L01Rik,1,16.7796
Tmbim4,1,10.85195
Epha2,1,11.61295
Hs6st1,1,12.1081
Gypa,1,16.6203
Gm37643,1,8.17681
Lrwd1,1,12.73401
Emc8,1,7.017715000000001
Zdhhc13,1,12.116099999999998
Rab5c,1,15.12613
Gm36976,1,5.6348666666666665
Nsun7,1,21.78805
Bsg,1,11.369763333333331
Gm12264,1,7.18684
Cks2,1,17.250950000000003
Pdpk1,1,6.837630000000001
Prrxl1,1,12.61725
Mir203,1,6.370293333333334
Yipf3,1,8.760390000000001
Acp6,1,27.062866666666668
Ctdspl2,1,16.471366666666665
Zfp212,1,9.323415
Gm20717,1,12.28139
Rnf168,1,14.050676666666666
Thbs1,1,16.056250000000002
Snord71,1,11.722305
Vma21,1,8.305115
Gm28178,1,3.71515
Med9os,1,13.509835
Gm22327,1,5.7072
Cttnbp2nl,2,27.73795
1700080N15Rik,1,8.156385
Ppp2r1b,1,7.526085
Gm14901,1,5.239215
4930526F13Rik,1,5.97955
Csnk1d,1,12.938485
Rnu11,1,10.325005
Il15ra,1,26.64913333333333
Zfp689,1,10.68037
Mir7686,1,10.880875
Pla2g16,1,17.331833333333332
Gm16838,1,14.447
Tspo,1,9.89345
Gm25223,1,9.150005
Stx7,1,20.15655
Pura,1,12.905665
Gm29208,1,10.78214
Cdk5r1,4,11.739
Gm24525,1,5.120950000000001
Crb1,2,14.34915
Gm25855,1,22.38939333333333
Cox6c,1,8.92771
Grsf1,1,3.640660000000001
Wdr91,1,21.456433333333333
Adi1,1,22.469466666666666
Fam84a,1,18.301
Tmem107,1,12.06905
Heatr4,1,21.60233333333333
Gm42511,1,7.285765
Snx14,1,23.15015
Zfp3,1,10.08715
Ylpm1,1,9.023235
Fam71f1,1,10.11483
Klc1,2,16.808933333333332
Habp4,1,32.405366666666666
Anapc4,2,33.9295
Gm37280,1,5.3904250000000005
Gm11431,1,12.892933333333332
Usp8,1,24.9916
Tbc1d2,1,8.60381
AI987944,1,32.14586666666667
Dusp8,1,9.933516666666668
Gm22204,1,4.653345
Gm9881,1,4.447035
Trip13,1,6.146364999999999
Tbc1d22a,1,8.493116666666667
Kiz,1,8.47294
Tnk2os,1,11.50249
Gm45016,1,27.19085
Elovl3,1,5.85619
Eef2,2,15.22897
Gm26729,1,21.44526666666667
Gm28731,1,12.397165
Rab11fip5,1,30.1769
Rab32,1,16.566783333333333
Fam103a1,1,11.8831
Cpne2,1,9.334535
Nap1l4,2,23.3303
Gng7,1,25.044633333333334
Gm12412,1,8.9466
Gm37229,1,6.337935
Sorl1,1,7.75375
Gm11697,1,9.02493
Gm26661,1,10.03264
Gm21839,1,7.787545
Pomp,1,10.86303
Polr2k,1,10.41283
Uckl1,1,7.05827
Gm43890,1,4.879045
Txndc11,1,41.66705
Grik4,1,7.254146666666666
Zfp729b,1,5.847160000000001
Gm15572,1,6.1405
Klk4,1,6.7743850000000005
Gm20036,2,15.147849999999998
Chrna10,1,8.533035
Flnc,1,12.11915
Cdh13,1,16.40795
Vcl,1,49.382466666666666
Vegfa,2,22.39535
Pvt1,1,10.024075
Gm17324,1,18.12555
Utp6,1,26.862866666666665
Rps6ka4,1,14.979225
Gm22601,1,54.84486666666666
Tbc1d19,1,22.146766666666668
Grm3,1,22.0612
Ap3s2,1,17.4363
Gm26559,3,14.96215
Pink1,1,17.0761
Gm42759,1,23.693766666666665
Gm26594,1,17.0483
Lcor,1,11.22062
Cdcp2,2,6.715465
Camta2,1,12.55283
Rps14,1,42.1091
Gm20522,1,9.48576
Gm10778,1,8.914475
Gm14286,1,9.99499
Iqgap2,1,5.748445
Dad1,1,49.29003333333333
9130011E15Rik,1,13.556605
Ascc1,1,18.543066666666665
Trmt61a,1,14.2059
Gm13078,1,15.328966666666666
Ddx23,1,19.704
Gm22245,2,6.335274999999999
Tal2,1,10.210535
Ror2,1,8.635665
Stxbp1,1,21.753300000000003
Tprkb,1,7.101235
Zfyve1,1,52.24335
A230065N10Rik,1,17.717433333333332
Exoc3,1,4.957985
Pldi,1,5.14251
D430019H16Rik,2,7.679270000000001
Gm23592,1,18.1611
Gtf2b,1,13.21941
Mir6998,1,10.2305
Btn1a1,1,10.35514
Gm29337,1,8.57744
Gm22762,1,18.83925
Fam60a,1,12.956215
Atp5d,1,9.531345
Gm23224,1,11.476755
4930429F24Rik,1,28.18475
Pygo2,1,16.61175
Gm43112,1,5.24594
Celf6,1,14.2008
Gm13267,1,20.08415
Gm19040,1,5.28369
Sucnr1,1,16.497999999999998
Slc41a2,1,7.247994999999999
Strap,1,10.064895
Gm10244,1,12.59829
Gm37294,1,12.14702
Cd55,1,8.39743
Taf3,1,7.659264999999999
Ubxn11,1,16.62065
Lin7a,1,6.506475
Gm37047,1,5.048723333333334
Kcna2,1,14.304166666666667
Hrc,1,6.31973
Gm9806,1,14.600533333333331
Nop56,1,16.215633333333333
Mir1941,1,6.28641
Ubxn2b,1,7.33733
Gm14028,1,5.01637
Gm42690,1,20.5757
Gm29290,1,4.4965150000000005
Zfp28,1,15.08955
Lsr,1,15.764783333333332
Gm26772,1,7.508725
Tspan17,1,24.0888
Accsl,1,8.22516
Sap30bpos,1,24.45865
1700025A08Rik,1,20.19435
Lnx2,2,13.267916666666666
Cmya5,1,24.6575
4930478P22Rik,1,4.653345
Gm44579,1,11.29775
Cpsf4l,1,9.3851
Ndufa10,1,8.042776666666667
Ppp1r11,1,12.242066666666668
Ankrd13c,1,21.397766666666666
Rusc2,1,10.845955
Gm26614,1,9.3851
Tacr2,1,17.70115
Rhpn1,1,14.075216666666668
Bcl9,1,15.148733333333332
Tsku,1,23.13255
Cers3,1,5.992875
Ankrd13d,1,12.49015
Gm44207,2,17.4129
Rce1,1,7.74486
Mylk,1,11.86855
Gm16226,1,7.743920000000001
Cys1,1,11.6739
Gm14964,1,13.07635
Commd5,1,15.57207
Mx2,1,86.14535000000001
Blvra,1,10.27492
Zfp420,1,21.32025
Gm20743,1,5.077335
A930012L18Rik,1,16.600485
Fancf,1,17.59845
BC049762,1,9.43911
Cfap58,1,10.561835
Pccb,1,37.67165
Sparc,1,17.56063333333333
Amotl2,1,6.762910000000001
AA386476,1,20.5884
Sugp2,1,8.809825
Gm17031,1,4.99316
Gm12646,1,6.85217
5430403G16Rik,1,18.8758
Olfr427,1,8.711175
Gm22637,1,7.497005
Prss41,1,11.307875
Tenm3,1,4.415150000000001
Gm37945,1,3.561725
Kbtbd8os,1,44.44863333333333
Rbp3,1,11.536755
Zscan29,1,11.59346
Rassf5,2,10.59032
Leprotl1,1,16.1323
6820408C15Rik,1,7.941355
Stard7,1,13.50975
Mir1668,1,9.038785
Rhoc,1,13.68674
Gm28959,1,8.577626666666665
Gspt2,1,6.64214
Gm43091,1,10.266055
Pou4f2,1,6.104105000000001
Pkia,1,27.789133333333336
Cyp2d37-ps,1,5.719365
Gm14228,1,6.1031466666666665
9330182L06Rik,1,19.14745
Gm25064,1,21.058
Gm20498,1,10.344856666666669
Ptgr2,1,14.489365
Rps4x,2,11.182055000000002
Tbx2,1,9.5758
Gm36960,1,6.07181
Mir5118,1,12.4683
Id3,1,16.85552
Gm45159,1,19.78752
Gm14051,1,6.553613333333334
Rab23,1,11.284266666666667
Ccsap,1,11.36605
Sync,1,6.95956
1700052I22Rik,1,11.02535
Gm45010,1,22.6554
RP24-407N9.2,1,10.957535
Spata1,1,10.210005
Atl2,1,25.593966666666663
Kif14,1,11.046326666666667
Kcnq3,1,6.753450000000001
Dnm2,1,36.83715
Zfp157,1,12.70065
Ighv5-17,1,9.405505
Mrps17,1,15.3975
Nkd1,1,13.65215
D930030I03Rik,1,14.0202
BC028777,1,18.7268
Slc35a3,1,12.87075
Snx11,1,31.715433333333333
Gm43580,1,12.92888
Nrcam,2,39.0405
Gm5493,1,11.24189
Gm28888,1,2.58014
Gm37419,1,11.597895
Gm14302,1,13.81456
Hspb1,1,7.562559999999999
Lin7c,1,7.9763
Gopc,1,24.14343333333333
Fgfr3,2,16.8793
Fgf2,1,11.74345
Rif1,1,24.10285
4930453N24Rik,1,13.582866666666666
Gm27639,1,4.09976
Hebp1,1,21.32595
1700034J04Rik,1,7.81714
Gm11419,1,18.2093
Faim2,1,6.499815
Gm27275,1,8.98414
Fhod3,1,13.0063
Gm14541,1,14.55525
Catsperd,1,5.321445
Gm26788,1,9.53684
Prepl,1,63.06536666666667
Usp39,1,13.52705
RP23-442K7.5,1,8.626735
9330151L19Rik,1,8.81649
Zfp90,1,14.937816666666668
Gm7862,1,6.9645600000000005
1700054K19Rik,1,22.661
Tbx3os2,1,3.35198
Trpc3,1,18.17885
1700013F07Rik,1,4.892375
AW209491,1,12.967355
Ccnb2,1,15.192899999999998
Immp2l,1,14.22699
Gm12515,1,6.477455
Gm16029,1,5.07453
Spop,1,17.46295
Rpl18,1,21.63385
6330416G13Rik,1,8.32193
Hapln3,1,9.629205
Gm29977,1,15.39305
1810011O10Rik,1,18.57163333333333
Cntn1,1,21.12245
Cdc73,1,14.700033333333332
Il12b,1,11.186465
Vps45,1,10.57579
Lpin1,3,17.902050000000003
Arrb1,1,20.4366
Tbx6,1,11.61175
Ubn2,1,16.25745
Rbm7,1,13.981666666666667
Elovl6,1,19.21825
Dopey1,1,7.803805
Serpinb6a,1,14.830803333333334
2010001A14Rik,1,17.7309
Arhgef11,1,13.169965
Nap1l2,1,9.73377
Gid4,1,29.43015
Unc45a,1,22.6376
Gm13292,1,10.582855
Sftpc,1,7.781675
BC037039,1,10.839593333333331
Swi5,1,8.73159
Gprin3,1,10.63958
Tspan5,1,8.61419
Mtmr10,1,21.97375
Gm34964,1,4.9467300000000005
Dnajc19,1,17.9376
Alkbh3,1,15.061266666666668
Chrdl1,1,13.86964
Gm9573,1,2.98541
Ncbp3,1,18.5124
RP23-115C10.1,1,4.332125
Xrcc3,2,66.487
Gm23182,1,5.083565
Gm12859,1,10.16937
Gm43396,1,10.785235
Rab27a,1,19.1117
Wdr70,1,6.349665
Mir130b,1,21.6861
1500009L16Rik,1,13.784866666666666
Vamp3,1,24.767
Fth-ps2,1,5.29823
Bbs4,1,10.990889999999998
Lrrc74b,1,28.1928
4930471M09Rik,2,13.831045
Gm23071,1,18.27738666666667
4930444P10Rik,1,12.0681
Gm5611,1,13.910705
Kirrel3,1,23.3478
Natd1,1,21.31155
Def6,1,16.827043333333332
Slc41a1,1,19.653566666666663
Ppp2ca,1,11.676975
Cyp27a1,1,13.40985
Rufy2,1,16.306955
Eif4a3,1,10.416375
Man2b1,1,11.64204
Gm37982,1,20.4077
Chrm5,1,4.29603
Rybp,1,9.42236
Mapre1,1,14.36955
AL645522.1,1,8.33927
Adarb1,1,5.99954
Gm24187,1,19.1105
Zmat1,1,24.22785
Rpl17,1,7.595725
Gm44009,1,19.10995
Gm28875,1,2.66796
Pgm5,1,5.367025
Pars2,1,17.842115
Gm3854,1,27.297466666666665
Slc16a14,1,9.63326
Hoxa2,1,7.492504999999999
Ttf1,1,16.258446666666668
Slco5a1,1,10.770833333333334
Lemd1,1,5.367865
Gm29570,1,49.1783
Ogfr,1,5.077335
Gm37975,1,24.34295
Il27ra,1,9.71587
Gbp2,2,14.63385
Wdr73,1,9.363416666666668
RP23-423B21.1,1,27.19085
Gm44967,1,11.636715
Cryz,1,30.6938
Ip6k2,1,7.494205
4632415L05Rik,1,30.7995
Adk,1,32.7022
Gm22857,1,10.86644
Mrps36,1,17.13233333333333
Gucy1b2,1,8.3118
Rcor2,1,15.3464
Zdhhc11,1,7.319739999999999
Thap4,1,13.8408
Srrd,1,11.510095
Gm26397,1,17.42625
6720469O03Rik,1,10.709455
Trp53bp1,1,15.8977
Gm22065,1,31.8023
Ikbip,1,33.41725
Scx,1,8.949935
Dnmt3b,1,6.21636
Atp6v0d1,1,19.5473
Wfdc3,1,5.60383
Gm28638,1,8.49334
Gnaz,1,23.60365
Kidins220,1,10.834475
B9d1,1,14.743986666666666
Gm8615,1,4.086865
Rbm43,1,17.0186
Cpsf2,2,23.432
Gm15932,1,11.96474
Arid5b,1,7.351855
Dnajc15,1,11.318895
Cxx1a,1,3.02813
Prpf19,1,17.04165
Sec22c,1,15.37155
Gm23925,1,16.724166666666665
Ucn,1,6.94502
Apaf1,1,33.41725
Pspc1,1,35.2548
3830406C13Rik,1,19.1113
Mir7084,1,20.124133333333333
Gm7851,1,4.34832
Ms4a6d,1,8.859895
Eif4g3,1,10.53244
Ppp2r2d,1,14.09142
Gal3st1,1,21.89505
Scgb2b24,1,8.80404
Ino80c,1,21.132526666666667
Nanos3,1,3.68027
Gm17581,1,6.939425
Bdh2,1,12.23263
Robo2,1,16.8385
Gm27401,1,13.480965
Gm16133,1,5.495665000000001
Lnp,1,22.83945
Rcl1,1,26.1242
Smagp,1,10.140365
Uba1,1,13.078816666666668
Tnfrsf19,1,17.52716666666667
Gm22744,1,22.38939333333333
Ghdc,1,9.44574
Gm25788,1,11.427
BC022687,1,16.53915
Fndc1,1,11.3066
Cox14,2,22.88566
Ece1,1,8.423376666666668
Cyb5r1,1,11.29336
Eef1d,1,45.996
Syt12,1,15.78325
Vegfc,1,11.5478
1700003M07Rik,1,13.359983333333332
Mfsd10,1,14.203703333333332
Gm11754,2,3.811865
Gm38368,1,5.045805
Gmpr,1,14.5259
Fbxl20,1,10.584
Abcd1,1,24.77705
Mir8110,1,8.208675
Fam229b,1,23.18263333333333
Fam126b,1,17.683
Tmed4,1,26.8843
Tmem176a,1,25.2303
Osbpl1a,1,12.43504
Gm44036,2,20.84137
2810428I15Rik,1,14.048025
4930522N08Rik,1,7.743920000000001
Ggnbp1,1,17.7519
Srsf6,1,19.81745
Iqub,1,13.7102
Zfp202,1,9.52575
Dpy19l3,1,9.88934
Gm10570,1,5.783135
Mir7046,1,15.57207
Acsl6,1,6.88712
Gm22771,1,6.294555
Gm15482,1,5.745385
Pdgfd,1,7.549300000000001
Rgs16,2,14.9828
Tmem164,1,14.81385
Vps39,1,12.39378
Gpn2,1,10.58845
Tagln,1,20.9191
Gm24905,1,12.542750000000002
RP24-367D19.3,1,3.90678
St8sia1,1,18.1136
Gm37034,1,12.675026666666668
Bmpr1a,1,7.51472
Afap1l2,1,11.21655
Epm2a,1,8.985723333333333
Ntn5,1,23.9049
Cfap54,1,5.35841
Eprs,1,18.17545
Gm15196,1,3.11151
Mir7235,1,7.773
Aard,1,24.317400000000003
Hkdc1,1,7.581185
Ctsa,1,15.8366
Dynlrb2,1,7.74042
Lpin3,1,13.257195
Mettl15,1,14.92384
Lyrm7os,1,8.68516
2210016L21Rik,1,9.83038
Nudt6,1,56.99015
Bcl6,1,11.597895
Gm15983,1,11.64455
0610010K14Rik,2,8.460765
Ntn4,1,11.27879
Fgd3,1,16.422933333333333
Mrps23,1,25.7592
Gm37795,1,8.85351
Bcar3,1,15.4453
Med22,1,13.0852
Tgfb1,1,11.24764
Foxk1,1,9.19442
Phf20l1,1,16.363500000000002
Rrm2,1,8.726445
Cog5,1,16.8209
Rnf217,1,16.0805
Ifne,1,9.218885
Nphp4,1,20.9203
Abracl,1,13.995755
G730013B05Rik,1,7.383750000000001
Rapgef3os2,2,29.1019
Nr2c2,1,8.50416
Yjefn3,1,15.4542
Nfil3,1,13.382
Ccdc89,1,12.700326666666667
Sgol2a,1,18.973565
Bola1,2,25.69255
Lce1e,1,2.773975
Mre11a,1,36.33625
Gm23218,1,8.125015
A930006L05Rik,1,16.66094
Gm14164,1,9.46353
Gm15710,1,12.197936666666664
Phtf1,1,6.416494999999999
Trbj1-6,1,4.71436
Qk,1,10.5934
1810012K16Rik,1,13.51068
Fhl4,1,14.607835
Klk1b1,1,9.380165
Mir9-3hg,2,15.907655
Rpl19,1,3.366525
RP23-226C6.3,1,20.3155
Ddx26b,1,11.61298
n-R5s82,1,10.435015
Kcnd3,1,25.088833333333337
Bend5,1,11.278925
Gm38178,1,14.786933333333332
Gm28035,2,25.94835
Gm11586,1,5.736715
Gm37235,1,5.62932
Zfp112,1,16.253183333333336
Tmem261,1,8.556424999999999
Stc1,1,14.256075
Gm8173,1,4.640015
Gm23900,1,10.38275
Jtb,1,15.279585
Stxbp2,1,3.485645
Timmdc1,1,24.7204
Inca1,1,7.107755
Emc1,2,9.985995
Manea,1,16.9867
Mbtps2,1,13.45436
Hmgcr,1,16.834500000000002
Cldn23,1,7.82824
Grhl2,1,10.9917
Gm25126,1,8.321076666666666
Mtnr1a,1,12.43785
9230110C19Rik,1,26.65075
Uimc1,1,15.525425
Tspan15,1,17.432949999999998
Akap8l,1,19.8303
Gm26507,1,19.9129
Clcn3,1,30.16893333333333
Ndfip2,1,13.1118
Snord98,1,5.37654
Actr3b,1,17.990949999999998
4930558J18Rik,1,12.819789999999998
Agmo,1,14.255783333333332
Dennd3,1,6.378745
Dok5,1,3.65119
Gm15406,1,13.50875
Zfp819,1,9.05681
Gfi1,1,13.08745
Fam188a,1,12.737233333333334
Pawr,1,7.293705000000001
Whrn,1,4.9079250000000005
RP23-357C16.1,1,9.3851
Gm23211,1,3.291595
Gm23405,1,18.309366666666666
Sertm1,1,20.2664
Cdh11,1,9.94576
Mlxip,1,33.86645
Gm16415,1,9.759135
Efcab1,1,9.10437
Gm13406,1,5.87037
Hmga1-rs1,1,6.767989999999999
Itga6,1,13.990099999999998
BC025920,1,29.0653
Gm26781,1,16.12095
Ppil1,1,8.723646666666667
Gm11675,1,12.862026666666669
Abcc8,1,5.385215
Mfsd14b,1,13.889366666666668
Jun,1,29.3165
Ssr3,1,23.72503333333333
1700047F07Rik,1,19.08570333333333
Gm37207,1,6.7966
Akap12,1,11.055365
Trmt10c,1,8.762
Ccdc18,1,22.721733333333333
Tnfsf18,1,8.168425000000001
Gm25847,1,6.979965
Cnr1,1,14.58365
Eogt,1,17.71755
Plin4,1,6.25095
Adgra2,2,10.072635
Gm25628,1,6.45983
Gdap1,1,8.0572
Satb1,1,3.921895
Gm6134,1,29.3809
Smim3,1,14.16355
Spin2c,1,8.594854999999999
Baiap3,1,5.32425
Sass6,1,15.12071
Coro7,1,21.473066666666664
Cttnbp2,1,16.552699999999998
Gm29480,1,6.74329
Rnf32,1,13.45875
9930014A18Rik,1,24.2541
Gm37136,1,14.77335
Gm38058,1,29.9677
Efhd1os,1,13.257625
Gm15668,1,6.595886666666666
L3mbtl3,1,9.14967
Snapin,1,22.53305
Samd8,1,8.24056
Gna12,1,40.44833333333333
AI427809,1,12.84294
Ighv1-10,1,3.764445
Mpc1,1,27.9947
4921507G05Rik,1,12.821333333333332
Gm11947,1,15.38979
Gm37191,1,10.06049
Smim7,1,56.54046666666667
Gm44428,1,4.91014
Uqcc3,1,11.703
Cyb5r4,1,10.48955
Lzts3,1,3.38044
Gm26798,1,9.75022
Slc52a3,1,6.767725
Rpl31,1,17.559833333333334
Gm44025,1,6.1956
Gadd45g,1,26.9964
Nfxl1,1,21.3567
B3gnt9,1,6.358685
Snord88c,1,21.7782
Me3,1,17.717433333333332
Gm20468,1,5.054119999999999
4930408O17Rik,1,7.113620000000001
Ncln,1,67.2189
Gm44571,1,11.9208
1700020I14Rik,1,17.858593333333335
Scfd2,1,13.864
Cct4,1,12.18925
Gm22649,1,15.66795
Tmsb15l,1,15.8975
Gm24465,1,12.81065
Gm8531,1,3.822965
Ntm,1,8.74468
Gm42574,1,10.74754
Gm43855,1,8.3278
S100b,1,20.613166666666668
AU020206,1,21.44526666666667
Shisa7,1,11.19435
RP23-418L5.3,1,14.34335
Thoc3,1,9.872256666666669
Zic5,1,13.070100000000002
Zfp12,1,20.36875
Tecpr1,1,26.5007
Setd2,1,6.015515
Gm23472,1,16.843533333333333
Celf1,1,14.6638
Pcid2,1,15.743175
Dctn2,2,14.92945
Sapcd1,1,13.334636666666666
P2rx1,1,8.578655
9830144P21Rik,1,14.9361
Zfp959,1,8.17759
H1fx,1,10.709026666666666
St6gal1,1,8.876566666666667
Gm22710,1,24.45865
Wnt6,1,8.57744
Gm37477,1,10.0001
Gm25311,1,8.860914999999999
Egfros,1,34.99093333333333
Nmnat1,1,9.70357
Larp4b,1,34.3098
Actr10,1,14.722013333333331
Atp6ap1,1,11.062075
Gm24452,1,22.38939333333333
Pter,1,16.775533333333332
Arl6ip4,1,9.045055
Gm44593,1,19.722900000000003
Gm44948,2,21.68285
Gm26881,2,52.85663333333333
Vgll4,1,5.30927
Zfp771,1,10.085955
Avpi1,1,20.87
Gm11694,1,10.744425
Sh3d19,1,14.237393333333335
Ppfia4,1,9.765405
Maml3,2,7.166824999999999
Ftl1,1,21.119950000000003
1700126A01Rik,1,5.05913
Mamdc2,1,16.01225
Gm25919,1,9.121516666666666
Nelfe,1,11.394885
Alk,1,8.10948
Pcdh9,1,52.78646666666666
Trip6,1,17.6749
1700036A12Rik,1,7.563835000000001
Lonp2,1,19.552766666666667
Wac,1,14.5804
Fam189b,1,14.3325
n-R5s164,1,16.9282
Gm14142,1,9.07894
Gm23458,1,7.848235000000001
Gm20726,1,13.960035
Grn,1,8.886266666666666
Gm28030,1,20.5757
Golga1,1,13.49515
Tacr1,1,10.131725
Gm14230,1,15.717199999999998
Mpp7,1,30.7548
Kat2b,1,23.342233333333336
Mfhas1,1,15.77215
Gm45097,1,9.619195
2610001A08Rik,1,10.358335
Tubb5,1,8.001843333333333
Coa7,1,36.95626666666666
Sh3rf3,1,15.7788
Gm23246,1,22.38939333333333
Ints5,1,16.6147
Dynll1,1,22.2465
Gm15663,1,40.87293333333333
Gm29123,1,17.353400000000004
Gm22595,1,11.348705
Mir3473e,1,6.10275
Gm5528,1,12.66744
Gm38337,1,13.793506666666666
Izumo4,1,77.78183333333334
Terc,1,9.44679
Ajuba,1,20.419
Gm26652,1,8.513693333333332
Gm42670,1,19.67919
Gm27960,2,12.70215
Gm13778,1,16.0066
Ddx24,1,25.69446666666667
Smim8,1,14.41263
2700081O15Rik,1,12.15595
Gm42838,1,10.27835
Mapk8ip2,1,11.481339999999998
Rtn1,1,14.4948
Smtn,1,37.760866666666665
Fam118b,1,14.42475
Psmd13,1,12.08039
Soga1,1,13.155175
Trim26,1,29.569166666666664
Tomm20,1,17.42625
Gpr156,1,6.639915
Arl5a,1,8.10998
Srm,1,15.3397
Gm42674,1,2.753565
Cd80,1,5.41264
Lrrcc1,1,16.0867
Rnf144b,1,14.60602
Gm22508,1,6.088205
Mx1,1,12.539926666666666
A730081D07Rik,1,9.277725
Zfp938,1,21.588166666666663
Lyzl4os,1,6.587904999999999
Kcnt1,1,10.210535
Setd7,1,23.70035
9230009I02Rik,1,6.3375
Map7,1,9.274575
Foxa3,1,20.851566666666667
Idh3a,1,14.799193333333337
Gm15650,1,8.47015
Clock,1,19.78185
Eif3e,1,11.034965
Usf2,1,9.58559
Gm26708,1,11.582345
Gm23783,1,4.850825
Arhgap18,1,8.20281
Coa4,1,20.5432
Gm13791,1,7.560805
Vpreb3,1,3.94453
Gm16217,1,17.173166666666667
BC017643,2,10.160455
5430400D12Rik,1,17.4363
Psmd6,1,8.96957
Gm22117,1,6.18526
Arfrp1,1,10.96815
Gm15396,1,12.111484999999998
Kcnk5,1,9.248935
Mir219b,1,7.988035
4930443O20Rik,1,16.72805
Gm16180,1,19.43725
Stk11ip,1,12.846099999999998
Gm28322,1,16.58875
Gm26618,1,11.15712
Fam58b,1,4.813075
2610528J11Rik,1,4.369885
Gm11562,1,3.645105
Plk4,1,10.15775
Upf3b,1,12.63224
Bdkrb2,1,5.52755
Pak4,1,12.0136
Gm13179,1,6.7966
Gm26691,1,8.47294
Gm20493,1,14.22699
Gm25865,1,6.14853
Zc3h7a,1,25.106866666666665
Gm10100,1,7.099015
Dll3,1,10.80306
Mbd1,1,20.382
2810001G20Rik,1,19.661276666666662
Gm43446,1,10.31048
Vis1,1,8.844345
Psrc1,1,16.331793333333334
Znrf2,2,21.29663333333333
Hcrtr2,1,5.318155
Clec18a,1,7.31412
Rnf139,1,8.30739
Reln,1,5.72497
Inpp4b,1,24.17275
Dap3,1,12.65842
Tldc1,1,31.74645
Tbxa2r,1,6.907825000000001
Mok,1,12.821333333333332
Ostm1,1,27.10885
Upf3a,1,13.546133333333332
Gm25630,1,7.22969
Vmn1r-ps100,1,10.849255
Emp1,1,29.9213
Rtel1,1,11.281886666666663
Snhg1,1,22.38939333333333
Erlec1,1,14.60485
Gm11693,1,6.236409999999999
Steap1,1,18.50895
Tns3,1,10.3672
Nod2,1,22.88995
Myo5a,1,13.59543
Nhlrc2,1,13.347
Gm44081,1,19.7785
Ehd3,1,11.74795
Gm16337,1,7.588185
Ackr3,1,5.225535000000001
Cers1,1,7.76709
Lrrc47,1,13.01295
Lrrc51,1,12.362236666666666
Sgce,1,13.55217
Phf13,1,12.666105
Sap18,1,11.91605
Crkl,1,13.07123
Vezt,1,34.7932
Gm16171,1,3.793525
Gja5,1,16.529049999999998
RP24-475C24.9,1,16.357855
Slc16a6,2,11.79235
Lrp2bp,1,24.1305
Gm24523,1,9.852555
Wdr60,1,4.786785
Ptprm,1,11.63899
4930512P04Rik,1,8.334833333333334
Polr2j,1,14.09055
Rpap1,1,11.541783333333331
Gm12899,1,19.08570333333333
Gm24733,1,4.859055
BC048546,1,11.00397
Gm44065,1,17.71755
B3gat3,1,11.44285
Angel1,1,20.69275
Olfml1,1,16.0823
Ptk7,1,13.35315
Nudt14,1,13.15632
Gm4035,1,19.7949
Lypd2,1,6.126315
Gdpd1,1,10.70858
Synpr,1,21.83233333333333
Klhl7,1,10.93342
Osbpl8,1,33.5741
9430016H08Rik,1,15.6365
Samd1,1,8.206283333333333
Snord110,1,16.215633333333333
Gm44394,1,18.3396
Gm28010,1,21.4749
Adgrg6,1,16.96715
Map2,1,22.1227
Gm22263,1,5.89078
Zfp54,1,19.7851
Gm15895,1,7.735239999999999
Gm9991,1,6.442515
Ube2j2,1,14.401205
Med26,1,25.54905
Phkb,1,18.0292
Gm15743,1,53.155
Cfap43,1,29.06855
Vav3,1,15.99885
Pomt1,1,17.05285333333333
Gm12359,1,15.131799999999998
Ktn1,1,3.92856
Gm15954,1,26.53525
Nxph1,1,19.26095
C2cd5,1,8.04388
Alg8,1,13.483705
Hacd3,1,21.816066666666668
Grm7,1,3.63178
Slu7,1,13.04525
Gm38043,1,14.90725
Adh7,1,4.92125
Rps5,1,11.6739
Itfg1,2,18.0292
Aldh1l1,1,12.09627
Gm27975,1,5.0946750000000005
Gm26534,1,28.7173
Rasgrp1,1,10.58194
Gm25883,1,8.89994
Gm25625,1,10.74192
Hdac2,1,33.115
Kndc1,1,13.23398
Gm11280,1,22.2788
Actn3,1,15.154226666666668
Plekhg1,1,7.52889
Hey2,1,12.3649
Mrps27,1,12.474766666666667
RP24-424D1.1,1,10.12493
Orc3,1,13.329855
Trappc9,1,15.9044
Hsd3b3,1,6.47316
A930033H14Rik,1,16.4898
Synj2,1,3.019245
Xpo7,1,11.65351
Gm6153,1,12.62385
Pitpnm1,2,11.83945
Gm31343,1,12.732914999999998
Gm10399,2,11.20915
Crebrf,1,23.65475
Rundc3b,1,10.6661
Gngt2,1,4.380995
Park2,1,21.009666666666664
Abl2,2,13.1886
Frmd5,1,21.7257
Gm12065,1,3.27648
Ttc12,2,15.689799999999998
Gpx8,1,27.0798
Stat4,1,4.0259
Derl3,1,13.22505
Rasgrf1,2,9.663895
Rpl7a,1,13.0852
Qars,1,11.231406666666668
Hspb3,1,40.1028
Fam168b,2,16.5113
Gm45212,1,21.97375
4930402C01Rik,1,9.121516666666666
Zbtb9,1,17.7519
Gm44022,1,3.728485
Ndufb11,1,18.002193333333334
Gm24859,1,20.759
Lonrf3,1,19.51604
A230107N01Rik,1,6.13298
Cdpf1,1,13.94562
Ptger4,1,26.225833333333338
Gm43182,1,8.98414
Aste1,1,11.46225
Shc4,1,15.85105
Gm15719,1,4.932195
Rnf149,1,9.60466
Nsfl1c,1,13.012046666666665
Gm24705,1,20.419
Osbpl9,1,36.9199
Snord99,1,14.11654
Stx18,1,15.67205
Wsb2-ps,1,11.41244
C330027C09Rik,1,27.8061
Ing2,1,20.5884
Gm28466,1,8.689476666666666
Brca2,1,7.61041
Ap1m2,1,15.55535
Dnah9,1,23.05363333333333
Mir423,1,14.12853
Ost4,1,6.653245
Gm10647,1,17.475260000000002
Gm16758,2,15.0136
Col12a1,1,16.39695
Gm4793,1,18.09535
Gm28364,1,6.385335
2610307P16Rik,1,16.36225
Dgki,1,15.7929
Calm3,1,59.2988
Smn1,1,8.545625
Dxo,1,13.883485
Tex10,1,11.069885
2310036O22Rik,1,25.13173333333333
Gm14705,1,11.139815
3110043O21Rik,1,32.475849999999994
Mrpl9,1,5.71164
Gmeb2,1,17.0261
Gm34821,1,9.111905
4933425D22Rik,1,12.1103
Scaf11,1,19.30933333333333
Piezo2,1,16.963900000000002
Plcxd1,1,3.53794
Ttc26,1,19.012766666666668
Cacng3,1,17.035655
1110051M20Rik,1,7.177405
Strn4,1,8.3609
Gm24453,1,22.38939333333333
Gm22249,1,20.0778
Tanc1,2,14.0936
Snord22,1,22.38939333333333
Olfr287,1,11.29775
Gcat,1,18.81075
Pon1,1,3.89224
Zfp251,1,16.4602
Tfap4,1,5.8606300000000005
Neil3,1,9.628955
Grpel2,1,9.226745
Glis3,1,7.76709
Tmsb10,1,15.129549999999998
Lgmn,1,16.0229
Gm42619,1,8.071715000000001
Gm43361,1,9.190495
Col23a1,1,4.409285000000001
Hs1bp3,1,5.182495
Gm37452,1,3.57569
Jmjd1c,1,11.315206666666668
Gm19744,1,4.415150000000001
Gm9961,1,8.19721
2310011J03Rik,1,4.84215
0610012D04Rik,1,23.798
Rev1,1,11.119973333333334
Nr2e3,1,6.125965000000001
Crtc1,2,15.34222
Gm28100,1,10.867485
Gm14235,1,10.038615
Ttyh2,1,10.329465
Gm38355,1,9.65495
Tcp11l1,1,25.6092
Lmod2,1,4.446605
Pdpr,1,7.31412
Gba2,1,8.03726
Ubac2,1,19.898533333333333
Gm36934,1,11.856805
Psmg2,1,6.74172
Slc25a32,1,12.485526666666663
Vkorc1,1,21.2918
Cep162,1,40.78286666666667
Pak3,1,9.923635
4930429P21Rik,1,7.048954999999999
Gm24668,1,7.496945
Dennd4c,1,18.075066666666668
Nme4,1,10.4365
Amotl1,1,12.34045
H2-Ke6,3,21.2603
Hspa4l,1,15.3975
Dock9,1,12.8874
Rinl,1,7.633475
Shq1,2,14.254533333333333
Lrp2,2,21.1103
Snrnp48,1,9.163335
Insig1,1,28.02123333333333
Sox11,1,27.540133333333333
Mir7238,1,14.34335
Aacs,1,14.844885
Gm35986,1,19.21825
Fam160b2,1,7.18017
Gm27998,1,3.81674
Rabep1,1,9.5124
Fezf1,1,13.9634
Dcaf13,1,12.485526666666663
Tnfsf9,1,11.040795
St6galnac4,1,13.0497
Fbxl12os,1,10.70739
Egln3,1,14.80805
Sp3,1,16.734144999999998
Gpatch2l,1,16.1036
Ssh2,1,11.44155
C630004M23Rik,2,10.88392
Magohb,1,6.0907800000000005
Mir7240,1,38.40203333333333
AY074887,1,11.258735
Sympk,1,20.851566666666667
5430416O09Rik,1,9.323933333333336
Myadm,2,41.25306666666668
Gm17118,1,6.282835
Ndst1,1,4.552195
Foxe1,1,14.32875
Gm10687,1,6.306050000000001
Trmt11,1,15.91875
Gm7418,1,22.273666666666667
1700029H14Rik,1,5.513005
Dip2b,1,7.246799999999999
Ppie,1,17.01884
Arl6,1,18.21560333333333
Ddx60,1,17.38629333333333
Sdcbp,1,10.931556666666664
1700025J12Rik,1,11.8744
Cpne9,1,9.928425
Mir219c,1,11.66675
Gm44981,1,11.241025
Zbtb2,1,9.75394
Gmfb,1,13.14394
Gm27343,1,7.941355
Nap1l5,1,16.516003333333334
Zfp467,1,7.54343
Map2k1,1,12.941533333333334
Nxt1,1,31.17315
Slc8a2,1,7.90079
Gm31266,1,11.630545
Gm16083,1,8.39743
D2hgdh,1,5.07453
Gmpr2,1,32.262550000000005
Fam155a,1,8.851025
Ank2,1,17.41347
Dzank1,1,22.09285
Mir193b,2,10.773
Kcnn3,1,16.97495
Gm32916,1,4.017225
RP23-369P21.2,1,11.0209
Gm43844,1,5.330115
Swap70,1,24.9009
Kptn,1,17.73305
A330009N23Rik,1,14.25477
Gm43863,1,10.869453333333334
Tex264,1,2.83916
Ufl1,1,18.7235
Upk1a,2,9.075515
Gm16537,2,22.88566
Gm29667,1,5.309715000000001
4933412A08Rik,1,8.830325
Gm9750,1,8.59673
Gm45046,1,20.47775
Drd4,1,8.38011
Med10,1,6.4442900000000005
Armc8,1,16.35905
Foxa2,1,7.081250000000001
Vimp,1,28.42615
Dab2ip,2,5.913985
Igsf3,1,7.12345
Dact1,1,14.3201
Dock8,1,4.84215
Gm43034,1,5.2168600000000005
Gm7083,1,3.72626
N4bp2,2,19.380693333333333
Src,1,15.37714
Gm26215,1,9.90145
1810044D09Rik,2,13.831045
Gm11967,1,20.2898
Orm2,1,4.647525
Gm27882,1,3.81674
Nt5c,1,10.744425
Mir6407,1,9.67247
Gm13961,1,9.74246
Flrt2,1,17.324085
Ifnb1,1,8.141845
Gm23567,1,7.13011
C230085N15Rik,1,7.55212
Gm24540,1,3.163225
Ift80,2,24.20653333333333
Gm9484,2,17.30015
Gm43902,1,8.274015
Cd109,1,15.700666666666669
Gimap8,2,17.37735
Gm3848,1,19.8689
Mpped2,1,14.59605
Gm16174,1,9.01655
Gm37356,1,12.16705
Gm16575,1,12.9695
Gm14221,1,7.54343
Cep41,1,19.8507
RP23-324B16.7,1,2.95406
Cpeb2,1,28.9452
Tsen2,1,14.849340000000002
Armc2,1,11.014525
Gm28913,1,6.37201
Gpatch2,1,12.1103
Scg3,1,10.82085
Mir7117,1,10.85313
G6pdx,1,15.95005
P2rx4,1,24.4986
Mospd1,1,11.92135
Ccdc117,1,16.619666666666667
Rilp,1,15.452633333333331
Zfp334,1,9.445626666666668
Gm24591,1,6.646585
Rragc,1,14.09245
Gm38092,1,6.989963333333333
Tnk2,1,8.257905
Gm45236,1,13.58995
Wipf2,1,17.29725
E130308A19Rik,1,10.38728
5430427N15Rik,1,5.92853
Spcs2,1,9.381823333333331
Abcc4,1,10.215766666666669
Gm23343,1,6.141769999999998
Zdhhc6,1,13.8478
Rft1,1,8.849913333333332
Adnp2,1,18.81075
Gm6226,1,5.720525
Gm43758,1,19.395266666666668
Gm26774,1,22.63326
Asrgl1,1,8.59673
Gm5963,1,10.63852
Naaladl2,2,14.77335
Nenf,1,14.034535
Phf21b,1,5.94001
Lcn2,1,6.993425
Gm22860,1,8.24071
Hist2h2be,2,25.69255
Bach1,1,12.3246
Gm25301,1,4.85669
Coprs,1,10.30945
Klhdc1,1,14.196855
Nsl1,1,8.79842
Gm37542,1,4.558854999999999
Cox7a2l,1,36.72513333333333
4932435O22Rik,1,16.3824
Kin,2,22.46926666666667
Zfp708,1,19.356466666666662
Gm12760,1,8.01684
Odf3l1,1,5.81457
Cfap70,1,13.2098
Pcdhga12,1,4.376555
Mir6961,1,12.8763
Elmod1,1,8.663085
Gm10101,1,21.8056
Slc35f4,1,17.01155
Zfp462,1,12.748833333333332
Scn5a,1,9.091353333333332
8030423F21Rik,1,10.906455
Plekha6,1,15.35745
Gm17102,1,32.14586666666667
Fads2,1,33.5109
Olfr192,1,4.361000000000001
Lekr1,1,5.690285
Slc24a2,1,6.06293
Gm5595,1,16.1648
Htra4,1,10.48885
Gramd1a,1,3.113735
Vbp1,1,9.08544
Bmp7,1,10.17227
Gm27668,1,12.932985
H2-K1,1,9.59428
Mir1981,1,16.110266666666664
Gm22330,1,4.072325
Gm38093,1,35.26956666666667
Tyw3,1,30.6938
Gm15241,1,16.3924
Gdap2,1,18.449466666666662
Gm20544,2,33.9965
Primpol,1,23.91615
Sos1,1,11.877956666666668
Plekhm1,1,11.7213
Secisbp2l,1,8.870613333333333
Cav2,1,22.213800000000003
Zfp174,1,61.3234
Otub1,1,17.427083333333332
Gm42635,1,7.542565
Rapgefl1,1,12.5117
B9d1os,1,14.743986666666666
Csmd2,1,20.63225
F830115B05Rik,1,6.182566666666666
Gm37908,1,11.232606666666667
2610316D01Rik,1,11.159516666666669
Gm17115,1,27.694166666666664
Prr7,1,14.31704
Capns2,1,14.730133333333333
Ttll13,1,8.341845
RP24-199K4.3,1,15.881166666666669
Gm5118,1,16.2227
Gm26971,1,18.81788
Gm37583,1,8.38625
Casp7,1,16.90495
En2,1,12.446549999999998
Gm15610,1,2.3122350000000003
Gm45068,1,27.297466666666665
Pcm1,1,31.9666
Slc25a30,1,18.792666666666666
B4gat1,1,6.927815000000001
Zfp799,1,12.77765
Mmp19,1,11.424485
RP24-252B21.3,1,14.1731
E2f6,1,13.511
Kansl1,1,18.2132
Gm38304,1,19.5929
Arid3b,1,11.147935
Itpripl2,1,17.3933
Cyp2c29,1,11.616705
Lmbr1l,1,24.1784
Ppm1e,1,16.25654
Gm45011,1,14.22699
Gm22056,1,14.011145
Actl6b,1,5.53378
Ncapg2,1,22.5576
Gm23898,1,7.55212
Gm9825,1,4.1898
Clic1,2,8.720266666666667
Nron,2,15.46648
Cradd,1,12.11915
Mterf2,1,35.12275
Adamtsl1,1,7.344343333333334
Plch1,1,15.955665
Zufsp,1,15.743285
Rpl8,1,12.2092
Tnr,1,4.97575
Plpp7,1,19.51569333333333
Gm18186,1,5.29816
Lhx9,1,9.590053333333332
Dctd,1,17.8552
Srsf5,1,10.372505
Plau,1,11.79023
Pskh1,1,9.53578
Recql5,1,9.88102
Gm20405,1,8.49408
Gm45175,1,6.718505
Gm43403,2,24.187866666666668
Gm22118,1,22.7854
Gm11268,1,21.7905
Ephb6,1,9.257843333333334
C130023A14Rik,1,20.69973333333333
1700003F12Rik,1,74.09899999999999
Zfp219,1,22.4008
Gm11729,1,5.910690000000001
Gm15802,2,10.040505
Mir34a,1,8.85351
Ttl,1,12.141475
Gm11624,1,12.42265
Oscp1,1,13.373053333333331
March8,1,5.062795
Gm16853,1,9.70256
Tppp,1,16.79489
Plxna4,1,13.0374
Dpm2,2,14.598533333333334
Gm37932,1,3.68027
Neu3,1,16.409100000000002
Ddx49,1,19.139000000000003
Dlst,1,14.5304
Tmem5,1,30.823666666666668
Gm38144,1,10.370516666666669
Fbxl17,1,15.0491
Car3,1,14.210233333333337
Gm44872,1,3.10707
Snurf,1,10.633975
Gm5129,1,4.347675
Tmed3,2,11.97142
Kcna4,1,5.516005
Gm5124,1,12.43393
Sirt7,1,8.88092
9530018H14Rik,1,15.849899999999998
Gm42805,1,3.081855
Ikzf5,1,11.818336666666667
Xkr8,1,13.732793333333332
Gm14214,1,7.95947
Baz1b,1,31.5277
1700031P21Rik,1,20.759
Snx13,1,8.836155
Rps11-ps2,1,4.34832
Lmo4,1,10.30593
Mfsd4b1,1,15.61687
4930565D16Rik,1,3.58436
Gm26402,1,3.26194
Aspscr1,1,13.4121
Rasa2,1,9.747816666666669
Batf3,1,5.865075
Plxnb2,1,8.70531
Gm38393,1,10.633975
Chac2,1,14.240233333333334
Gm13441,1,5.600245
Hgh1,1,15.87125
1700001G17Rik,1,13.939
Zfp646,1,19.2204
Tmem204,1,7.848504999999999
Gm18988,1,7.663705
Polr1d,2,13.267916666666666
Gm14009,1,3.02147
Dus4l,1,16.8209
Gm14786,1,9.80341
Mir6537,1,5.826755
Cd82,1,8.99754
Fam184a,1,11.78715
Bloc1s4,1,8.84982
Gm28626,1,4.692295
Med15,1,9.99711
Gm16638,1,14.1731
Fam3c,1,18.9095
Igdcc4,1,20.8265
Scrn1,1,13.28015
Gm44260,1,16.074633333333335
Gm23547,1,9.922443333333334
Lzic,1,9.70357
Taok2,1,11.92036
Trmt12,2,13.92005
Gm26523,1,8.77532
Smarcd2,1,22.463566666666665
Samd4b,1,12.0136
Gm24412,1,14.93865
Trim59,1,10.81428
Gm42978,1,9.37573
Slc1a2,1,17.363905
Tssc1,1,21.90515
Jag1,2,10.93342
Rcn1,1,11.10879
Wnt2,2,12.037145
Gpd1l,1,13.41688
Gm42529,1,17.987650000000002
Gm43097,1,3.22419
Kctd12b,1,14.7152
Gm6746,1,10.764835
Cyp4f14,1,15.75765
Gm20045,1,14.285866666666664
Zfp148,1,11.836925
Nup43,1,24.2192
Gm42797,1,14.011145
Adamtsl2,2,28.60805
Gm29336,1,5.797245
Gm45161,1,19.78752
Osbpl2,1,37.16575
Pdgfc,1,6.108615
Gm2986,1,3.85449
Sf3b4,1,8.272685
Usp4,1,9.562375
Frmpd3,1,12.05432
D030025P21Rik,1,7.80825
Gm27741,1,11.675826666666666
Gm42642,1,24.138333333333332
2200002A13Rik,1,21.2918
Ncoa3,1,7.293705000000001
Gm4409,1,4.461575
Dstn,1,21.240466666666663
Gm12850,1,5.531555
Rfc3,1,17.9348
Gm20715,1,9.37349
Tubb3,1,6.989963333333333
Ptgir,1,4.8245450000000005
Syn3,1,11.759
Sept11,1,21.0235
Rhot1,1,8.524723333333332
Dnaja1,1,24.1774
Sil1,1,10.419185
Pard3,1,30.16785
Fam120c,1,16.5547
Col4a3,1,4.415150000000001
Gm27206,1,4.088654999999999
Gm12511,1,3.717375
Nfe2l3,1,8.443416666666666
Smc5,1,14.45375
Rnpep,1,16.31685
Ctxn1,1,19.627
BC043934,2,9.692476666666666
Mir466j,1,4.7317
Pard6g,1,25.27895
Ncor2,2,17.1139
2610301B20Rik,1,12.3246
Rnf185,1,24.87816666666667
Zik1,1,33.022
Tomt,2,34.133
Gm26885,1,10.268285
B130055M24Rik,1,10.68037
1700041G16Rik,1,50.21716666666666
Gm6637,1,6.117285000000001
S100a7a,1,5.2481
Gm45102,1,15.5692
Gm25916,1,6.454245
Rpl37rt,1,3.651765
Nqo1,1,15.179950000000002
Rlbp1,1,10.280595
Fam102b,1,17.9754
Kif5c,1,9.95139
Gm42568,1,4.874035
Erp29,1,21.16465
Cdkn2a,2,22.2467
Dhrs3,2,10.085955
Dpy19l1,1,6.9838933333333335
Acap2,1,14.935566666666666
Wtap,1,10.774205
Gm44995,1,18.1698
Gm13433,1,11.54026
Gm43917,1,5.428835
Gm26049,1,14.7538
Nol12,1,21.274466666666665
Khdrbs1,1,13.161733333333332
Lrrc52,1,7.094575000000001
R3hcc1,1,12.97295
