chr,start,end,distanceToTSS,geneId,SYMBOL,category,exo_signal,endo_signal,enrichment,log2_enrichment,normalized_enrichment
chr14,25459062,25461092,0,328365,Zmiz1,Both,126.74630426223412,14.405169162122016,8.798668230534211,3.1372851734540603,0.7958906299360476
chr4,14864148,14864524,72,72519,Pip4p2,Both,137.7778076209262,27.21709811367943,5.0621784528776965,2.3397583665050448,0.6700855945521356
chr10,9900396,9901332,0,78808,Stxbp5,Both,85.03612109657116,16.97701087487599,5.008898310975036,2.324493322767464,0.6671602852145007
chr2,143914805,143915832,0,56431,Dstn,Both,63.03650935871109,13.237257217968846,4.762052162372618,2.251583423628855,0.6529014414238714
chr4,62208319,62208792,0,22696,Zfp37,Both,54.69826691838709,11.698746940862415,4.675566297389693,2.225141112584708,0.647612256609558
chr19,16955885,16956227,0,353211,Prune2,Both,112.07663439626124,24.0259639471311,4.664813226344832,2.2218193184145716,0.6469433465698777
chr15,32920846,32921136,123,15529,Sdc2,Both,58.01553877535353,12.495251751423304,4.6430067940604,2.2150593919857884,0.6455790196628651
chr15,13173108,13173414,261,12563,Cdh6,Both,61.81671991534427,14.058087134763491,4.397235507417009,2.1365968025719067,0.6294399239663431
chr4,133756586,133756944,0,93760,Arid1a,Both,48.215238433875165,11.032234000595356,4.370396642354868,2.1277642197694857,0.6275880287451134
chr7,59228599,59229618,0,22215,Ube3a,Both,83.5925934311948,19.426718764016343,4.302970277514461,2.1053328749990774,0.6228528738921362
chr6,50455486,50456118,43,71720,Osbpl3,Both,146.61246827483137,35.49004715774333,4.131086882561187,2.046521402416755,0.6102190343341646
chr3,75956176,75957134,0,73124,Golim4,Both,157.9892631570223,38.47597166238361,4.106179943766877,2.0377968515799196,0.6083177596509493
chr10,13008301,13009120,2958,66125,Sf3b5,Both,44.43523767511082,10.926632883878696,4.066690822995543,2.0238553116541307,0.6052650398712203
chr10,121033870,121034143,0,24117,Wif1,Both,46.418689832004446,11.417209241363327,4.065677421749835,2.0234957536717126,0.6051860721701581
chr19,37375917,37376608,0,16551,Kif11,Both,77.07869955792451,19.31999980194321,3.989580763358594,1.9962371518608855,0.5991647204736783
chr5,114130344,114131638,0,22256,Ung,Both,112.12903638790488,28.563891333494865,3.9255518472169455,1.9728954798081115,0.593954126961419
chr12,69724479,69725206,0,217666,L2hgdh,Both,50.89478699903382,13.073952869732926,3.892838493923184,1.9608224913973813,0.5912393179370291
chr8,33385461,33386273,0,22427,Wrn,Both,115.27438882750003,30.17964722251305,3.819606901882836,1.933424169704461,0.5850283973950912
chr2,119972306,119972644,-55,26390,Mapkbp1,Both,42.95813647700098,11.428241446781628,3.75894547529871,1.9103279887816567,0.579738828616341
chr1,136624636,136625002,0,226442,Zfp281,Both,66.83975325698081,18.24472077304716,3.663511987298972,1.8732273362965635,0.5711386599955183
chr12,25095914,25096527,0,15902,Id2,Both,176.8065763296879,48.46896512205168,3.6478306455370784,1.8670387523877177,0.5696917223263218
chr6,86849544,86849940,0,269774,Aak1,Both,40.45525833243695,11.443359509622155,3.535260628526101,1.821816578152541,0.5590110108732663
chr12,38778640,38779114,-266,14009,Etv1,Both,145.1964469274062,41.34168219513756,3.512107858651277,1.8123371514654985,0.5567481845175075
chr9,85326428,85328095,0,212943,Tent5a,Both,56.82752256428643,16.36571278240089,3.4723524309553286,1.7959133834355363,0.5528080510478052
chr8,45999747,46000367,0,654824,Ankrd37,Both,39.14738901120601,11.304346431776386,3.463038685824698,1.792038504062922,0.5518748232337062
chr6,54972329,54972715,0,107607,Nod1,Both,67.34101870145203,19.464844225415018,3.459622790791496,1.7906147466709974,0.5515315770361288
chr11,75510203,75510808,0,280408,Rilp,Both,40.69673151117218,11.785245338645678,3.453193407668925,1.7879311394246402,0.5508840921762428
chr4,70534251,70535408,0,230316,Megf9,Both,100.95657744020244,29.578907360698537,3.413127341354852,1.771094241367329,0.5468066417983782
chr1,39367434,39368617,0,114641,Rpl31,Both,82.71206697914447,24.294783556649406,3.4045196075231727,1.7674512420733013,0.5459209679566678
chr14,93890724,93891054,-45,211712,Pcdh9,Both,221.0944401626577,65.3519462932042,3.383134745072602,1.758360638608912,0.5437055631820708
chr19,46338374,46338785,0,67116,Cuedc2,Both,117.41302023850962,34.910659014108454,3.3632427331451824,1.7498529053192966,0.5416253180674347
chr2,33130203,33130597,11,99326,Garnl3,Both,91.3506357656562,27.52830533257037,3.318425695372313,1.7304989704434672,0.5368682614724092
chr1,55405582,55406648,0,227120,Plcl1,Both,73.91137707354986,22.31337830934976,3.3124243244950264,1.7278874951902616,0.536223745738612
chr3,155093198,155093621,0,74435,Lrriq3,Both,36.00601385593574,10.881011707409394,3.3090685704728675,1.7264251874667635,0.5358625727832119
chr8,94036620,94037114,0,68219,Nudt21,Both,93.895455179573,28.608489553992683,3.282083627741496,1.7146119992997815,0.5329376598245322
chr8,94037247,94037528,0,270086,Ogfod1,Both,93.895455179573,28.608489553992683,3.282083627741496,1.7146119992997815,0.5329376598245322
chr3,27938473,27939115,0,18805,Pld1,Both,94.86197200226866,29.03152771801677,3.2675501242532943,1.708209367147565,0.5313470394562861
chr1,86582144,86582638,0,18582,Pde6d,Both,108.60811748317106,33.4406162445254,3.2477905517351644,1.6994585968961862,0.5291669926656277
chr9,88438514,88439419,0,244962,Snx14,Both,72.98112914222706,22.500354647983567,3.2435546143166003,1.6975757308280977,0.5286970048052301
chr3,94412490,94413511,0,72634,Tdrkh,Both,70.31052932988594,21.968843502961,3.2004656649499723,1.678281831249389,0.523862314436078
chr4,107314177,107314399,0,230584,Yipf1,Both,132.8814971941106,41.556167566115214,3.197635994288892,1.6770057177039392,0.5235413450044007
chr10,88730607,88731150,0,104303,Arl1,Both,31.10007088748794,9.76973484581128,3.1833075695828046,1.6705265561804654,0.5219094061975803
chr10,88731275,88732090,0,104303,Arl1,Both,31.10007088748794,9.76973484581128,3.1833075695828046,1.6705265561804654,0.5219094061975803
chr10,63429559,63430167,0,216033,Ctnna3,Both,37.81947283397208,11.906979686862933,3.176244003817241,1.6673217467300125,0.5211007790320857
chr8,104340504,104341223,0,68119,Cmtm3,Both,46.365175954624846,14.602979019128696,3.1750491385278505,1.6667789198727927,0.5209637219490996
chr4,156109831,156110384,0,230996,9430015G10Rik,Both,101.9462811820557,32.13718730671963,3.1722216449458704,1.6654935764936145,0.5206390814776697
chr4,26346409,26346989,0,242362,Manea,Both,43.94602989110401,13.925675073999573,3.1557558005324293,1.6579855706899043,0.5187397681683407
chr8,116993059,116993625,0,68133,Gcsh,Both,112.91312971621984,35.856052449760305,3.149067507485048,1.6549246852821433,0.5179639771124628
chr14,19751168,19751591,0,18074,Nid2,Both,43.18632884689347,13.729959225172587,3.145408383130184,1.6532473411323991,0.5175384871273391
chr9,95405215,95407761,0,54371,Chst2,Both,83.7815478051037,26.85198218075743,3.120125257089695,1.641603947085871,0.5145778646999858
chr9,22085301,22085696,0,26940,Ecsit,Both,67.27829016633838,21.64550306942985,3.108187873967972,1.636073709875001,0.5131673474153309
chr6,8258938,8259647,0,100036521,Umad1,Both,97.06895792107402,31.48782316584734,3.0827459049744026,1.624215980349838,0.5101336094506378
chr8,71272287,71273128,0,17925,Myo9b,Both,56.37903250361652,18.5933314317152,3.0322179062246546,1.6003734345556573,0.5039950601596852
chr9,83440808,83441284,0,75782,Lca5,Both,56.09299284086367,18.574406836447128,3.019907625302828,1.5945044202272614,0.5024761296972999
chr8,3279068,3279608,0,16337,Insr,Both,77.486742698323,25.83947626577223,2.9987737329244686,1.5843726703551242,0.49984666960955615
chr13,41605447,41606526,0,621976,Tmem170b,Both,86.76506882411199,29.03596485247631,2.9881930655633884,1.5792733628971243,0.4985197639328747
chr13,65278714,65279062,0,170936,Zfp369,Both,79.24326644050761,26.61366355189428,2.97754070145173,1.5741212291242275,0.4971767355466566
chr2,77945834,77946218,0,80744,Cwc22,Both,58.594183854527365,19.770401293802724,2.963732651845284,1.567415312943039,0.49542510162260395
chr4,19574983,19575450,0,66302,Rmdn1,Both,56.0729800327992,18.924368806526573,2.963003976833348,1.5670605626319323,0.4953323257580713
chr18,33213715,33214111,0,170459,Stard4,Both,93.56270501226992,32.25565178756456,2.9006608091032566,1.5363816027972945,0.4872663638600787
chr1,50927047,50928062,0,56363,Tmeff2,Both,155.17788731359482,53.69032826016569,2.8902391239191862,1.5311888590307623,0.4858927854323982
chr3,27182877,27183286,0,320024,Nceh1,Both,41.987818177978085,14.6823042248174,2.8597567204067573,1.5158924221116497,0.48183262706017604
chr6,54992613,54993161,0,110175,Ggct,Both,95.26491721695491,33.49334874799007,2.8442935919529924,1.5080703896385725,0.4797483719280782
chr8,27042455,27043091,0,114863,Plpbp,Both,67.45554378510286,23.81465979038974,2.8325218323011327,1.5020870759861928,0.4781503961324717
chr5,14514954,14515552,0,26875,Pclo,Both,56.25959051614291,19.911824241189457,2.825436275183904,1.4984736510492664,0.4771838148306752
chr15,3583001,3583525,0,14600,Ghr,Both,49.66140991852669,17.618400298674146,2.818724122317956,1.4950422835698185,0.4762648633580775
chr11,115707906,115708259,317,14784,Grb2,Both,54.07427815482499,19.23576309769764,2.8111324661352906,1.491151437970728,0.47522159941396225
chr11,115708577,115708804,0,14784,Grb2,Both,54.07427815482499,19.23576309769764,2.8111324661352906,1.491151437970728,0.47522159941396225
chr12,44328640,44329689,0,319504,Nrcam,Both,34.20527382971458,12.19136993395199,2.8056956695617634,1.48835853004651,0.4744719037845962
chr1,131867226,131867488,0,226422,Rab29,Both,43.853436949142434,15.637896914208236,2.8043052841266785,1.487643413514534,0.47427983544198593
chr9,60794393,60794987,0,72565,Uaca,Both,58.218614822724895,20.76902373625072,2.803146433941853,1.4870471114783719,0.47411964415815105
chr12,119237786,119238102,668,320910,Itgb8,Both,100.32995004637114,35.8090391919309,2.8018051394403005,1.4863566223858737,0.4739341111274213
chr13,23763720,23763936,54,80838,H1f1,Both,57.92844691238208,20.67968083383031,2.801225385336496,1.4860580666775727,0.4738538767748039
chr19,60811594,60811925,0,67894,Dennd10,Both,27.82440592631984,9.963133606153264,2.7927364046523864,1.4816794097628092,0.472676245692507
chr1,91052628,91053202,-242,16978,Lrrfip1,Both,56.17050710650894,20.242042319130643,2.774942677272368,1.4724579696360596,0.4701906304322679
chr9,59485718,59487038,0,23806,Arih1,Both,29.04999656448477,10.511756631754258,2.763572025319688,1.4665342131373613,0.4685899495094385
chr8,41374361,41374963,0,11886,Asah1,Both,90.24921196203452,32.70764971091532,2.7592692461762613,1.464286240007929,0.46798170893603885
chr18,38250094,38250571,0,66839,Dele1,Both,103.19697805714388,37.49073712339783,2.7525993345363977,1.4607946280429327,0.46703609373019206
chr8,83714989,83715807,0,68278,Ddx39a,Both,72.77551856262367,26.43983217101361,2.7524954807545483,1.4607401950708963,0.4670213434613273
chr18,34759386,34759806,0,66306,Fam53c,Both,88.20468274882835,32.21060681968126,2.738373829546536,1.4533194097873512,0.465008024560615
chr13,67060993,67061258,0,78251,Zfp712,Both,36.16645321891074,13.214636021081311,2.7368482310987896,1.4525154338581439,0.4647896097691085
chr1,42694074,42694484,324,66297,Pantr1,Both,105.51488700993666,38.80381701668606,2.7191883459445267,1.4431760838192056,0.4622482611882676
chr11,58904039,58904304,0,22698,Zfp39,Both,56.663511233187045,20.840236439455445,2.718947618363377,1.4430483575210638,0.4622134525034924
chr1,59119822,59120480,0,381259,Tmem237,Both,53.21815281593726,19.657224176008963,2.707307620823105,1.4368588246866807,0.4605249403188303
chr11,63920509,63922450,0,54710,Hs3st3b1,Both,143.42469497715214,52.98743139652382,2.706768212707917,1.4365713512787346,0.46044643602386626
chr11,73199334,73199761,0,74637,Shpk,Both,223.66091150257185,82.75842093165973,2.702575870644833,1.434335119964218,0.45983551185092003
chr5,45856370,45858010,0,209707,Lcorl,Both,62.71955869208608,23.212751025215567,2.701944229874133,1.4339978966790004,0.4597433467905052
chr1,88277213,88277704,0,171382,Trpm8,Both,923.3921115698222,341.7781193623591,2.701729745873011,1.4338833690423145,0.45971204347649575
chr7,75455504,75456287,0,75547,Akap13,Both,43.38344258420935,16.256489982074815,2.6686844842918744,1.4161287472727373,0.4548454606648907
chr11,23633135,23633766,0,71675,Sanbr,Both,36.95415870603932,13.88253435350454,2.661917324678583,1.4124657639137972,0.4538380245448207
chr13,13953979,13955217,0,97884,B3galnt2,Both,109.4199052724336,41.21887226487754,2.6546069618132164,1.4084982730000073,0.4527455288905514
chr4,49631849,49632463,0,109331,Rnf20,Both,70.6629431954081,26.63916137410244,2.6525963863150692,1.4074051747149006,0.4524442920949979
chr15,4026394,4027616,0,414066,Oxct1as,Both,50.55188267887839,19.0665127726012,2.651343918092985,1.4067238209956832,0.4522564719007473
chr9,79759490,79759962,0,12866,Cox7a2,Both,46.0223280328153,17.493621682255572,2.6308061800317457,1.3955049644265918,0.4491581481271707
chr3,104511415,104512158,0,269473,Lrig2,Both,85.60327056985217,32.61958314646002,2.624290757656175,1.3919275718576776,0.4481678944287026
chr4,109977332,109978615,0,242620,Dmrta2,Both,41.65338579642214,15.922994570828967,2.6159266469092075,1.3873220868512708,0.4468914346728953
chr19,19110175,19110732,464,225998,Rorb,Both,264.8655113239984,101.26052583096366,2.6156837439906644,1.3871881186043766,0.4468542766429618
chr2,125723206,125723658,0,271849,Shc4,Both,62.43553207667005,24.01922537898468,2.5993982358522367,1.37817767608667,0.444351564081251
chr7,116504192,116504830,0,53322,Nucb2,Both,73.85161989193905,28.41394465304376,2.599132953686102,1.3780304340092844,0.44431060876712763
chr12,8498973,8500446,0,11852,Rhob,Both,95.12149907041284,36.66860920680444,2.594085271517785,1.3752259039434578,0.4435301755777768
chr4,107066512,107067447,0,230582,Cyb5rl,Both,47.30256249314494,18.25014730820269,2.591900311505124,1.374010231006902,0.44319167389087843
chr19,29361736,29362043,0,67759,Plgrkt,Both,26.195795593233896,10.143553621622289,2.5825067397873456,1.3687721142191216,0.4417316853062729
chr18,64488819,64489322,0,14151,Fech,Both,38.43941231414227,14.899725079634688,2.5798739311426764,1.3673005682225323,0.44132110837724087
chr11,121387753,121388238,0,217371,Rab40b,Both,125.83037371250064,48.86934311909931,2.574832516284081,1.3644785931561532,0.440533230329086
chr15,61984948,61988216,0,17869,Myc,Both,66.14618201653799,25.706593405443066,2.573121260109569,1.363519446670062,0.44026528785125235
chr1,144004129,144004509,0,19735,Rgs2,Both,83.17010243616765,32.527967643460045,2.5568797702886776,1.3543843237057533,0.43770941691467985
chr1,66175311,66175645,0,17756,Map2,Both,33.322636634366766,13.206708760212004,2.5231598000221096,1.335231579837306,0.43232776441549753
chr9,48834678,48836347,0,235320,Zbtb16,Both,63.89960224610572,25.345468889789085,2.521145003233652,1.3340790969469751,0.43200294274638074
chr10,53629430,53630281,0,71567,Mcm9,Both,69.15767670824253,27.467882716555057,2.517765108504733,1.3321436950496206,0.43145720697362794
chr8,68734750,68735255,0,234356,Csgalnact1,Both,71.39050723957114,28.39164920278988,2.51448962086204,1.330265598371254,0.4309273277895079
chr4,88094496,88095069,0,230393,Focad,Both,35.92854529534682,14.305279622598656,2.511558406631142,1.328582825468561,0.4304523039618967
chr1,127204918,127205651,0,107895,Mgat5,Both,35.79864585075408,14.25492653714207,2.511317456282819,1.3284444115868008,0.4304132209916283
chr4,129513515,129514562,0,17357,Marcksl1,Both,34.21148765345768,13.68713999458251,2.499535159792249,1.3216598208806691,0.42849552621190684
chrX,56455389,56455975,504,236790,Ints6l,Both,31.16447131338677,12.491888142943724,2.494776686820607,1.3189106824021115,0.42771736816766076
chr9,35199770,35200100,0,117149,Tirap,Both,29.460308891398643,11.825640492554657,2.4912231104900115,1.316854233133747,0.42713486457206407
chr1,161070648,161071145,0,226539,Dars2,Both,79.79778677618846,32.034839251566176,2.490968852677704,1.3167069820892454,0.4270931410728786
chr4,80911185,80911937,539,52829,Lurap1l,Both,55.715313892815175,22.42464848233036,2.4845568454157223,1.3129885504052987,0.42603892296054896
chr1,119836759,119837754,0,19258,Ptpn4,Both,43.83945164336354,17.747197214773106,2.4702183174518817,1.3046385525737025,0.4236673842847548
chr8,14888714,14889037,0,26889,Cln8,Both,165.48472190232454,66.99506707527962,2.470103085595483,1.3045712515160401,0.4236482459837955
chr6,8509075,8510376,0,170772,Glcci1,Both,77.64435631117237,31.51489679656021,2.463735065115209,1.3008471258402352,0.4225886326749195
chr6,30896366,30896954,0,54160,Copg2,Both,41.03747973472683,16.732088626350517,2.452621465923805,1.2943245875949754,0.42073001059070125
chr4,20778001,20778605,0,269513,Nkain3,Both,45.3170901950243,18.52603330422308,2.4461302347272635,1.2905012166181105,0.4196388807812175
chr3,153944252,153944586,0,11364,Acadm,Both,106.27312804178575,43.54807663571332,2.440363300790012,1.2870959400963426,0.4186660462455406
chr6,42264830,42265350,0,12366,Casp2,Both,151.09252569693572,61.94092845507222,2.4393003053954554,1.2864673811085758,0.41848637152665347
chr6,67036551,67037372,0,13197,Gadd45a,Both,67.66544094677697,27.897792661824298,2.4254765159026808,1.2782682110500423,0.4161396259133423
chr9,35116564,35116956,0,20443,St3gal4,Both,40.615125477708496,16.77165101248272,2.42165338686571,1.275992385744456,0.41548725897334904
chr12,70346497,70347720,0,94090,Trim9,Both,80.5869710746762,33.31854738846972,2.4186820072043203,1.2742211054956425,0.4149792242199412
chr13,48261040,48262467,0,15904,Id4,Both,90.42627605559596,37.493452318485886,2.411788471423633,1.2701033796217334,0.4137971867976147
chr4,119293683,119294994,0,22608,Ybx1,Both,57.75801227162851,23.95628438020884,2.41097539814415,1.2696169295980426,0.41365745379220176
chr1,89454368,89455875,0,347722,Agap1,Both,37.53841748447714,15.634727494845023,2.400963975665969,1.2636137573717638,0.4119314364074189
chr7,141447347,141448021,0,67186,Rplp2,Both,26.39636783020516,10.998542889550452,2.399987716125919,1.2630270216964719,0.41176258063694443
chr12,10390726,10391201,0,105014,Rdh14,Both,37.10122023943529,15.474578314931115,2.397559370237382,1.2615665408269445,0.4113421482726693
chr1,192136724,192138612,0,100038712,Gm10516,Both,41.85488291657324,17.46901565147694,2.3959497061321,1.2605976245393244,0.41106312723401645
chr1,13372746,13374794,0,17978,Ncoa2,Both,183.8050854286832,77.11670012397953,2.383466682744232,1.2530614588560378,0.4088902928466676
chr3,36475547,36475970,0,11747,Anxa5,Both,52.29144798028426,22.06019288447793,2.3703984935271234,1.2451296145279152,0.4065983580751607
chr1,58585919,58586427,0,213056,Hycc2,Both,23.963462393895146,10.127924823042813,2.366078225558512,1.2424977718010068,0.4058367435390921
chr8,47412402,47413926,0,71069,Stox2,Both,59.99368922125438,25.361617463497577,2.365530877815738,1.2421639928009194,0.4057401127461891
chr2,23069031,23069241,0,74159,Acbd5,Both,85.0949335814119,36.005406725755535,2.3633932045139607,1.2408596745975025,0.40536241872766193
chr6,85332553,85333522,0,94282,Sfxn5,Both,127.56993145408651,54.0088193092353,2.362020371592766,1.2400214075247058,0.40511960697831984
chr1,45795375,45795757,0,73674,Wdr75,Both,111.310931458828,47.16643418565244,2.3599607089375367,1.2387628403104896,0.4047549441039665
chr15,10981770,10982073,14,17117,Amacr,Both,67.14413175482763,28.4923738553896,2.356565026684384,1.2366854914023782,0.40415276209452705
chr13,32338259,32338807,0,218138,Gmds,Both,44.51846094603534,18.8947922021426,2.356123341805638,1.2364150654644663,0.40407434521641455
chr8,116921124,116922036,0,66531,Cmc2,Both,159.19228851530747,67.66339490408345,2.3527091530209385,1.234322982513156,0.4034674918944544
chr3,148987630,148990644,0,99633,Adgrl2,Both,87.11458689452915,37.10110873668693,2.3480319014937434,1.2314520097316817,0.40263412690073574
chr12,86725946,86726559,0,68737,Angel1,Both,29.89607586842176,12.742164192480494,2.346232195474633,1.2303457971188396,0.4023128452637704
chr3,130729866,130730551,0,68436,Rpl34,Both,34.03845439626661,14.65777382762777,2.322211735325666,1.2154995206865977,0.39799141074193256
chr6,67266766,67267745,0,66870,Serbp1,Both,55.95578017851445,24.225608662479537,2.309778093013547,1.2077542544608213,0.39572988164321204
chr1,153899777,153901066,0,102466257,Mir8114,Both,45.66543719611815,19.774040976541,2.309362929423151,1.2074949186008743,0.3956540752244976
chr6,142964031,142964549,0,20449,St8sia1,Both,39.87731276444181,17.298112426158678,2.305298507838245,1.2049535740361241,0.39491093005452804
chr1,42851139,42851682,0,69527,Mrps9,Both,51.25680828111564,22.25194166381512,2.303475762048516,1.2038124174965503,0.3945770624453494
chr9,26999270,26999714,0,66948,Acad8,Both,115.1891948227421,50.078723550029686,2.3001623575262595,1.2017356977483964,0.3939692101999603
chr3,105052675,105053071,0,80281,Cttnbp2nl,Both,106.55364941149205,46.391623436704805,2.296829503215603,1.1996437674713285,0.39335655724711416
chr11,120713222,120714026,0,20892,Cenpx,Both,51.45373335171386,22.45465648913743,2.2914504782829743,1.1962611072232106,0.3923651553635634
chr4,40703052,40703371,0,66408,Aptx,Both,50.71808642997459,22.25932574555027,2.278509556387319,1.1880904214383445,0.38996670114823295
chr7,141413991,141414203,0,213350,Gatd1,Both,55.20087627501255,24.25618504522376,2.2757443584840256,1.1863385042782764,0.3894517455795678
chr5,143909446,143910295,0,18861,Pms2,Both,72.14437085825965,31.72234686164531,2.274244436356239,1.1853873237846817,0.389172055148787
chr5,92505196,92505869,0,12492,Scarb2,Both,58.67351620375805,25.88244028905091,2.2669236574489,1.180735806661222,0.3878032639545133
chr5,24576845,24577573,0,27407,Abcf2,Both,78.30517148553362,34.74601721975453,2.25364452536488,1.1722599725033922,0.3853046992662143
chr13,12257660,12258283,0,238505,Mtr,Both,48.65371223005462,21.640399436152183,2.248281616686536,1.168822756889158,0.3842898381328976
chr15,73090254,73090909,0,93696,Chrac1,Both,44.60514158757607,19.847302340500224,2.247415836284976,1.168267089111094,0.3841256861369538
chr7,80861061,80861321,108,22691,Zscan2,Both,44.870256264031816,19.98563512817736,2.245125360102773,1.1667960023603205,0.38369098938702934
chr12,72664671,72664937,0,66375,Dhrs7,Both,28.17987004874876,12.557049991495822,2.2441473170715565,1.1661673847847338,0.3835051850218164
chr19,21778133,21779000,0,83921,Cemip2,Both,33.940495118173395,15.139930238386384,2.241786757518823,1.1646490531203981,0.3830562743334955
chr5,124439821,124440388,0,67956,Kmt5a,Both,34.68128391786535,15.47342995728808,2.2413442923513056,1.1643642779050787,0.38297205739005946
chr4,11321721,11322311,0,381510,Dpy19l4,Both,24.03201710535872,10.727033750713678,2.240322689742619,1.1637065489623757,0.38277752202548027
chr14,74732201,74732799,0,13885,Esd,Both,45.78965440347184,20.521829358432967,2.2312657221592014,1.1578623348341512,0.3810474990389968
chr3,142395069,142395774,0,56376,Pdlim5,Both,51.84569462513237,23.2919631167718,2.2259048911081245,1.1543919502458895,0.38001891949362954
chr11,94601622,94601864,0,264895,Acsf2,Both,19.78001903839733,8.890714078501686,2.224795316073282,1.153672612452325,0.37980559881384074
chr13,14612964,14613509,0,19166,Psma2,Both,54.14946174371615,24.39047257343115,2.220107116854384,1.1506292861368528,0.3789026490666143
chr8,60982714,60983709,0,12725,Clcn3,Both,67.3801729474921,30.43243237969564,2.214090944384972,1.1467144824259323,0.3777400718875092
chr14,118925059,118925560,0,66573,Dzip1,Both,47.4483246305767,21.446529627702063,2.2124010482930827,1.1456129307530214,0.3774127296270479
chr10,87492445,87493953,0,17172,Ascl1,Both,63.40088155748735,28.68656633352348,2.210124447114337,1.1441276068021764,0.376971194435203
chr7,126428620,126429400,0,70314,Rabep2,Both,37.47337352846824,16.970956132250603,2.20808852703685,1.142798014034913,0.3765758073243387
chr19,46152679,46152897,99,107338,Gbf1,Both,130.726444783441,59.22145917255521,2.207416814951144,1.1423590718856582,0.37644524694229226
chr1,59912548,59913890,0,72750,Fam117b,Both,39.44154488762603,17.954479247615236,2.196752372690774,1.135372252180095,0.37436505339431164
chr4,43656100,43656535,0,68917,Hint2,Both,132.5465349394972,60.63383147991366,2.1860161514517893,1.1283040604486634,0.37225679189082295
chr10,41887289,41887698,0,140742,Sesn1,Both,52.861799345015015,24.315083441527275,2.1740332280634225,1.1203739907773531,0.36988687379928187
chr7,35584485,35585570,12,243923,Rgs9bp,Both,101.15118752863984,46.54883579621831,2.173012188134199,1.119696266425065,0.3696841104237786
chr7,35586064,35586613,0,245886,Ankrd27,Both,101.15118752863984,46.54883579621831,2.173012188134199,1.119696266425065,0.3696841104237786
chr13,96670359,96671269,0,15357,Hmgcr,Both,83.80820001293884,38.59559206056173,2.1714448603724588,1.1186553188165782,0.3693726083684402
chr10,34019156,34019944,0,66521,Rwdd1,Both,47.45647558507572,21.87492627077278,2.169446195961931,1.1173268065826578,0.3689749324193853
chr10,17723028,17724216,0,17684,Cited2,Both,66.10044878373034,30.57213392219849,2.162114327771365,1.1124428115775933,0.36751179979960275
chr1,59481951,59483937,0,14369,Fzd7,Both,82.93935821498694,38.648574495108896,2.1459875117899414,1.1016416805999598,0.3642695679799188
chr3,40745019,40745862,0,18415,Hspa4l,Both,41.37470014365996,19.28144242651969,2.1458301318138533,1.1015358740023855,0.36423776357980875
chr13,12461219,12461571,0,56048,Lgals8,Both,59.07616050581205,27.579980308514497,2.1419942960428453,1.0989546383133522,0.36346160700581764
chr10,31313427,31313769,0,69692,Hddc2,Both,42.89548568021548,20.06020116402364,2.138337762890688,1.0964897531333853,0.3627199648014233
chr13,81632823,81633145,0,110789,Adgrv1,Both,32.173796417485754,15.055082716836347,2.1370720455428165,1.0956355453375919,0.362462840838603
chr18,50053331,50053706,0,102635912,C030005K06Rik,Both,21.451170567438407,10.03997015981986,2.1365771238331344,1.0953013947926686,0.36236224360526825
chr15,37960656,37961398,0,382985,Rrm2b,Both,161.7531073249412,75.71056795684946,2.136466700621384,1.0952268310734223,0.36233979477487566
chr4,21727555,21727838,0,51813,Ccnc,Both,62.11751720592316,29.108800523442103,2.133977219566236,1.0935447753215508,0.36183326811902794
chr9,101034544,101034960,0,66904,Pccb,Both,59.64224755191842,28.055544151104723,2.1258631531326024,1.0880487301468709,0.3601767249485352
chr13,6547941,6548275,0,69617,Pitrm1,Both,91.18579879737916,42.9821483270753,2.121480715749599,1.0850715645966587,0.3592784379833289
chr4,35225353,35225820,14,73205,C9orf72,Both,91.31519195063896,43.05174733754768,2.1210565795316327,1.0847831055082537,0.359191367078602
chr8,109608458,109608786,0,56749,Dhodh,Both,64.13785369675792,30.27389033884369,2.11858644458602,1.083101996122712,0.3586838025695671
chr13,35906090,35906319,9,208366,Rpp40,Both,119.29946986540618,56.39783534306014,2.1153200143183546,1.0808759367001588,0.35801137898906715
chr7,137410453,137411112,0,77252,9430038I01Rik,Both,252.40011639893143,119.71037019828778,2.108423154826578,1.0761644410285207,0.3565869573148311
chr5,28070975,28071794,0,231070,Insig1,Both,97.28222730287072,46.14383971884913,2.1082386705485248,1.0760382015697918,0.35654876861594065
chr2,25180626,25181970,0,67122,Nrarp,Both,37.20189132415334,17.6728856267486,2.105026429178426,1.0738383468333759,0.3558830993495957
chr4,32238406,32240295,0,12014,Bach2,Both,68.07122910294248,32.33767126999069,2.105013330570667,1.0738293695801737,0.35588038211983386
chr6,71493748,71494659,0,22644,Rnf103,Both,47.935293521014295,22.788927753838824,2.103446640351016,1.0727552206846014,0.35555521593443934
chr11,101009431,101009638,0,11975,Atp6v0a1,Both,35.1774004329067,16.738915994670947,2.101533960986833,1.0714427707660714,0.35515779444709095
chr2,26091508,26092032,0,67991,Nacc2,Both,64.8166195832592,30.86376294330061,2.100088045075155,1.0704498133821574,0.3548570327938817
chr18,47366343,47367098,1170,20358,Sema6a,Both,158.0169472519468,75.44717798053871,2.0944050060123733,1.0665404507058538,0.3536721934866199
chr2,180119181,180119906,0,228983,Osbpl2,Both,55.253169522750206,26.45261229198134,2.0887604185503927,1.0626470243384076,0.35249105499136324
chr1,125435174,125435976,0,74117,Actr3,Both,92.45833781292396,44.27686693570664,2.088186093816901,1.062250286938186,0.35237063465690865
chr13,104178699,104179120,0,81003,Trim23,Both,96.3763459431184,46.26466123779309,2.083152526455541,1.0587684760107832,0.351313312319568
chr1,119053398,119053783,0,14633,Gli2,Both,37.8239829869488,18.16353492280298,2.08241309567245,1.058256289560336,0.3511577008260515
chr11,43681870,43682698,0,70802,Pwwp2a,Both,224.53787628669613,107.95588184422274,2.0799040538680225,1.0565169782695245,0.3506291218753328
chr12,28675146,28675589,0,104923,Adi1,Both,29.637574210832,14.29873601846277,2.072740847342273,1.0515397490445446,0.3491153014970742
chr9,85748903,85749379,0,108837,Ibtk,Both,66.14196885872904,31.94985683486801,2.07018044558328,1.0497565245372493,0.348572490950109
chr14,50930361,50931313,0,18950,Pnp,Both,56.54225895935665,27.338159094005125,2.068254075372455,1.0484134249005506,0.34816349921829076
chr2,131262245,131262878,0,74450,Pank2,Both,59.17040674284326,28.63196918804876,2.066585303798857,1.0472489160122735,0.34780878343008464
chr11,29247060,29247529,0,216618,Cfap36,Both,72.82298218711566,35.43522311495242,2.055101556744168,1.0392096891823606,0.34535727770326347
chr15,34082235,34083336,0,67154,Mtdh,Both,36.19723462453593,17.617780704213725,2.0545853778210823,1.0388472826106094,0.34524665294290985
chr14,79587228,79587774,0,67955,Sugt1,Both,38.12190931601117,18.57745651245561,2.0520521359020054,1.0370673855510923,0.3447031993741096
chr12,3365111,3365428,0,16570,Kif3c,Both,41.99400535753178,20.47491435172048,2.050997852110824,1.0363259809690641,0.34447675909823866
chr2,164804633,164804974,0,170789,Acot8,Both,60.16774805795362,29.365505968038324,2.048925978780708,1.0348678652788994,0.3440313035084512
chr2,164460802,164461692,0,52840,Dbndd2,Both,32.996078729396736,16.128854088813018,2.045779479912515,1.032650641474848,0.3433536429047559
chr5,99252452,99253233,0,320292,Rasgef1b,Both,56.9862099818122,27.85944596041979,2.0454897079709737,1.0324462782200479,0.3432911643846994
chr6,5496015,5496279,0,27273,Pdk4,Both,18.797749186259843,9.196299140208872,2.044055864175912,1.0314346257609592,0.34298183435557916
chr1,37540315,37540920,96,269181,Mgat4a,Both,30.402398841685752,14.87635182678737,2.043673018470908,1.0311643878770358,0.34289919190965934
chr14,31128722,31129151,0,66487,Uqcc5,Both,41.34865549883714,20.246596374721715,2.042252175800856,1.0301610201406581,0.34259230187796275
chr14,45219318,45220490,0,70561,Txndc16,Both,133.11494997174927,65.2292796336902,2.040723900666793,1.0290810064356049,0.3422618871902757
chr12,111425927,111426266,-2079,74190,Exoc3l4,Both,16.781928560893657,8.25310942198589,2.033406768628004,1.0238988449817572,0.340675302539596
chr9,51278564,51279283,0,100502940,Pou2af3,Both,43.962210525214125,21.625116815321245,2.0329236091833365,1.0235560043007026,0.34057026891668657
chr11,106036775,106037324,0,71833,Dcaf7,Both,84.58606407195278,41.64803440065854,2.030973737157096,1.0221715840367287,0.34014604762761774
chr12,55836224,55836875,0,52592,Brms1l,Both,98.16229698383934,48.36388765566602,2.029661008286195,1.0212387902166573,0.33986013797254794
chr11,71019066,71019976,0,116891,Derl2,Both,172.85090291196926,85.20693399389489,2.0286013685735256,1.0204853953637,0.3396291698362396
chr3,36571391,36572316,0,12428,Ccna2,Both,54.67656831568224,26.990458640923507,2.025773961201996,1.018473205113439,0.3390120922299511
chr6,52640053,52640488,0,58875,Hibadh,Both,55.12629096280309,27.263353877750166,2.021992276151764,1.0157774862721691,0.33818493985470394
chr9,47529731,47531874,0,54725,Cadm1,Both,18.47890259459342,9.149872991542187,2.0195802293293745,1.014055459314847,0.33765628063998004
chr3,14611032,14611738,0,69126,Rbis,Both,133.79956674165794,66.35369363584861,2.016459964926061,1.011824762562038,0.3369711439054278
chr1,121327653,121328143,0,72999,Insig2,Both,27.02432619619188,13.421507214319568,2.013509046685852,1.0097119543196713,0.33632188620786535
chr2,165326173,165326655,0,140579,Elmo2,Both,40.03754987755867,19.93370801595147,2.008534982328405,1.006143588788011,0.3352246153866777
chr19,8741314,8741705,0,102465599,Mir6992,Both,163.02275590929418,81.18685398863006,2.0079944954157845,1.0057553143846834,0.33510516623350833
chr19,60874354,60874605,0,11757,Prdx3,Both,28.545366061257223,14.23208570346532,2.005705042536865,1.004109459909648,0.3345987142131663
chr18,35598516,35599306,0,67869,Paip2,Both,30.513072684854706,15.30900242197029,1.9931457219619169,0.9950471916954922,0.33180667238310724
chr8,116978661,116979149,0,69528,1700030J22Rik,Both,73.43269543979622,36.879690988964185,1.9911418309272195,0.9935959892591067,0.3313590217218074
chr1,170644195,170644660,0,320078,Olfml2b,Both,25.34150699879837,12.742972464484597,1.9886652874301205,0.991800476372813,0.33080495550582356
chr19,58943152,58943782,0,226265,Eno4,Both,62.70708908750666,31.53315831042136,1.988607943111828,0.9917588748237949,0.3307921152355835
chr6,18848477,18848790,0,76522,Lsm8,Both,45.16228520780777,22.72327666601749,1.9874900029425624,0.9909476036717293,0.33054169284915536
chr2,31688183,31689099,0,108168742,Gm13427,Both,47.41681867801126,23.929870761314703,1.981490796626692,0.9865862664772992,0.32919464240411783
chr19,43524343,43524983,0,14718,Got1,Both,69.50949535864036,35.114664178341656,1.979500501716689,0.985136433028069,0.328746546997503
chr10,61695440,61696703,0,71767,Tysnd1,Both,28.43850551180073,14.36745644499563,1.9793695300678107,0.9850409754116857,0.3287170390191645
chr13,46929348,46930615,0,16553,Kif13a,Both,73.37364572264843,37.08167707516628,1.978703540670953,0.98455547673997,0.32856695112750295
chr2,155236468,155236906,0,67068,Dynlrb1,Both,34.33221803153082,17.48984443856033,1.962980182707495,0.9730456081306571,0.3250039228502529
chr1,36546910,36547290,0,109346,Ankrd39,Both,31.944918877506296,16.283225491295866,1.961829914753826,0.9721999692952707,0.3247417787100611
chr2,132262953,132263752,0,110911,Cds2,Both,50.073123155608414,25.58883842707679,1.956834551060497,0.9685217823035569,0.3236009775106691
chr15,43477167,43477610,0,66736,Emc2,Both,93.72133598805289,47.903548309549386,1.956459162115344,0.9682449966539572,0.3235150934508421
chr19,46304454,46305820,0,100503392,4833438C02Rik,Both,79.918445022396,40.97952860804889,1.950204107684612,0.9636251238387575,0.32208080288734797
chr15,12824443,12825348,0,14000,Drosha,Both,45.34790752200943,23.2535497604778,1.950149890623738,0.9635850153332766,0.3220683442707556
chr3,121723318,121723846,0,14066,F3,Both,63.01047610009269,32.320698005426465,1.949539458879062,0.9631333553269992,0.32192804067110986
chr18,45559315,45560643,0,140492,Kcnn2,Both,121.64479494090376,62.51367224664619,1.9458910438176973,0.9604309316274616,0.3210882648911141
chr2,66256359,66256843,0,73668,Ttc21b,Both,98.6364401713306,50.72180422064539,1.9446555911586128,0.9595146688748694,0.32080342230682607
chr10,36974139,36975258,0,15182,Hdac2,Both,87.51467364354248,45.04776369314163,1.9427085046813608,0.9580694467806344,0.3203540218753125
chr5,84417174,84417603,0,13839,Epha5,Both,47.84633910823484,24.640960335035285,1.9417400319501923,0.9573500598085752,0.3201302704256558
chr11,83472621,83473763,0,70439,Taf15,Both,93.89598470109732,48.42035340239109,1.9391842087724325,0.9554498557704176,0.3195390768531272
chr13,41249657,41250485,0,108934,Smim13,Both,47.63526815065234,24.567410676479607,1.9389616910770933,0.9552842997628725,0.3194875570946879
chr2,164785608,164786389,0,101113,Snx21,Both,48.241998981515536,24.89292995344651,1.9379799433708795,0.9545536400259046,0.31926015883372294
chr11,3288696,3288937,0,56218,Patz1,Both,59.070627152049134,30.49732315233671,1.9369118678707096,0.9537583108443545,0.3190125921449526
chr11,3289165,3291061,0,56218,Patz1,Both,59.070627152049134,30.49732315233671,1.9369118678707096,0.9537583108443545,0.3190125921449526
chr4,70410101,70410673,0,214444,Cdk5rap2,Both,55.71152023451104,28.77452494872392,1.936140399669108,0.953183573770599,0.3188336633270696
chr9,53536538,53537644,0,11920,Atm,Both,141.42732995331636,73.17605237308874,1.932699638294888,0.9506174450955927,0.318034491536669
chr11,116489763,116490485,0,67763,Prpsap1,Both,40.99783900063815,21.234396863872707,1.9307277368631133,0.949144735820883,0.31757564005563765
chr5,65107353,65108122,0,71778,Klhl5,Both,37.08047773228527,19.208506766043115,1.9304195887749225,0.9489144603705348,0.3175038797648392
chr3,89418026,89418350,0,54124,Cks1b,Both,100.58533857323312,52.15226806350005,1.928685794657319,0.9476181307318454,0.31709983923556506
chr2,164769626,164770104,0,68612,Ube2c,Both,58.11203290083939,30.13662612975394,1.928285955124396,0.9473190118630601,0.31700659339636156
chr3,97158586,97159427,0,66659,Acp6,Both,36.24941819695113,18.86843273289637,1.921167418094652,0.9419832466091269,0.3153422198223368
chr6,28479815,28480665,0,56463,Snd1,Both,161.8153920081019,84.7794963799622,1.9086618689368304,0.9325615431737023,0.31239859078874754
chr13,8885656,8885937,-6,319554,Idi1,Both,151.68499239323305,79.70830579149538,1.9030010848557937,0.9282763840584023,0.3110577841553408
chr3,33799710,33800589,0,67120,Ttc14,Both,60.58438714169167,31.946308447520167,1.8964440677462544,0.9232968225285152,0.30949814558089656
chr8,72240014,72240639,0,11767,Ap1m1,Both,98.89127688669878,52.14637238467311,1.8964171880873724,0.9232763740343812,0.3094917375073702
chr4,44756498,44756999,0,319885,Zcchc7,Both,62.77436354743574,33.14196853771711,1.894104856082872,0.9215161994248037,0.30894003519037305
chr1,57774698,57775632,0,67198,Spats2l,Both,19.9249008759249,10.532997324147289,1.8916648569013048,0.9196565114493946,0.3083569158345717
chr2,35336610,35337111,0,13830,Stom,Both,53.73871562131708,28.416730903792423,1.891094222036119,0.9192212460363842,0.3082204015504364
chr6,56714832,56715544,0,78937,Avl9,Both,68.0177843687509,35.975479961354175,1.89067065795418,0.9188980774511024,0.30811903649533556
chr2,18997444,18998634,0,18718,Pip4k2a,Both,29.85634350052193,15.804020998517307,1.889161214308876,0.9177458214508705,0.30775756295813855
chr2,168954889,168955596,0,22722,Zfp64,Both,47.08834718594496,24.941066067317035,1.887984541593028,0.9168469522747652,0.30747551754664537
chr12,36156333,36156914,0,66912,Bzw2,Both,168.05021041614202,89.18549967736634,1.8842772762845228,0.9140112768863792,0.3065853909245625
chr3,57735620,57736346,0,24017,Rnf13,Both,74.36240589874402,39.66288553513485,1.8748612183768387,0.9067838078913564,0.30431424403533114
chr9,99243197,99243704,0,68121,Cep70,Both,32.273343290593466,17.25373265099982,1.8705136994645208,0.9034345320887667,0.3032605974418135
chr6,56923588,56924058,0,107569,Nt5c3,Both,116.78023826554283,62.53422937180147,1.867461059945555,0.9010781604393315,0.3025188631374215
chr3,103809014,103809590,0,140917,Dclre1b,Both,40.96022183092751,21.94227502749677,1.8667262979612904,0.9005104130913747,0.3023400938477014
chr19,38054624,38055351,0,74107,Cep55,Both,102.67476963059302,55.19492012296697,1.8602213646083232,0.8954743109139706,0.3007534225331267
chr3,82073785,82074134,539,54195,Gucy1b1,Both,61.05849778449408,32.89817223982329,1.855984500883081,0.8921846627324669,0.29971608761126256
chr14,65833654,65834070,0,71988,Esco2,Both,34.107078688029965,18.400891695349,1.8535557544013403,0.890295511644015,0.2991200550698233
chr11,116842473,116843848,0,107817,Jmjd6,Both,55.54724689753141,29.9917284542762,1.852085550261493,0.8891507401140376,0.2987587627528808
chr18,74215985,74216596,0,74322,Cxxc1,Both,56.31867019074773,30.62453000141629,1.8390052088356352,0.8789255660743189,0.29552788639642447
chr13,21179978,21181148,0,19720,Trim27,Both,29.93955368951156,16.304160053706514,1.8363137745759088,0.8768125959778459,0.29485939886920864
chr1,169968945,169969431,0,15490,Hsd17b7,Both,89.1364970284435,48.61215999366605,1.83362551756716,0.8746990265478981,0.2941904328568012
chr9,83925000,83925312,0,12040,Bckdhb,Both,25.9317433449774,14.194427507614916,1.826896035860956,0.8693945360915718,0.29251023927702297
chr10,93160440,93161666,0,237459,Cdk17,Both,50.26875876023436,27.51876811631965,1.826708177769888,0.8692461774184552,0.2924632207425507
chr7,123377849,123378233,0,30949,Lcmt1,Both,47.42638957647271,26.037503235700253,1.8214645677487984,0.8650989311606941,0.29114828417080996
chr7,110121558,110123057,0,22390,Wee1,Both,40.26739605089971,22.142029468011,1.8185955406244392,0.8628247203298977,0.29042674936010326
chr15,38518262,38519727,0,54375,Azin1,Both,60.50920740275428,33.27964245644014,1.8182048524696448,0.8625147534333396,0.2903283811156016
chr9,59656245,59657561,0,18746,Pkm,Both,48.35189827278813,26.60057297827366,1.817701382307822,0.8621152085257223,0.2902015761649265
chr11,61266868,61267493,0,11671,Aldh3a2,Both,78.97917526326502,43.476381079762255,1.8165995720381816,0.8612404453838255,0.2899239139794601
chr10,21993907,21994913,0,20393,Sgk1,Both,72.94881230181814,40.23896471990552,1.8128898894292784,0.858291301916877,0.28898745467573544
chr1,16656764,16657043,0,67923,Eloc,Both,102.57934420059992,56.58546258058873,1.812821518504102,0.8582368914116785,0.28897017217657384
chr19,53903059,53904012,0,18569,Pdcd4,Both,58.86936161771462,32.540490817590815,1.8091110532939745,0.8552809713195272,0.2880309955511398
chr2,132252581,132253554,0,18538,Pcna,Both,38.22438268359216,21.16486906986981,1.806029725835072,0.8528216386448583,0.2872491757353704
chr6,35133373,35134122,0,53621,Cnot4,Both,70.07752722351306,38.886640469232255,1.80209774817034,0.8496772669649691,0.28624902492929744
chr7,43312665,43313231,0,69930,Zfp715,Both,69.49407509561269,38.608854355370994,1.7999517534491452,0.8479582365591114,0.28570197770862216
chr12,30584391,30584747,0,211986,Tmem18,Both,50.90760832399868,28.39382266568072,1.792911399194238,0.8423041959021074,0.2839013795507422
chr14,118136697,118137559,0,58245,Gpr180,Both,36.02207243925927,20.151855161550497,1.7875313290256751,0.8379685273925059,0.2825192746088133
chr12,106010171,106010924,0,22367,Vrk1,Both,116.40690694280158,65.3823440529214,1.780402777370297,0.8322036564618116,0.28067975752362095
chr3,30995675,30996205,0,18759,Prkci,Both,125.60188659413464,70.56230062406583,1.780014051175893,0.831888629664577,0.2805791757944395
chr4,48279256,48280058,0,16348,Invs,Both,137.70720638597902,77.52433834619318,1.7763093413455897,0.8288828465320786,0.27961917996116986
chr7,13054161,13054813,0,109889,Mzf1,Both,106.8571781267368,60.20400471187861,1.774918107825695,0.8277524622740826,0.2792580096833513
chr4,116807460,116807882,0,68276,Toe1,Both,96.18793304163816,54.21460191661616,1.774207125777265,0.8271744436234919,0.2790732957836921
chr12,54656156,54656806,0,104725,Sptssa,Both,86.02668641147982,48.498822342406925,1.7737891820160523,0.8268345529685122,0.2789646693530057
chr19,38224022,38224268,0,70567,Fra10ac1,Both,56.61982845070264,31.93498701954776,1.7729717070511104,0.8261695140015539,0.2787521073819825
chr14,16364625,16366177,0,21974,Top2b,Both,121.3319892667584,68.4422131951178,1.7727654265191617,0.8260016505138789,0.27869844997644316
chr10,83360008,83360820,0,28109,Nopchap1,Both,47.57417949254651,26.874644695329053,1.770225431140868,0.8239330934607274,0.27803709491745743
chr5,34169152,34169708,0,231123,Haus3,Both,53.21735100446893,30.06788444095238,1.7699067291873398,0.8236733349498608,0.27795402678169673
chr7,25316642,25317104,-60,269878,Megf8,Both,168.58461035060503,95.28322344354632,1.7693000326598785,0.8231787167266464,0.2777958413993068
chr11,9010914,9011323,0,15574,Hus1,Both,31.138212321777218,17.60982345301002,1.7682296704942158,0.8223056745955207,0.27751659433556414
chr18,36744134,36744895,0,17991,Ndufa2,Both,33.95302678558048,19.2116835580582,1.767311369822096,0.8215562402993851,0.27727684646900597
chr5,21425051,21425567,50,330050,Fam185a,Both,122.87301458654969,69.6680503724714,1.7636924519865946,0.8185990094912574,0.2763304764383744
chr1,38987499,38988052,0,68833,Pdcl3,Both,29.27012594195141,16.59966805416126,1.763295859076765,0.8182745612219622,0.2762266141605941
chr12,32953804,32954798,0,19027,Sypl1,Both,84.14331173462405,47.80020670760356,1.7603127168326536,0.8158317441738239,0.27544441330730146
chr11,117779900,117780140,-250,217353,Tmc6,Both,60.77416343018458,34.54546588073152,1.75925152203788,0.814961761181428,0.2751657527317862
chr14,31641076,31641345,0,56794,Hacl1,Both,165.9772522604196,94.45810791891532,1.7571519895666097,0.8132389865143992,0.27461380164450955
chr2,103566151,103567422,0,99382,Abtb2,Both,61.99771780550145,35.37025997929401,1.7528205289357597,0.8096782863031522,0.2734724334632886
chr2,131210066,131210421,0,69596,Ap5s1,Both,28.5323882704834,16.28370599469226,1.7522048285435543,0.8091714323885298,0.27330990075386774
chr11,80428468,80429282,0,69077,Psmd11,Both,47.10215346085301,26.88902790650978,1.751723923401845,0.8087754200740367,0.2731829007295612
chr5,129787027,129787719,0,100678,Psph,Both,85.38738436605335,49.01478886676343,1.74207389933192,0.8008058248198716,0.2706250548217243
chr12,75595510,75596718,0,26932,Ppp2r5e,Both,25.717521982853565,14.772495636786166,1.7409057084987265,0.799838065386961,0.27031419074410334
chr19,5023875,5024483,0,13340,Slc29a2,Both,38.030937407674735,21.8646808792013,1.739377657409651,0.7985712076984831,0.26990716501236434
chr10,91082300,91083380,0,11783,Apaf1,Both,85.27960676723292,49.11780308902547,1.7362259996169735,0.7959547515296984,0.26906622469051644
chr2,119208582,119209036,0,69408,Dnajc17,Both,132.10278003922582,76.08782376075844,1.7361881771595176,0.7959233230945923,0.2690561209586713
chr19,34878280,34879247,208,75735,Pank1,Both,262.4171755013925,151.61247396792862,1.730841589966423,0.7914736924528791,0.2676250400798272
chr2,23068057,23068610,0,74159,Acbd5,Both,85.0949335814119,49.19477626458064,1.729755474925876,0.7905681071998731,0.2673336427489688
chr1,153332003,153333079,0,226519,Lamc1,Both,81.47090550567479,47.11461580314822,1.729206619153432,0.7901102637854749,0.2671863002368151
chr19,44930853,44931601,0,226151,Slf2,Both,47.0984949865232,27.241647829716367,1.72891505245678,0.7898669861519559,0.26710800389354533
chr15,58822703,58824097,0,74868,Tmem65,Both,83.94736354143343,48.64097473237311,1.7258569344738497,0.7873128767534493,0.2662857779856139
chr8,23237313,23237905,0,109145,Gins4,Both,36.70232416541382,21.28327534969478,1.7244678538606684,0.786151235491688,0.26591169091390504
chr5,135994792,135995197,0,74198,Dtx2,Both,36.3071312082769,21.0855568739334,1.7218957708990303,0.7839978167428371,0.26521800673528045
chr11,88863935,88864835,0,11640,Akap1,Both,33.808914847869374,19.637062544565808,1.721689013880814,0.7838245744132006,0.2651621879649538
chr9,4309133,4309885,0,67618,Aasdhppt,Both,191.99495984584044,111.59342016207398,1.7204863832203938,0.782816473918457,0.26483734219890237
chr11,117967878,117969565,0,12702,Socs3,Both,108.34222615152724,63.14456571932615,1.7157806838533345,0.7788651550878584,0.2635635079478274
chr6,95117642,95118490,0,243574,Kbtbd8,Both,124.93314201219285,72.93996071896245,1.712821624535281,0.7763749151126097,0.26276022650674297
chr3,97227607,97227810,-72,77578,Bcl9,Both,131.8965639621475,77.02043507729837,1.7124879109002042,0.776093803579217,0.2626695249173472
chr2,145934364,145935089,0,66877,Crnkl1,Both,36.325110645103486,21.21430849277117,1.7122929393376811,0.7759295393421923,0.2626165223552944
chr9,7763787,7764494,0,71929,Tmem123,Both,83.86333151127774,48.98808835340287,1.7119127185834009,0.7756091481895006,0.2625131383119426
chr1,51478159,51478621,0,109019,Nabp1,Both,53.212634797732825,31.14475629408076,1.7085583940769575,0.772779556169635,0.2615998221143853
chr10,105573440,105574450,0,278279,Tmtc2,Both,218.2343210751216,127.9301758927926,1.705886195747946,0.7705214038035924,0.2608706149050844
chr10,105574850,105575058,291,327812,Gm15663,Both,218.2343210751216,127.9301758927926,1.705886195747946,0.7705214038035924,0.2608706149050844
chr1,155972723,155973671,0,74081,Cep350,Both,115.84907108671892,68.02070264222992,1.703144286763002,0.7682006622505643,0.26012088596462335
chr2,172345329,172345900,0,67017,Fam210b,Both,80.40116974683181,47.268268265498655,1.7009544181993448,0.7663444804963764,0.2595210098608967
chr5,8996968,8997494,0,74114,Crot,Both,73.15823431227663,43.02997446162488,1.7001691315787515,0.765678271746969,0.25930565733464717
chr15,58033858,58034371,0,75758,9130401M01Rik,Both,37.788851518366414,22.272774950131776,1.6966386812139382,0.7626793590335387,0.2583359372788995
chr10,3973179,3973942,35,270685,Mthfd1l,Both,48.87650217628362,28.8384287999004,1.6948392894571436,0.7611484784969822,0.25784071509403966
chr7,90456992,90457441,0,66271,Tmem126a,Both,48.59325286365589,28.67296735842851,1.6947409822015418,0.7610647941592099,0.2578136402682957
chr7,45062308,45062561,0,65116,Prrg2,Both,44.984311587779246,26.592248279626347,1.691632505636764,0.758416187913967,0.25695651400715397
chr3,32529379,32529841,0,67414,Mfn1,Both,38.86918532494565,22.98557043091748,1.6910254823462378,0.7578984001249218,0.2567889032933831
chr6,148211419,148212430,0,67456,Ergic2,Both,34.0621834761594,20.17160260474708,1.6886205892308916,0.7558452100076767,0.2561241225292702
chr14,122534139,122534686,0,110821,Pcca,Both,45.356802329165646,26.88553616660825,1.6870335799923026,0.7544886904045036,0.2556847763675029
chr8,46210834,46211112,0,11739,Slc25a4,Both,51.094336923867694,30.298335614090323,1.6863743795915356,0.75392485396809406,0.25550213135069394
chr12,83485824,83487847,0,70127,Dpf3,Both,69.85290738137428,41.43812031500553,1.6857161196107446,0.7533616019307064,0.25531965742906926
chr3,136669471,136671682,0,19055,Ppp3ca,Both,120.75689612615363,71.9356797663637,1.6786787379830694,0.7473261567394835,0.2533632452296558
chr1,105663826,105664647,0,227446,Relch,Both,69.35382250960176,41.330750708097696,1.6780199082136116,0.7467598321726541,0.25317956230799216
chr14,55671858,55672103,0,105446,Gmpr2,Both,56.22767563788482,33.55310310007773,1.6757816846381213,0.7448342116833364,0.2525548659361257
chr5,41707739,41708287,0,100972,Rab28,Both,55.9084084876238,33.37645019318038,1.675085521798458,0.7442347545106056,0.25236035121022915
chr1,54250569,54250800,0,78016,Ccdc150,Both,37.45826118822942,22.364858470983183,1.674871371836708,0.7440503025322348,0.25230049524710624
chr8,47673649,47675941,0,69260,Ing2,Both,94.26842079060954,56.492746545593626,1.6686818495278557,0.7387089170363472,0.25056634219854984
chr1,34006046,34006248,0,13518,Dst,Both,78.66229191593698,47.26463229705295,1.6642950149607263,0.7349111900270451,0.2493323791961975
chr4,44072312,44072846,0,50798,Gne,Both,27.5858070700846,16.615515381620668,1.6602438405611406,0.7313951462309243,0.24818921878299371
chr7,92561071,92561297,0,66365,Ccdc90b,Both,105.0109391456968,63.25033034809805,1.6602433310271951,0.731394703463307,0.24818907478371777
chr7,92561469,92561881,320,66365,Ccdc90b,Both,105.0109391456968,63.25033034809805,1.6602433310271951,0.731394703463307,0.24818907478371777
chr6,83121851,83122345,-292,22377,Wbp1,Both,52.738496220545386,31.775880341190064,1.6597021279747881,0.7309243397321075,0.2480360943565939
chr5,31192686,31193778,0,13667,Eif2b4,Both,57.72296797967184,34.836231592097924,1.6569808312092351,0.7285569128313397,0.2472659281136901
chr9,118040102,118041216,0,27215,Azi2,Both,93.7146099474731,56.62564578905437,1.65498527463307,0.7268183805923987,0.24670015344005694
chr5,139149880,139150851,0,19085,Prkar1b,Both,109.03432624928264,65.9143974828299,1.654180731572113,0.7261168683050625,0.24647181097748075
chr8,110919886,110920296,0,20444,St3gal2,Both,151.67004056055623,91.69768125682997,1.6540226370147098,0.725978979421751,0.2464269248849986
chr2,127247484,127248719,0,26371,Ciao1,Both,32.40086772326928,19.59713150660809,1.6533474663036174,0.7253899522371611,0.24623517070449763
chr2,37359044,37359355,0,67466,Pdcl,Both,160.03369022848435,96.80216130325852,1.653203689607056,0.7252644886241851,0.24619432430526905
chr7,110221685,110222247,0,20947,Swap70,Both,44.02988392079803,26.648763789514813,1.652229884604327,0.7244144314941091,0.2459175535236946
chr2,85048092,85048627,37,228140,Tnks1bp1,Both,78.75682935731108,47.71630918198665,1.6505222366830188,0.7229225754197108,0.24543172197533086
chr12,53248351,53248788,0,27386,Npas3,Both,47.36982009446885,28.72807066031999,1.648903633472935,0.7215070861172824,0.2449706456939575
chr7,66079461,66080003,0,109815,Selenos,Both,26.350452988120704,15.984530015068428,1.648497200936183,0.7211514373880901,0.24485478055515938
chr7,97331855,97332573,0,244144,Usp35,Both,56.23284325720376,34.12379717066988,1.6479069716642516,0.7206348011941547,0.24468645560347302
chr14,8213945,8214584,0,71393,Kctd6,Both,39.81186645236491,24.180501101084133,1.6464450544649774,0.719354366792912,0.2442692144219359
chr3,126596603,126597611,0,108058,Camk2d,Both,62.85950880533204,38.29592321780293,1.641415156590612,0.7149401801092601,0.2428301189194787
chr8,92355697,92360826,0,54352,Irx5,Both,245.5780381211507,149.68280979457776,1.6406562547708583,0.7142730015051609,0.24261251482974672
chr9,21852370,21852764,0,319899,Dock6,Both,24.143641638060483,14.716183392937204,1.6406184262182977,0.7142397369537341,0.24260166476825848
chr2,69205858,69206295,0,66442,Spc25,Both,36.54931548341043,22.27842466597028,1.640570014774814,0.7141971652144407,0.24258777884722776
chr11,68691299,68692234,0,77579,Myh10,Both,228.94817524101617,139.65921625011717,1.639334527203636,0.7131102848778277,0.24223322985927373
chr3,36000423,36000679,0,654424,Mccc1os,Both,89.06611839999375,54.345895669409344,1.6388747908727173,0.7127056375446487,0.24210121415477673
chr12,105032097,105033104,0,69434,Snhg10,Both,165.60867756953346,101.07630823608856,1.6384519820679806,0.7123333925953453,0.24197976177211725
chr1,52232207,52233503,0,14660,Gls,Both,48.79330944572945,29.83827102180066,1.6352592752468704,0.7095193974710885,0.24106139430525655
chr7,80198189,80198815,0,20352,Sema4b,Both,39.85647429391688,24.3825041102762,1.6346341669278772,0.7089677949808151,0.24088132420596906
chr8,34108162,34108590,0,22428,Dctn6,Both,51.7855556265248,31.68125159377417,1.6345804859774358,0.7089204164821714,0.24086585676732702
chr10,82629705,82630318,0,21665,Tdg,Both,26.7495878520776,16.3744544217129,1.633617045378137,0.7080698246793642,0.2405881471985847
chr9,22388813,22389477,0,68743,Anln,Both,35.069014065123845,21.48033706545293,1.6326100450968124,0.7071802390395241,0.24029766439394898
chr14,54253700,54254197,0,105501,Abhd4,Both,101.75496606830438,62.520098985409696,1.6275560614843383,0.7027072381574033,0.23883641178328438
chr11,60416740,60417985,0,246782,Atpaf2,Both,42.98532199933322,26.41205164981649,1.6274889421409973,0.7026477411343565,0.23881696781935488
chr14,55540273,55540569,0,74551,Pck2,Both,21.81120750927616,13.4084745040296,1.6266733029712903,0.7019245328114156,0.2385806039382202
chr2,129129397,129129848,0,66170,Chchd5,Both,57.11886476559183,35.12325398492218,1.626240689148904,0.7015407969847887,0.23845517729445131
chr18,34624016,34624637,0,19348,Kif20a,Both,35.86860282037954,22.072809033410163,1.6250130541195549,0.7004513077028763,0.23809902702719618
chr19,32711913,32712444,0,67979,Atad1,Both,22.816330318824296,14.068655360646998,1.621784721704563,0.6975823266194088,0.23716086090405894
chr5,110285938,110286525,0,18973,Pole,Both,29.05546227204864,17.917957440938007,1.6215833957538175,0.6974032214789517,0.23710227824931956
chr2,114654665,114654980,0,66632,Dph6,Both,49.21848040214908,30.38012720294968,1.6200880290379542,0.6960722054593695,0.23666686850427637
chr7,44304487,44304941,1961,20256,Clec11a,Both,203.05386589285663,125.39607088418518,1.6193000662707813,0.695370350685826,0.2364372353689539
chr1,54557255,54557805,0,241062,Pgap1,Both,43.32611984952185,26.78580678157896,1.6175028888552254,0.693768288869026,0.23591297319457497
chr13,31806191,31806991,0,17300,Foxc1,Both,100.37306205634242,62.0549641503359,1.6174864240220357,0.6937536033594958,0.23590816684092078
chr13,31807182,31808773,549,17300,Foxc1,Both,100.37306205634242,62.0549641503359,1.6174864240220357,0.6937536033594958,0.23590816684092078
chr2,113327376,113327814,0,14260,Fmn1,Both,41.70688786671908,25.84122892815309,1.6139668892171348,0.6906109818051431,0.2348793673515175
chr13,112927306,112927962,0,218629,Dhx29,Both,84.18169492325347,52.23607074083205,1.6115625415418178,0.6884601776133534,0.2341749553433105
chr8,84236754,84237429,0,212168,Zswim4,Both,99.33108351525216,61.79514080174378,1.6074254743416518,0.6847518509030683,0.2329598603369558
chr3,8923456,8923964,0,66230,Mrps28,Both,132.41547718700755,82.42861175011411,1.6064261471299648,0.683854656739306,0.23266577025315818
chr5,100038372,100040322,0,50926,Hnrnpdl,Both,18.68365868922712,11.635727538663966,1.6057146944309086,0.683215575610447,0.23245626074315764
chr9,86571567,86572410,0,109785,Pgm3,Both,30.531764442323222,19.04750862851164,1.6029269253943874,0.6807086570744004,0.2316342112842963
chr8,122611817,122612047,171,59005,Trappc2l,Both,47.96644464279291,29.92930226493617,1.6026582984859037,0.6804668624050596,0.23155490631885878
chr9,57560883,57561201,0,24044,Scamp2,Both,92.89980451158642,57.982726968669446,1.6021979194214886,0.6800523747946525,0.2314189535419224
chr12,21416752,21417938,0,22630,Ywhaq,Both,79.39358034388978,49.65687456271278,1.598843685653672,0.6770288975700699,0.2304269737189093
chr3,16182947,16183830,0,229096,Ythdf3,Both,36.00746862904165,22.52811843854941,1.59833448706603,0.6765693559094279,0.23027615961086423
chr3,131564555,131565228,0,23971,Papss1,Both,119.98511382338414,75.29467640597238,1.5935404672762086,0.6722356562023089,0.2288533665717417
chr13,108158157,108159000,0,71991,Ercc8,Both,52.49831015871262,32.98144000225634,1.5917531240334286,0.6706165957110615,0.22832156293980263
chr14,70519795,70520605,0,12153,Bmp1,Both,29.421003014755257,18.492503153113933,1.5909692036365064,0.6699059097161637,0.228088084878455
chr5,92434543,92435309,0,269113,Nup54,Both,27.35459665041732,17.202347086689198,1.5901665344017917,0.669177863480899,0.22784887634188078
chr6,128424605,128424922,0,101142,Itfg2,Both,18.44854043855251,11.634334899691504,1.585697901737528,0.6651179430601918,0.22651443594549567
chr19,46056534,46057317,0,226169,Pprc1,Both,143.2303350431911,90.4155254056114,1.5841342999517858,0.6636946495975445,0.22604641715513168
chr5,103424667,103425789,0,19249,Ptpn13,Both,58.34463214140917,36.86592715613572,1.5826167044248247,0.6623118899770984,0.2255916270605009
chr11,86544200,86544986,0,72508,Rps6kb1,Both,61.60102882289058,38.95203920919315,1.5814583799338544,0.6612555881960329,0.22524414278906688
chr7,113513339,113514040,0,67420,Far1,Both,63.13388815359904,39.945731146443805,1.5804914903709195,0.660373267553247,0.2249538479537787
chr2,148672581,148672875,0,56488,Nxt1,Both,41.06415467747603,25.994177984263203,1.579744306680371,0.659691066417446,0.22472936762728593
chr9,110304950,110305498,0,72341,Elp6,Both,80.09941861758385,50.82602869663196,1.5759527287814978,0.6562242613327984,0.22358823682837559
chr11,35769295,35770092,0,211347,Pank3,Both,133.3191138809772,84.63998441948897,1.5751315976173492,0.655472366580045,0.22334066272554456
chr8,88521360,88521790,6,93960,Nkd1,Both,17.718914728335818,11.251116539351118,1.5748583410689403,0.6552220636419771,0.22325823984176565
chr10,25359584,25360596,0,13822,Epb41l2,Both,38.28595239268347,24.38885663666472,1.5698133357808464,0.6505930205476933,0.22173335621192364
chrX,18161828,18163568,0,22289,Kdm6a,Both,170.65109697179437,108.76803654814132,1.5689452746190125,0.6497950314566266,0.22147037550396625
chr3,41082420,41083669,0,70804,Pgrmc2,Both,116.84610374860776,74.47941642877834,1.5688375305725302,0.6496959539797857,0.2214377218499103
chr2,34372602,34373324,0,18516,Pbx3,Both,110.44941789515144,70.41466363068861,1.568557061842082,0.6494380132995807,0.22135270821444483
chr13,47105647,47106704,0,110052,Dek,Both,23.89452083373877,15.234485236012338,1.568449505419142,0.6493390838808976,0.2213201015709193
chr11,121672748,121673446,0,210004,B3gntl1,Both,190.54010990379552,121.6523099078983,1.5662679158994306,0.6473310120412672,0.22065814422223487
chr6,39573728,39574238,0,57869,Adck2,Both,55.32942036356181,35.338001748629324,1.5657201207113502,0.6468263476555244,0.22049175050102632
chr2,32395474,32396707,0,96979,Ptges2,Both,139.6546428332309,89.1989349737264,1.5656537028650204,0.646765147234917,0.22047157113735374
chr7,3665238,3665517,323,69757,Leng1,Both,89.64144535037768,57.36386793909795,1.562681328350246,0.644023605028101,0.2195674203130353
chr18,35703036,35703240,0,73449,Smim33,Both,42.953116548751154,27.53407898472669,1.5599983051031954,0.6415444616384575,0.21874948275820114
chr4,137468338,137469230,0,15530,Hspg2,Both,30.44724302514685,19.53880610598024,1.5582959808290369,0.6399692831549074,0.21822962824188796
chr10,19591980,19592356,0,15979,Ifngr1,Both,53.07100439851352,34.07090400671742,1.557663523927925,0.6393836257059275,0.21803631271696558
chr12,75818003,75819124,0,319565,Syne2,Both,51.09520814148646,32.83162600970782,1.5562801588437434,0.6381017951519437,0.21761314264370774
chr7,46795609,46796393,0,14884,Gtf2h1,Both,26.533485631215104,17.07654137367472,1.553797402565326,0.6357984050526557,0.21685252009772926
chr2,71055552,71056279,0,228019,Mettl8,Both,54.1737146696773,34.8895905627811,1.5527185557593723,0.6347963519357352,0.21652154112812172
chr9,74952675,74953335,0,235493,Atosa,Both,20.45963409575255,13.17826720352893,1.5525283999609436,0.6346196594976494,0.21646317430567974
chr8,25840324,25840821,0,23808,Ash2l,Both,31.667537737830497,20.409128594674925,1.5516359550055985,0.6337901119611238,0.21618912914416435
chr10,82858991,82859430,0,102641476,Gm38560,Both,47.64171877860005,30.705228716899057,1.5515832569708152,0.6337411130420914,0.2161729410411805
chr9,106891554,106892561,0,74840,Manf,Both,110.72425873675154,71.51227707313136,1.5483251725227605,0.6307084918445951,0.21517080254712387
chr6,146501592,146502753,0,16439,Itpr2,Both,35.956436060205306,23.224222678316163,1.5482299045374237,0.6306197205186383,0.21514146096521186
chr6,52012222,52012799,0,54353,Skap2,Both,111.67807714899628,72.21809399942101,1.5464002296971673,0.6289137569549443,0.21457751351292817
chr5,8056390,8056751,0,109552,Sri,Both,83.64606816113357,54.10448901472771,1.546009761562749,0.6285494285213045,0.2144570573946294
chr2,35109335,35109733,0,26920,Cntrl,Both,49.35856211460111,31.97907594128182,1.5434643016336846,0.626172115637435,0.21367089810720513
chr6,82773252,82774818,0,15277,Hk2,Both,19.57170378010736,12.695407964167522,1.5416364590525968,0.6244625962794816,0.2131054018852459
chr9,7836877,7837494,0,11797,Birc2,Both,25.94788827714448,16.84623610833498,1.540278084094185,0.6231908407420484,0.21268462200146784
chr13,38634762,38635300,0,17828,Bloc1s5,Both,72.01409347063473,46.76158986337615,1.5400266261484927,0.6229552944788221,0.2126066792328665
chr2,120567562,120568044,0,20619,Snap23,Both,38.78829867798987,25.204389327558,1.5389501476863592,0.6219464981699834,0.21227283575358183
chr10,77258906,77259845,0,100169878,Gm10941,Both,46.36858254044645,30.13252804445875,1.5388215177973903,0.6218259085205855,0.21223292540267139
chr3,142881150,142882528,0,109333,Pkn2,Both,51.75499872720005,33.70880838894189,1.5353553329455032,0.6185725824703867,0.2111559377846823
chr4,42999712,43000650,0,269523,Vcp,Both,137.65679004613,89.72141048791248,1.5342691259259182,0.617551567967188,0.21081783322073902
chr3,130709097,130709460,0,66357,Ostc,Both,48.54344112308951,31.64572978393793,1.5339649758283709,0.6172655429610754,0.21072310822047338
chr2,144555758,144556019,-210,27054,Sec23b,Both,76.4317209731464,49.84609698270131,1.5333541761488652,0.6166909710716918,0.2105328110732844
chr2,144556209,144556574,0,27054,Sec23b,Both,76.4317209731464,49.84609698270131,1.5333541761488652,0.6166909710716918,0.2105328110732844
chr2,129296978,129297296,0,70466,Ckap2l,Both,70.73972247514051,46.15177875440383,1.5327626450018568,0.6161343066569367,0.21034842963007544
chr1,134955511,134955991,0,329251,Ppp1r12b,Both,88.71778505851535,57.9007782849048,1.5322382131371937,0.6156406067900619,0.21018489112752264
chr8,57486939,57488010,0,60406,Sap30,Both,49.96528818004102,32.625537024244444,1.531477877066397,0.6149245266645079,0.20994766807217774
chr11,17211326,17211726,0,66249,Pno1,Both,117.17888681898562,76.6332386236241,1.5290869722275096,0.6126704674134693,0.20920078195710007
chr13,24831402,24832195,0,56196,Tdp2,Both,28.38610015192729,18.595720269476463,1.5264856504924436,0.6102140277623848,0.2083865587717962
chr8,3515318,3515566,0,50767,Pnpla6,Both,14.83584837342236,9.727509919439052,1.5251434844363423,0.608944976804731,0.20796579983397018
chr5,77309037,77310856,0,231329,Polr2b,Both,66.13597674782224,43.37234092296456,1.5248422229570024,0.6086599732110327,0.20787129515852534
chr6,34176681,34177168,0,58246,Slc35b4,Both,62.94568156138387,41.3370337203862,1.5227430682898984,0.6066725371147099,0.2072121710928938
chr5,25529347,25530391,0,73571,1700096K18Rik,Both,56.06174650806573,36.84479479931698,1.5215648998296225,0.6055558709313731,0.20684175127313345
chr8,22192742,22193244,0,70160,Vps36,Both,21.451279330458377,14.107286306311352,1.5205815537224512,0.604623194859814,0.2065323190807474
chr10,86704861,86705966,0,103220,Ttc41,Both,259.8416833000394,170.9779449237079,1.51973801893562,0.6038226451439554,0.20626668924699013
chr10,108161582,108162873,0,17931,Ppp1r12a,Both,44.00245469059109,28.95977985833866,1.519433328079013,0.6035333715630267,0.20617069810498398
chr19,56721877,56723997,0,11554,Adrb1,Both,42.687571003906896,28.094805692001728,1.5194115051687138,0.6035126506600554,0.20616382202872063
chr8,113635237,113635799,0,270096,Mon1b,Both,373.2516008530735,246.0859001015972,1.5167532991486945,0.6009864494359584,0.20532536872942167
chr7,127017108,127017475,0,67278,Pagr1a,Both,44.58263346353957,29.49475083116981,1.511544671753084,0.5960236165867239,0.20367731360956465
chr7,111122168,111122925,0,75479,Zbed5-ps,Both,92.52225138564695,61.25193987602105,1.5105195292250266,0.5950448365213088,0.2033521441606229
chr2,120403888,120404259,0,211499,Tmem87a,Both,47.01477172056843,31.18127491220157,1.507788628045194,0.5924341960836178,0.20248462026124273
chr7,24507003,24507796,0,232969,Zfp428,Both,45.97911169248386,30.51295341867318,1.5068718868867597,0.5915567653034229,0.2021929758509658
chr19,10018130,10018402,0,74760,Rab3il1,Both,32.625926320794854,21.65321597601036,1.506747374475052,0.5914375508815447,0.202153348053739
chr2,109917558,109918372,0,107515,Lgr4,Both,23.76458576254269,15.787980013182098,1.505232825396318,0.5899866564637612,0.20167100649273678
chr11,50325269,50325990,0,12330,Canx,Both,54.22512900926114,36.052618172886376,1.5040552325279255,0.5888575472223505,0.20129557286923955
chr3,97767843,97768145,0,83679,Pde4dip,Both,100.6121505699533,67.16388645543627,1.4980096578644269,0.583046925070495,0.1993625830454876
chr19,18631292,18632186,0,20409,Ostf1,Both,53.63726884476541,35.81508018759993,1.4976168855077967,0.5826686063941504,0.19923667572683995
chr7,3645002,3645963,0,232791,Cnot3,Both,284.61200525760626,190.07615485609423,1.4973577589102884,0.5824189611032848,0.19915358828176408
chr5,138619444,138619770,0,24135,Zfp68,Both,54.49033711656904,36.43117422581241,1.4957063085263185,0.5808269206608985,0.19862365488791284
chr8,69625174,69625563,0,234362,Zfp868,Both,79.67959313787503,53.29510550906156,1.4950639909011425,0.5802072351792407,0.19841735230299248
chr11,78245771,78246299,0,20926,Supt6,Both,22.897658923710377,15.326138004222946,1.4940266698238776,0.5792059018615723,0.1980839562789297
chr2,11778260,11778491,0,320816,Ankrd16,Both,134.91061068401328,90.39888757356476,1.4923923767781524,0.577626895921013,0.19755812983774823
chr19,24173876,24174518,0,21873,Tjp2,Both,49.80691073828168,33.38767777472551,1.4917752313994577,0.5770301783723044,0.19735938667439984
chr9,35210826,35211664,0,235169,Foxred1,Both,37.60787157779433,25.36116285570331,1.4828922392782526,0.5684137619816687,0.19448779598208568
chr4,120825099,120825889,0,18046,Nfyc,Both,26.885564375980675,18.14105684835238,1.482028560999879,0.5675732508933049,0.1942074996935953
chr19,50678007,50678959,0,58178,Sorcs1,Both,21.98743658878023,14.870463849800249,1.47859789787765,0.5642297673722423,0.19309219066451197
chr3,106721605,106722498,0,321000,Lrif1,Both,58.02803576550914,39.247067190882056,1.4785317711329602,0.5641652448539031,0.19307066252139216
chr12,56696494,56697281,765,18511,Pax9,Both,85.01575163899942,57.573895648187,1.4766371231590711,0.5623153339293809,0.19245335487465254
chr4,129741279,129742829,0,20218,Khdrbs1,Both,37.04227244685428,25.089105858931458,1.4764285604728962,0.5621115508877593,0.1923853439898617
chr11,30025815,30026104,0,237711,Eml6,Both,63.04826311312752,42.78337438194003,1.4736627024852398,0.5594063526982299,0.19148233185121005
chr11,121421613,121421846,212,238024,Fn3krp,Both,84.93140779698608,57.69492084683432,1.4720777245272227,0.5578538465509495,0.19096394900670285
chr7,65644735,65645333,0,272396,Tars3,Both,100.10139339275806,68.03801986019216,1.4712567120332318,0.5570489970105126,0.1906951672558147
chr7,118115744,118116210,0,267019,Rps15a,Both,18.915911828321583,12.882891593670804,1.468297058217483,0.5541438762613935,0.18972475645037254
chr11,78536006,78536748,0,21927,Tnfaip1,Both,82.55826735927671,56.24097465114911,1.4679380624423424,0.5537910970010189,0.18960689069289582
chr10,77581577,77582125,0,108705,Pttg1ip,Both,36.88548722801681,25.140740949078097,1.4671599099934003,0.5530261230778382,0.18935128935142664
chr10,3366238,3367166,0,76142,Ppp1r14c,Both,70.36256839298659,47.97200348630656,1.4667423346842567,0.5526154523863658,0.1892140610397396
chr18,82909533,82911550,0,329003,Zfp516,Both,18.474681649546763,12.619333992450931,1.463998152406346,0.5499137329143842,0.18831107967885632
chr1,34439241,34440138,0,27993,Imp4,Both,355.019996490657,242.5268618016526,1.4638378357487074,0.5497557404256561,0.1882582648170743
chr13,43303259,43304447,0,328232,Gfod1,Both,88.03433572619012,60.21363511868031,1.4620332347096396,0.5479761067799606,0.1876632809809042
chr11,72795423,72796848,0,192986,Cyb5d2,Both,29.535820494169787,20.24830236860752,1.4586813233272045,0.5446647335143693,0.18655582526103676
chr9,99139555,99140498,0,74769,Pik3cb,Both,33.774049864923505,23.15843250950086,1.4583910137729543,0.5443775770045391,0.18645976624745722
chr10,44529428,44529809,-927,12142,Prdm1,Both,36.6480771909688,25.130865126140915,1.4582895179699873,0.5442771700589878,0.18642617747824708
chr5,35105423,35105823,0,16976,Lrpap1,Both,66.40583756874307,45.538845208253925,1.4582240121606551,0.5442123632920638,0.1864044976754984
chr10,30618238,30618608,0,66847,Hint3,Both,53.07175552211637,36.39854352752113,1.458073603466813,0.5440635486609766,0.1863547140414168
chr3,30602350,30603016,0,80732,Mynn,Both,116.05745722098791,79.68937736144618,1.4563729955447824,0.5423798953081265,0.185791407238446
chr8,106210478,106211520,0,214572,Prmt7,Both,52.07225352010028,35.7780160961333,1.455425962696908,0.5414414516442907,0.18547737525618271
chr6,11907682,11907955,0,75725,Phf14,Both,37.191573652746726,25.56450077495452,1.4548132185387024,0.5408339393977788,0.1852740628508765
chr18,80256045,80256924,0,66943,Slc66a2,Both,44.26448662096675,30.447213621184144,1.4538107549575248,0.5398394833885598,0.1849412201167812
chr13,54589869,54590073,0,28126,Nop16,Both,158.86489524315357,109.32143533439866,1.453190719251065,0.5392240571767846,0.18473521675046106
chr7,19508244,19508962,0,232946,Bloc1s3,Both,39.85125609902857,27.43771225048438,1.4524263442672791,0.5384650032479157,0.1844811141116869
chr8,69395332,69395559,0,378466,Gm10033,Both,51.32131641688982,35.42916308875517,1.44856135292619,0.5346207903645215,0.18319383845135434
chr6,134034939,134036272,0,14011,Etv6,Both,47.07377867437831,32.49901012210238,1.4484680763357685,0.5345278885298907,0.1831627214870284
chr2,152847975,152848240,0,72119,Tpx2,Both,28.69548694427213,19.830074933905,1.4470690120897756,0.5331337270012937,0.18269571061585327
chr18,84685270,84685855,0,66054,Cndp2,Both,58.673016337880746,40.57815691551556,1.4459261040376723,0.5319938233384423,0.18231380878659786
chr14,75786602,75787121,0,67554,Slc25a30,Both,47.73236057325269,33.05544443010843,1.4440090398474823,0.5300797738748837,0.18167242125879815
chr15,78406315,78406690,0,246221,Mpst,Both,81.61506234467383,56.62853833696277,1.441235545565932,0.5273061388779703,0.180742717091498
chr18,56432125,56432394,0,107022,Gramd2b,Both,88.34666121298243,61.36494198364593,1.4396927359032992,0.5257609396611691,0.18022463625547597
chr11,75348086,75348599,0,319822,Smyd4,Both,35.49852069896604,24.66580119148317,1.4391797137821452,0.525246756076571,0.18005221644827535
chr9,109931457,109932587,0,17758,Map4,Both,66.9794584137616,46.5739877733125,1.438130201342598,0.5241942963112352,0.1796992634361094
chr3,58525245,58526146,0,229317,Eif2a,Both,67.31162517039505,46.81616335535903,1.4377860197441812,0.5238489809060568,0.1795834483414266
chr11,57644953,57645735,0,171212,Galnt10,Both,43.88218384276215,30.526276984088668,1.437521642931925,0.5235836770417128,0.17949446488018084
chr13,14039386,14039784,0,70430,Tbce,Both,17.46427815952917,12.153540667810525,1.4369703970946093,0.5230303412630909,0.1793088654731183
chr1,20951662,20951890,0,71877,Efhc1,Both,83.72797550321398,58.267780232943856,1.4369515222389622,0.5230113910887966,0.17930250899595682
chr3,116807932,116808331,0,77559,Agl,Both,88.72733270373197,61.77262090508626,1.4363537017485737,0.5224110562116869,0.17910113028145389
chr14,18270482,18271462,0,66480,Rpl15,Both,51.19359275650343,35.65807470024679,1.4356802263401258,0.5217344488497508,0.17887414843235913
chr12,99392016,99393399,0,71375,Foxn3,Both,48.74204427988558,33.95060291918133,1.435675366234731,0.5217295649893405,0.17887250997173493
chr3,19188029,19188573,0,67472,Mtfr1,Both,54.00713131898514,37.65445059251788,1.434282813031313,0.5203295238508144,0.17840277666444118
chr13,64152403,64153554,0,238673,Zfp367,Both,72.51508958525206,50.63892547711897,1.4320029286169935,0.5180344430888263,0.17763256924310558
chr9,45954680,45955380,0,214597,Sidt2,Both,21.18004957391813,14.806928689548736,1.4304147752712395,0.5164335438293755,0.17709519364784335
chr4,126752960,126754112,0,100317,AU040320,Both,74.29320372516625,51.98038989239448,1.429254453053583,0.5152627852083905,0.17670213695152773
chr3,116007224,116007852,0,58193,Extl2,Both,39.58825387514185,27.74914191117118,1.426647858224564,0.5126292760279185,0.17581778780903023
chr2,103073378,103073940,0,27402,Pdhx,Both,117.21060000131972,82.34984088364077,1.4233251545311028,0.5092652790417149,0.1746877234941315
chr5,74092912,74093520,0,70036,Dancr,Both,30.7201666745331,21.59218373060615,1.4227447792132466,0.5086768854856718,0.17449001761982014
chr11,3331816,3332496,0,216505,Pik3ip1,Both,33.71728825155625,23.70056155534267,1.422636681954718,0.508567268282484,0.17445318363367274
chr8,91799685,91801599,316,16373,Irx3,Both,112.38438169464246,79.09792900126956,1.420825843529211,0.5067297283493232,0.17383565391705674
chr2,91710199,91711006,0,241547,Harbi1,Both,55.51197981543722,39.07290977404296,1.4207280731448142,0.5066304496779295,0.17380228610239482
chr2,172370596,172371333,0,67337,Cstf1,Both,23.269947240730744,16.41164998731332,1.417892001030919,0.5037476485782267,0.17283319554915688
chr19,10101222,10102220,0,56473,Fads2,Both,140.1424279937384,98.88587229944297,1.4172138520390831,0.5030574717334326,0.1726011340234274
chr8,40307612,40308449,0,102466237,Mir7666,Both,34.525390007584726,24.36318929340099,1.417112907173293,0.5029547082416321,0.17256657971393166
chr15,8168930,8169448,0,73692,Cplane1,Both,18.5850302548449,13.1225347651948,1.4162683191465724,0.5020946171373962,0.1722773567190578
chr7,143829997,143830360,0,13360,Dhcr7,Both,67.50934998172833,47.68431989627925,1.415755747981131,0.5015723871922887,0.17210173186117078
chr13,5861051,5861902,0,23849,Klf6,Both,155.501595148623,109.8495852114935,1.4155865481807297,0.5013999575192112,0.17204374171305253
chr13,89739366,89739817,580,13003,Vcan,Both,42.96597581076205,30.37518786983018,1.4145089734058085,0.5003013289766517,0.17167423189201025
chr9,31030138,31031319,0,235132,Zbtb44,Both,35.88973064170011,25.373657549693657,1.4144484519589262,0.5002396002348085,0.17165346877572377
chr6,70844459,70845096,0,13666,Eif2ak3,Both,249.8999378970244,176.9391227759795,1.4123498182672674,0.49809746720201087,0.17093284528835387
chr6,30401585,30402419,0,76788,Klhdc10,Both,52.083194705031495,36.88146240840869,1.4121781324255982,0.4979220819220661,0.1708738367556326
chr10,76442295,76443091,0,18541,Pcnt,Both,119.86799526335705,84.93766778699869,1.411246604556584,0.4969701098944526,0.17055352355061593
chr11,45955163,45955536,0,66628,Thg1l,Both,28.62532697934795,20.29280986632196,1.4106142603176248,0.4963235295301923,0.17033594593583873
chr8,94601104,94602522,0,102122,Psme3ip1,Both,131.12223896801694,92.95530967980812,1.410594396594211,0.49630321391461885,0.17032910935755755
chr4,83417522,83418164,0,77634,Snapc3,Both,36.36510462410055,25.805042325069675,1.4092247618122191,0.494901730094418,0.1698574447260788
chr9,110656521,110656867,0,72654,Ccdc12,Both,63.19897720561124,44.93397418992601,1.406485367585851,0.4920945436080779,0.16891246174234217
chr12,85280202,85280474,0,66204,Acyp1,Both,29.40616171060136,20.923557585028504,1.4054092661394464,0.49099031567763424,0.1685406603551115
chr11,58953894,58955059,0,319162,H2ac25,Both,56.20171423598989,40.009712677165005,1.4047017705294906,0.4902638672090996,0.168296033832245
chr7,16452924,16453199,0,69094,Tmem160,Both,49.400203664312095,35.20834398836761,1.403082283013177,0.48859961752101255,0.16773553109790323
chr1,63176547,63177427,0,227197,Ndufs1,Both,19.97205345872186,14.244710241780012,1.402068074374966,0.48755639797830513,0.1673841298105537
chr12,72536070,72536529,0,67708,Pcnx4,Both,44.29659634517274,31.59439053675038,1.4020399062183917,0.48752741331716976,0.16737436592022978
chr5,124327601,124328227,0,269702,Mphosph9,Both,129.1802543411897,92.17472404642308,1.4014715604261436,0.4869424685598719,0.16717731204566164
chr6,92091214,92092551,0,22026,Nr2c2,Both,61.27644754917515,43.75960769083997,1.4002970040794471,0.48573285636180585,0.16676978032265125
chr1,180568728,180569491,0,11545,Parp1,Both,36.158690635703735,25.841996481737795,1.3992220245543572,0.48462490339541037,0.16639644871070683
chr1,9747560,9748645,0,70675,Vcpip1,Both,56.36277204097163,40.31228528547165,1.398153730105807,0.483522996956499,0.1660251071928739
chr5,67847119,67847628,0,11980,Atp8a1,Both,125.20162781152676,89.64474487248577,1.3966421343450584,0.4819624021751434,0.16549910754758998
chr15,78913720,78914620,0,57028,Pdxp,Both,22.16539816205773,15.884619697334466,1.395399989700554,0.4806787281062679,0.16506637363306592
chr4,151994656,151997010,0,230936,Phf13,Both,68.1942599547112,48.93544309247369,1.3935555835438942,0.4787705471161916,0.16442299742260277
chr11,69991472,69991848,0,56486,Gabarap,Both,45.55210138281777,32.69444045718327,1.39326750193119,0.4784722763593099,0.16432241762103575
chr5,72913953,72915179,0,75991,Slain2,Both,50.08174990801435,35.9705109967123,1.3923002070388106,0.4774703178745735,0.1639845224627556
chr4,62360201,62360786,0,20529,Slc31a1,Both,88.92122561459443,63.88227944087327,1.3919544886762558,0.47711204162166243,0.16386368993716488
chr5,20701875,20702802,206,50791,Magi2,Both,64.9585944146949,46.69586581473712,1.3910994748960004,0.4762255879663466,0.16356470276629168
chr7,97579332,97580635,0,233532,Rsf1,Both,114.677613058489,82.48379164576316,1.3903048195333476,0.47540122353690756,0.16328663036773097
chr4,119173964,119174255,0,195522,Zfp691,Both,100.38004345257704,72.20204107015515,1.3902660086166083,0.4753609495639888,0.1632730445940948
chr19,10577078,10577461,0,225912,Cyb561a3,Both,42.2333396082474,30.38200991020578,1.390077211253248,0.475165019062801,0.16320694972390007
chr9,35569662,35570530,0,330921,Pate2,Both,51.03534144524162,36.74093397233493,1.389059447527111,0.4741083436082159,0.16285046733760522
chr2,75703586,75704951,0,18024,Nfe2l2,Both,32.34192865976583,23.285299541043724,1.388941920320092,0.4739862731723986,0.16280928264173875
chr2,128818186,128818534,0,72477,Tmem87b,Both,136.13848937227468,98.07191672176651,1.388149573526786,0.47316302710872526,0.16253151721714493
chr11,54955743,54956304,0,57783,Tnip1,Both,35.637129353248945,25.69822439048961,1.3867545403813004,0.47171244900742404,0.16204202562007644
chr7,30090351,30090665,0,330502,Zfp82,Both,160.5019823570938,115.84988831105106,1.3854306179920877,0.4703344628329581,0.16157695599485514
chr2,5950870,5951101,-368,326622,Upf2,Both,149.66486258013904,108.5680685140952,1.3785348180962465,0.4631357064198636,0.159146216913159
chr2,5951291,5951958,0,326622,Upf2,Both,149.66486258013904,108.5680685140952,1.3785348180962465,0.4631357064198636,0.159146216913159
chr8,105860461,105861139,0,68051,Nutf2,Both,59.37016745031269,43.161429894026845,1.3755375481322734,0.4599955215260762,0.15808529249623246
chr3,40893822,40894519,0,100039027,Gm2011,Both,27.307682170862908,19.85836599564029,1.3751223125234997,0.4595599472359232,0.15793810303813066
chr15,37006933,37007797,0,68036,Zfp706,Both,28.664305517420072,20.84920030103628,1.3748395671557416,0.45926327742071543,0.15783784822343727
chr2,34870778,34871358,0,66998,Psmd5,Both,62.34259113010063,45.35360170337526,1.3745896420275048,0.45900099334888733,0.15774921081002757
chr1,175692085,175693081,0,13603,Opn3,Both,118.83881886021555,86.50594388750399,1.3737647786926483,0.45813500148890846,0.15745653573076404
chr3,75556341,75556896,0,56426,Pdcd10,Both,140.5906959979286,102.35538778046585,1.3735544268511857,0.45791407808219203,0.15738186688507996
chr12,33147313,33147894,0,320046,F730043M19Rik,Both,55.81386922809113,40.6546231457332,1.3728787751399667,0.457204241489697,0.1571419404339238
chr1,65178904,65179373,0,15926,Idh1,Both,124.63048573396216,90.93230020272992,1.3705854295569724,0.4547922551662546,0.15632654488483438
chr13,94976247,94976587,0,218460,Wdr41,Both,34.25561184388296,25.00351903981965,1.3700316259214862,0.4542091968598634,0.15612940429755462
chr12,112828852,112829747,0,71963,Cdca4,Both,53.18422496289369,38.82094992189627,1.3699877275000956,0.4541629694237181,0.1561137735891844
chr5,118244853,118245425,0,269695,Rnft2,Both,44.15434750187736,32.277231778898845,1.367971943949145,0.45203864196321003,0.1553953985347756
chr19,6140554,6141406,0,56327,Arl2,Both,54.17924337646304,39.66866140821514,1.3657945958630922,0.4497405306179183,0.15461807060627034
chrX,20617032,20618390,0,104130,Ndufb11,Both,70.49671402058696,51.70321872228956,1.3634879174397594,0.44730191585495505,0.15379300852678204
chr14,103070166,103070558,0,211286,Cln5,Both,95.290393435052,69.89230700703835,1.363388869471085,0.44719711022973174,0.15375754458571578
chr7,81571238,81571983,0,434204,Whamm,Both,58.46767842923355,42.90348205090768,1.3627723353516616,0.44654456574320495,0.15353672883497202
chr2,65238066,65239233,0,319876,Cobll1,Both,20.57555751418857,15.11672494993546,1.3611121180237136,0.44478590993865325,0.1529415377046855
chr5,4756413,4758245,0,14362,Fzd1,Both,59.4989077616305,43.75141575174101,1.3599310271293985,0.4435334828419976,0.15251760453661048
chr13,90089535,90090032,0,108138,Xrcc4,Both,77.25884580030716,56.82775449034906,1.3595266343565957,0.44310441534044626,0.15237235686243164
chr10,93453370,93453888,0,16993,Lta4h,Both,88.08969003322638,64.82191856101458,1.3589491330823642,0.4424914554995285,0.15216484664649663
chr10,94035339,94036559,0,13998,Fgd6,Both,89.93868509059003,66.21723124967271,1.3582368726876446,0.44173510347899153,0.1519087742357992
chr1,139422096,139422751,0,226470,Zbtb41,Both,17.95783356298655,13.266149422396802,1.3536583217334288,0.43686363274824214,0.15025898978954835
chr7,30563166,30563502,0,101883,Igflr1,Both,41.27712060545341,30.498726295705328,1.3534047358320611,0.43659334194552873,0.15016742783391773
chr9,53383947,53384579,0,68304,Poglut3,Both,32.41253018144651,23.950481690620126,1.3533143341388592,0.4364969728202908,0.1501347818323413
chr7,80294256,80294862,0,233406,Prc1,Both,22.0599457040768,16.337903343578386,1.350231130651624,0.43320638690827507,0.1490198670607003
chr11,100619084,100619840,0,56354,Dnajc7,Both,41.44498179303866,30.700032075635686,1.3499979964493405,0.43295726615407243,0.14893544461661642
chr13,55362135,55362965,0,66890,Lman2,Both,52.61811414534631,39.07716222935412,1.3465183023402976,0.4292338395804926,0.14767338571137414
chr12,76255069,76255449,0,108156,Mthfd1,Both,121.67415855675009,90.43357155743156,1.3454534246662877,0.4280924503124197,0.14728641423158464
chr11,108920190,108922170,0,12006,Axin2,Both,48.9938247257172,36.42130506691314,1.34519684661782,0.42781730204569923,0.14719312245181201
chr4,41275025,41275765,0,68926,Ubap2,Both,37.23540025600013,27.683114065018657,1.3450582246110845,0.42766862522765986,0.1471427109952933
chr5,108677592,108677836,-2023,231583,Slc26a1,Both,30.02952396846604,22.33586089300863,1.344453393236596,0.42701974367350115,0.14692268749308204
chr8,26976644,26979925,0,353310,Zfp703,Both,116.86043040009169,87.01700529074041,1.3429608386273313,0.42541723570959317,0.14637924500191887
chr3,79628595,79629374,0,66841,Etfdh,Both,490.0935676139204,365.0678177381053,1.3424726689151956,0.4248927170212026,0.14620135101674225
