chr,start,end,neu_signal,nsc_signal,fold_change,pvalue,binding_type,binding_type_by_peaks,significant,neu_replicates_with_signal,nsc_replicates_with_signal,neu_replicate_signals,nsc_replicate_signals,region_length,cpg_length,cpg_score,cpg_name,neu_replicates_with_peaks,nsc_replicates_with_peaks,neu_peak_scores_by_rep,nsc_peak_scores_by_rep,region_start,region_end
chr1,74884301,74885613,11.20678415280262,0.0,inf,1.0,neu_only,both,False,3,0,"15.190762986663644,13.562388358225348,4.867201113518868","0.0,0.0,0.0",1048,1312,CpG:,1156,1,1,2.94517,4.99421,74883998,74885046
chr10,19872458,19872687,2.379504021957251,0.0,inf,1.0,neu_only,nsc_only,False,3,0,"5.184428497597024,1.8150697362766344,0.1390138319980951","0.0,0.0,0.0",243,229,CpG:,736,0,1,,3.27321,19872228,19872471
chr10,22819309,22819799,1.1608788684756477,0.0,inf,1.0,neu_only,nsc_only,False,1,0,"3.482636605426942,0.0,0.0","0.0,0.0,0.0",273,490,CpG:,759,0,1,,3.90155,22819071,22819344
chr10,29196623,29197487,12.414689924623874,0.0,inf,1.0,neu_only,neu_only,False,3,0,"14.261489219493694,21.30877887450897,1.673801679868956","0.0,0.0,0.0",222,864,CpG:,807,1,0,8.75318,,29197103,29197325
chr10,53299125,53299341,6.153483574959769,0.0,inf,1.0,neu_only,neu_only,False,3,0,"13.556629663972712,0.3766689416187913,4.527152119287804","0.0,0.0,0.0",1072,216,CpG:,991,1,0,4.66575,,53298968,53300040
chr10,80304774,80305091,4.414243759752131,0.0,inf,1.0,neu_only,nsc_only,False,2,0,"11.53122329711914,1.7115079821372519,0.0","0.0,0.0,0.0",196,317,CpG:,1197,0,1,,3.97605,80304832,80305028
chr10,81499183,81499537,10.807056198990535,0.0,inf,1.0,neu_only,neu_only,False,2,0,"26.80787329446702,0.0,5.613295302504585","0.0,0.0,0.0",336,354,CpG:,1206,1,0,5.28944,,81499156,81499492
chr10,81997095,81997374,37.43624422556994,0.0,inf,1.0,neu_only,neu_only,False,3,0,"46.47837924142169,8.495246284028404,57.33510715125973","0.0,0.0,0.0",234,279,CpG:,1210,1,0,7.74348,,81997282,81997516
chr10,85829330,85829651,10.364149038981155,0.0,inf,1.0,neu_only,neu_only,False,2,0,"24.9264564813836,0.0,6.165990635559872","0.0,0.0,0.0",541,321,CpG:,1239,2,0,2.77248;3.83416,,85829444,85829985
chr10,130470357,130470638,21.03298907967472,0.0,inf,1.0,neu_only,neu_only,False,3,0,"3.805617108231499,43.32475361369905,15.968596517093598","0.0,0.0,0.0",504,281,CpG:,1580,1,0,4.332,,130469907,130470411
chr11,6447281,6447509,16.53497026484018,0.0,inf,1.0,neu_only,nsc_only,False,3,0,"39.243564911336705,1.0944217835496737,9.266924099634158","0.0,0.0,0.0",298,228,CpG:,634,0,1,,7.41828,6447473,6447771
chr11,35120996,35122006,20.292803617376062,0.0,inf,1.0,neu_only,neu_only,False,3,0,"13.956898025844408,1.7015861967335577,45.219926629550216","0.0,0.0,0.0",345,1010,CpG:,852,1,0,6.00567,,35120961,35121306
chr11,48753673,48753878,2.582622670428657,0.0,inf,1.0,neu_only,nsc_only,False,2,0,"6.510492144050179,0.0,1.2373758672357915","0.0,0.0,0.0",728,205,CpG:,956,0,1,,6.76724,48753715,48754443
chr11,57831407,57831734,30.54803905959278,0.0,inf,1.0,neu_only,nsc_only,False,3,0,"12.095687169176642,46.7014130581054,32.8470169514963","0.0,0.0,0.0",929,327,CpG:,1026,0,1,,3.00927,57830507,57831436
chr11,59249720,59250030,19.92834274319635,0.0,inf,1.0,neu_only,nsc_only,False,3,0,"11.805341000613488,0.9698795782247551,47.00980765075081","0.0,0.0,0.0",253,310,CpG:,1037,0,1,,4.20167,59249736,59249989
chr11,69346555,69346800,7.745367562465179,0.0,inf,1.0,neu_only,neu_only,False,2,0,"19.998821926116943,0.0,3.2372807612785928","0.0,0.0,0.0",260,245,CpG:,1114,1,0,4.98402,,69346631,69346891
chr11,74589731,74590417,19.63417079095424,0.0,inf,1.0,neu_only,neu_only,False,3,0,"18.24205076959019,14.2874726976082,26.372988905664332","0.0,0.0,0.0",1397,686,CpG:,1154,1,0,3.74996,,74589727,74591124
chr11,76601278,76601611,2.9841987798308622,0.0,inf,1.0,neu_only,nsc_only,False,2,0,"3.1042127397912362,0.0,5.84838359970135","0.0,0.0,0.0",722,333,CpG:,1169,0,1,,4.15678,76600916,76601638
chr11,82931232,82932122,1.7490216686126383,0.0,inf,1.0,neu_only,neu_only,False,3,0,"0.3658666865710906,2.273911654375454,2.6072866648913706","0.0,0.0,0.0",1870,890,CpG:,1217,1,0,5.22778,,82930749,82932619
chr11,96365874,96366265,7.976248623449591,0.0,inf,1.0,neu_only,nsc_only,False,3,0,"1.0900141830685772,6.251458693154251,16.587272994125946","0.0,0.0,0.0",316,391,CpG:,1320,0,1,,2.06063,96365972,96366288
chr12,9574445,9574788,13.896244633019268,0.0,inf,1.0,neu_only,neu_only,False,2,0,"26.559718393843106,0.0,15.129015505214698","0.0,0.0,0.0",601,343,CpG:,658,1,0,4.36973,,9574419,9575020
chr12,18135572,18136430,1.345518789309757,0.0,inf,1.0,neu_only,nsc_only,False,1,0,"4.036556367929271,0.0,0.0","0.0,0.0,0.0",692,858,CpG:,723,0,1,,4.12369,18135726,18136418
chr12,20311963,20312822,3.276706730439138,0.0,inf,1.0,neu_only,nsc_only,False,2,0,"5.470618806763959,0.0,4.359501384553456","0.0,0.0,0.0",966,859,CpG:,739,0,1,,3.87295,20312088,20313054
chr12,56521093,56521319,5.906974594213683,0.0,inf,1.0,neu_only,nsc_only,False,2,0,"17.09808611288303,0.0,0.6228376697580158","0.0,0.0,0.0",574,226,CpG:,1016,0,1,,2.66757,56520953,56521527
chr12,73034963,73035250,23.00266021217396,0.0,inf,1.0,neu_only,neu_only,False,2,0,"2.7755362847272087,66.23244435179467,0.0","0.0,0.0,0.0",204,287,CpG:,1142,1,0,7.44091,,73035250,73035454
chr12,89260160,89260526,8.340816441483385,0.0,inf,1.0,neu_only,neu_only,False,1,0,"25.022449324450154,0.0,0.0","0.0,0.0,0.0",508,366,CpG:,1266,1,0,5.37429,,89260376,89260884
chr12,91647402,91648082,44.17799009865956,0.0,inf,1.0,neu_only,nsc_only,False,3,0,"38.78733281722712,85.6218745282654,8.124762950486138","0.0,0.0,0.0",1327,680,CpG:,1284,0,1,,5.02944,91646801,91648128
chr13,62812921,62813140,7.688781624078963,0.0,inf,1.0,neu_only,nsc_only,False,2,0,"11.157197375719413,0.0,11.909147496517479","0.0,0.0,0.0",746,219,CpG:,1064,0,1,,5.02804,62812892,62813638
chr13,119836757,119837075,25.19954143688631,0.0,inf,1.0,neu_only,neu_only,False,3,0,"46.20917945404534,1.5677325131389246,27.82171234347467","0.0,0.0,0.0",317,318,CpG:,1499,1,0,5.87321,,119836586,119836903
chr14,15438703,15439065,24.91353447651012,0.0,inf,1.0,neu_only,nsc_only,False,3,0,"28.29198032508631,18.16607542511066,28.2825476793334","0.0,0.0,0.0",383,362,CpG:,702,0,1,,3.60143,15439005,15439388
chr14,32462885,32464963,30.136790922760785,0.0,inf,1.0,neu_only,neu_only,False,3,0,"15.742136741432908,37.59319490167592,37.07504112517353","0.0,0.0,0.0",223,2078,CpG:,832,1,0,3.8332,,32462790,32463013
chr14,44858992,44859201,21.480309421536305,0.0,inf,1.0,neu_only,nsc_only,False,2,0,"33.568601973776545,0.0,30.872326290832376","0.0,0.0,0.0",424,209,CpG:,927,0,1,,7.36764,44859109,44859533
chr15,72545925,72547811,2.912478492089088,0.0,inf,1.0,neu_only,neu_only,False,1,0,"8.737435476267263,0.0,0.0","0.0,0.0,0.0",479,1886,CpG:,1138,1,0,4.48328,,72545718,72546197
chr15,83489523,83489733,10.908538979697257,0.0,inf,1.0,neu_only,neu_only,False,3,0,"22.31382528914257,0.14024046990385022,10.271551180045341","0.0,0.0,0.0",1196,210,CpG:,1221,1,0,4.24242,,83488981,83490177
chr15,84105448,84105929,19.17675671673628,0.0,inf,1.0,neu_only,both,False,3,0,"17.501407653694425,22.237607102775698,17.791255393738705","0.0,0.0,0.0",1537,481,CpG:,1226,1,1,4.84523,2.71094,84105189,84106726
chr16,5884850,5885725,15.257989435750046,0.0,inf,1.0,neu_only,neu_only,False,3,0,"23.15919805229257,13.963086451959173,8.651683802998393","0.0,0.0,0.0",218,875,CpG:,629,1,0,3.8332,,5884658,5884876
chr16,17734077,17734299,23.76839529623845,0.0,inf,1.0,neu_only,nsc_only,False,3,0,"3.447132710965804,25.122163565047664,42.73588961270189","0.0,0.0,0.0",193,222,CpG:,720,0,1,,2.89167,17734299,17734492
chr16,91659907,91660476,30.5509410537386,0.0,inf,1.0,neu_only,neu_only,False,2,0,"35.15321015448592,56.49961300672989,0.0","0.0,0.0,0.0",221,569,CpG:,1284,1,0,3.8332,,91659993,91660214
chr16,94079059,94079453,0.649919838287942,0.0,inf,1.0,neu_only,nsc_only,False,1,0,"1.949759514863826,0.0,0.0","0.0,0.0,0.0",242,394,CpG:,1302,0,1,,2.71094,94078920,94079162
chr17,6256745,6257192,8.870128213772459,0.0,inf,1.0,neu_only,nsc_only,False,2,0,"11.596917488403964,0.0,15.013467152913412","0.0,0.0,0.0",237,447,CpG:,632,0,1,,6.59402,6257149,6257386
chr17,23557751,23558165,9.969642188813951,0.0,inf,1.0,neu_only,nsc_only,False,3,0,"11.727630577225616,5.942056462384652,12.239239526831586","0.0,0.0,0.0",276,414,CpG:,764,0,1,,2.47276,23558046,23558322
chr17,29326590,29326916,22.0367661948516,0.0,inf,1.0,neu_only,both,False,3,0,"6.680735080041618,14.862714250511099,44.56684925400208","0.0,0.0,0.0",535,326,CpG:,808,1,1,9.18384,2.06063,29326470,29327005
chr17,32492310,32492603,18.480153401692707,0.0,inf,1.0,neu_only,neu_only,False,2,0,"26.358607998854822,0.0,29.081852206223303","0.0,0.0,0.0",278,293,CpG:,832,1,0,2.4803,,32492534,32492812
chr17,48031560,48031922,3.6144327511082808,0.0,inf,1.0,neu_only,nsc_only,False,3,0,"2.018702988772048,0.7319163573859191,8.092678907166876","0.0,0.0,0.0",679,362,CpG:,951,0,1,,4.21264,48031693,48032372
chr17,54298519,54298859,3.959783025869701,0.0,inf,1.0,neu_only,neu_only,False,2,0,"10.674714842676662,1.204634234932439,0.0","0.0,0.0,0.0",263,340,CpG:,999,1,0,8.14416,,54298493,54298756
chr17,57062044,57062855,8.63207797646887,0.0,inf,1.0,neu_only,neu_only,False,3,0,"8.452004000681256,14.112684424864042,3.3315455038613138","0.0,0.0,0.0",872,811,CpG:,1020,1,0,2.56739,,57062456,57063328
chr17,69387388,69387771,14.452556593190804,0.0,inf,1.0,neu_only,neu_only,False,3,0,"17.35139535535994,13.223170853506964,12.783103570705507","0.0,0.0,0.0",451,383,CpG:,1114,1,0,3.4656,,69387676,69388127
chr17,70662573,70662785,16.46765046773082,0.0,inf,1.0,neu_only,neu_only,False,3,0,"42.9471725903169,1.3673952661519844,5.088383546723569","0.0,0.0,0.0",343,212,CpG:,1124,1,0,5.56213,,70662459,70662802
chr18,20058957,20059346,10.040985743204752,0.0,inf,1.0,neu_only,neu_only,False,3,0,"21.482726034140818,1.0082978402076102,7.631933355265831","0.0,0.0,0.0",1454,389,CpG:,738,2,0,8.34948;4.35181,,20058438,20059892
chr18,20558001,20558498,24.037932941984906,0.0,inf,1.0,neu_only,nsc_only,False,3,0,"15.476805346799887,31.529673755821044,25.10731972333378","0.0,0.0,0.0",457,497,CpG:,741,0,1,,6.41845,20558010,20558467
chr18,37498657,37499209,0.3623299622299648,0.0,inf,1.0,neu_only,neu_only,False,1,0,"0.0,0.0,1.0869898866898944","0.0,0.0,0.0",202,552,CpG:,871,1,0,8.34284,,37499131,37499333
chr18,37732639,37733134,8.073523235867151,0.0,inf,1.0,neu_only,nsc_only,False,3,0,"9.044332586188428,10.365745426733282,4.810491694679743","0.0,0.0,0.0",1106,495,CpG:,872,0,1,,5.9127,37732559,37733665
chr18,45146888,45147093,4.405108538966751,0.0,inf,1.0,neu_only,nsc_only,False,2,0,"8.829637772910488,0.0,4.385687843989764","0.0,0.0,0.0",1018,205,CpG:,929,0,1,,4.85583,45146078,45147096
chr18,48046656,48046905,8.20954778796216,0.0,inf,1.0,neu_only,neu_only,False,3,0,"7.4526202403052,5.6555691619828945,11.52045396159839","0.0,0.0,0.0",346,249,CpG:,951,1,0,3.81216,,48046485,48046831
chr19,43386227,43386805,11.78037908295572,0.0,inf,1.0,neu_only,neu_only,False,2,0,"14.336715092501798,0.0,21.00442215636536","0.0,0.0,0.0",455,578,CpG:,916,1,0,7.45104,,43385893,43386348
chr19,45155826,45156161,4.475221162313943,0.0,inf,1.0,neu_only,neu_only,False,3,0,"2.9749355918758518,0.35839269711421085,10.092335197951767","0.0,0.0,0.0",364,335,CpG:,929,1,0,5.99084,,45155969,45156333
chr2,25311238,25311568,5.745031932614885,0.0,inf,1.0,neu_only,both,False,2,0,"8.579526829269698,0.0,8.655568968574956","0.0,0.0,0.0",1431,330,CpG:,778,1,1,4.9893,6.60355,25310334,25311765
chr2,31635316,31637231,4.120932395951154,0.0,inf,1.0,neu_only,neu_only,False,2,0,"10.937466760224934,0.0,1.4253304276285292","0.0,0.0,0.0",632,1915,CpG:,826,1,0,4.66103,,31636234,31636866
chr2,87526007,87526220,14.341661540493629,0.0,inf,1.0,neu_only,neu_only,False,3,0,"7.756477981777499,18.84885268560049,16.419653954102895","0.0,0.0,0.0",1053,213,CpG:,1252,1,0,3.96115,,87525465,87526518
chr2,118430867,118431204,4.7228663506364095,0.0,inf,1.0,neu_only,nsc_only,False,3,0,"2.4615263046680624,4.695668338695276,7.01140440854589","0.0,0.0,0.0",807,337,CpG:,1488,0,2,,3.0724;6.19445,118430945,118431752
chr2,144393401,144393650,78.42125442267606,0.0,inf,1.0,neu_only,neu_only,False,3,0,"43.32359108628268,185.78482852369976,6.155343658045719","0.0,0.0,0.0",209,249,CpG:,1686,1,0,5.63705,,144393581,144393790
chr3,13472896,13473372,26.941094227937555,0.0,inf,1.0,neu_only,neu_only,False,3,0,"21.768211049299975,6.74973063652332,52.30534099798936","0.0,0.0,0.0",520,476,CpG:,687,1,0,4.62863,,13472638,13473158
chr3,54810972,54811405,12.830330411726017,0.0,inf,1.0,neu_only,nsc_only,False,3,0,"6.904015493233467,24.620023363808723,6.9669523781358595","0.0,0.0,0.0",299,433,CpG:,1003,0,1,,3.75187,54810866,54811165
chr3,95356816,95357319,56.44359441107131,0.0,inf,1.0,neu_only,both,False,3,0,"58.87410207009047,55.08923478608721,55.36744637703627","0.0,0.0,0.0",356,503,CpG:,1312,1,1,3.47476,5.95079,95356972,95357328
chr3,99240888,99241581,7.468222472735586,0.0,inf,1.0,neu_only,both,False,3,0,"13.977396490585864,0.18730075395286983,8.239970173668024","0.0,0.0,0.0",796,693,CpG:,1342,1,1,5.60565,5.14481,99240566,99241362
chr3,141211320,141211889,7.013477048474158,0.0,inf,1.0,neu_only,neu_only,False,3,0,"16.69103742359641,2.8828793799805785,1.4665143418454838","0.0,0.0,0.0",334,569,CpG:,1662,1,0,5.51554,,141211581,141211915
chr3,143100780,143101147,12.283772693690755,0.0,inf,1.0,neu_only,both,False,3,0,"8.884292871092331,12.283805027918007,15.683220182061934","0.0,0.0,0.0",1614,367,CpG:,1676,2,1,12.6866;2.93127,3.9381,143100689,143102303
chr4,21678219,21679876,3.86630579681093,0.0,inf,1.0,neu_only,neu_only,False,3,0,"4.638671550788652,0.5187075218670885,6.441538317777053","0.0,0.0,0.0",503,1657,CpG:,750,1,0,8.30923,,21677716,21678219
chr4,108383205,108383697,4.152482098224117,0.0,inf,1.0,neu_only,neu_only,False,2,0,"5.666722573486029,6.79072372118632,0.0","0.0,0.0,0.0",204,492,CpG:,1411,1,0,7.34807,,108383017,108383221
chr4,117729384,117729589,3.4662575493640944,0.0,inf,1.0,neu_only,nsc_only,False,1,0,"10.398772648092283,0.0,0.0","0.0,0.0,0.0",439,205,CpG:,1483,0,1,,4.54215,117729055,117729494
chr4,146932301,146932990,6.521571224591444,0.0,inf,1.0,neu_only,neu_only,False,3,0,"4.80297747825368,6.027850975064913,8.73388522045574","0.0,0.0,0.0",809,689,CpG:,1706,1,0,11.9756,,146931788,146932597
chr4,148271442,148272130,76.08022701485076,0.0,inf,1.0,neu_only,neu_only,False,3,0,"49.662362789888995,131.93669310403527,46.641625150628045","0.0,0.0,0.0",218,688,CpG:,1716,1,0,7.04994,,148271815,148272033
chr4,153373924,153374147,12.034982686873285,0.0,inf,1.0,neu_only,nsc_only,False,2,0,"16.36670164492732,0.0,19.738246415692533","0.0,0.0,0.0",511,223,CpG:,1755,0,1,,2.06063,153373997,153374508
chr4,154802135,154802612,11.13817318039711,0.0,inf,1.0,neu_only,neu_only,False,3,0,"3.074113614631422,24.283823880282316,6.056582046277596","0.0,0.0,0.0",330,477,CpG:,1766,1,0,10.7514,,154802470,154802800
chr5,25956754,25957214,2.4971049845124496,0.0,inf,1.0,neu_only,neu_only,False,1,0,"7.491314953537349,0.0,0.0","0.0,0.0,0.0",211,460,CpG:,783,1,0,3.60771,,25956833,25957044
chr5,37826575,37827554,3.137268524169922,0.0,inf,1.0,neu_only,neu_only,False,2,0,"1.6986312103271484,0.0,7.713174362182617","0.0,0.0,0.0",250,979,CpG:,873,1,0,4.87292,,37826415,37826665
chr5,67216474,67216709,7.693487087885539,0.0,inf,1.0,neu_only,neu_only,False,3,0,"15.098911023139953,0.31060750484466554,7.670942735671997","0.0,0.0,0.0",400,235,CpG:,1097,1,0,6.00346,,67216160,67216560
chr5,72580290,72581140,4.604233976723492,0.0,inf,1.0,neu_only,neu_only,False,3,0,"2.1198683199675186,10.7136927065642,0.9791409036387568","0.0,0.0,0.0",207,850,CpG:,1138,1,0,3.8332,,72581025,72581232
chr5,106561167,106561519,14.387358168855998,0.0,inf,1.0,neu_only,neu_only,False,3,0,"21.266713642047353,3.106070041656494,18.78929082286415","0.0,0.0,0.0",418,352,CpG:,1397,1,0,5.10912,,106561100,106561518
chr5,113614192,113614536,39.5511374745173,0.0,inf,1.0,neu_only,neu_only,False,3,0,"14.085127379883629,97.42823245089618,7.1400525927720775","0.0,0.0,0.0",673,344,CpG:,1451,1,0,6.13704,,113614253,113614926
chr5,119680407,119681017,7.046071490832287,0.0,inf,1.0,neu_only,neu_only,False,3,0,"16.911564409142674,4.0594208500172835,0.16722921333690682","0.0,0.0,0.0",202,610,CpG:,1498,1,0,4.61569,,119680451,119680653
chr5,119844997,119845222,1.2133484385371986,0.0,inf,1.0,neu_only,neu_only,False,3,0,"2.9605658849080405,0.18271000245038202,0.49676942825317383","0.0,0.0,0.0",1020,225,CpG:,1499,1,0,16.0405,,119844260,119845280
chr5,120427609,120427961,8.948914625892902,0.0,inf,1.0,neu_only,both,False,3,0,"15.106553595308567,0.43194223351568706,11.308248048854454","0.0,0.0,0.0",2222,352,CpG:,1503,1,1,4.36715,3.51927,120426997,120429219
chr5,124353479,124354650,10.697948028326396,0.0,inf,1.0,neu_only,neu_only,False,3,0,"2.6069763109564237,29.216933381067562,0.2699343929552052","0.0,0.0,0.0",219,1171,CpG:,1533,1,0,3.78378,,124353789,124354008
chr5,129225844,129226135,11.216431957551803,0.0,inf,1.0,neu_only,neu_only,False,2,0,"20.874906217640845,0.0,12.774389655014565","0.0,0.0,0.0",290,291,CpG:,1570,1,0,4.96061,,129225578,129225868
chr5,139543775,139544941,0.34834049878338,0.0,inf,1.0,neu_only,neu_only,False,1,0,"0.0,0.0,1.04502149635014","0.0,0.0,0.0",862,1166,CpG:,1649,1,0,4.15481,,139543801,139544663
chr5,147270137,147270628,10.217839933086086,0.0,inf,1.0,neu_only,nsc_only,False,3,0,"0.9309295435209533,28.878082275390625,0.8445079803466797","0.0,0.0,0.0",370,491,CpG:,1708,0,1,,2.40095,147270563,147270933
chr6,3763576,3763862,31.23771854052468,0.0,inf,1.0,neu_only,nsc_only,False,2,0,"15.62975043342227,0.0,78.08340518815177","0.0,0.0,0.0",336,286,CpG:,613,0,1,,2.19801,3763340,3763676
chr6,83368001,83368474,16.115144924205893,0.0,inf,1.0,neu_only,both,False,3,0,"25.7561093165594,12.390031183467192,10.199294272591086","0.0,0.0,0.0",1088,473,CpG:,1221,1,1,2.93127,4.89035,83367851,83368939
chr6,89835235,89835685,1.9962008438541392,0.0,inf,1.0,neu_only,neu_only,False,2,0,"2.9350080177608855,0.0,3.0535945138015315","0.0,0.0,0.0",885,450,CpG:,1270,1,0,4.39938,,89835306,89836191
chr6,108185236,108185566,10.403920701688156,0.0,inf,1.0,neu_only,nsc_only,False,3,0,"4.727203685256134,9.971817703886405,16.512740715921925","0.0,0.0,0.0",537,330,CpG:,1410,0,1,,3.85467,108184787,108185324
chr6,126164583,126165062,11.249623532988068,0.0,inf,1.0,neu_only,neu_only,False,2,0,"14.639174687556732,0.0,19.10969591140747","0.0,0.0,0.0",312,479,CpG:,1547,1,0,2.71374,,126164720,126165032
chr6,136661504,136661800,4.854544481285188,0.0,inf,1.0,neu_only,neu_only,False,2,0,"11.805589220301824,0.0,2.7580442235537386","0.0,0.0,0.0",247,296,CpG:,1627,1,0,5.24086,,136661714,136661961
chr6,142414629,142414856,9.179555309735813,0.0,inf,1.0,neu_only,nsc_only,False,2,0,"0.9799782349513128,0.0,26.558687694256122","0.0,0.0,0.0",520,227,CpG:,1671,0,1,,4.66354,142414272,142414792
chr6,149361515,149361900,5.147529818451814,0.0,inf,1.0,neu_only,neu_only,False,2,0,"11.9516593107762,0.0,3.4909301445792407","0.0,0.0,0.0",379,385,CpG:,1724,1,0,11.3756,,149361470,149361849
chr7,44351977,44353713,11.067065578767624,0.0,inf,1.0,neu_only,nsc_only,False,3,0,"7.545385831388934,1.0041174703630908,24.651693434550843","0.0,0.0,0.0",696,1736,CpG:,923,0,1,,5.44471,44353185,44353881
chr7,45357719,45357941,3.727686067598056,0.0,inf,1.0,neu_only,nsc_only,False,2,0,"0.7516064643859863,10.431451738408182,0.0","0.0,0.0,0.0",226,222,CpG:,931,0,1,,3.25313,45357887,45358113
chr7,45819387,45820058,39.96922154457567,0.0,inf,1.0,neu_only,neu_only,False,2,0,"8.556217913508084,111.35144672021893,0.0","0.0,0.0,0.0",359,671,CpG:,934,1,0,11.1152,,45819253,45819612
chr7,46179458,46180227,6.349713020745059,0.0,inf,1.0,neu_only,neu_only,False,1,0,"19.049139062235177,0.0,0.0","0.0,0.0,0.0",242,769,CpG:,937,1,0,4.05868,,46179255,46179497
chr7,49758988,49759252,26.48244803919712,0.0,inf,1.0,neu_only,neu_only,False,3,0,"44.54949436855687,9.00398665365078,25.8938630953837","0.0,0.0,0.0",514,264,CpG:,964,1,0,5.6959,,49759036,49759550
chr7,51511100,51511412,24.933433175200832,0.0,inf,1.0,neu_only,neu_only,False,3,0,"14.249877256103778,16.26014845009178,44.29027381940694","0.0,0.0,0.0",349,312,CpG:,122,1,0,4.77524,,51511010,51511359
chr7,111055379,111055660,7.278223073804701,0.0,inf,1.0,neu_only,neu_only,False,3,0,"9.997935903394545,10.375962788349874,1.4607705296696842","0.0,0.0,0.0",925,281,CpG:,1432,1,0,4.63978,,111055445,111056370
chr7,123982572,123983871,2.0083325183497065,0.0,inf,1.0,neu_only,nsc_only,False,2,0,"3.758026414212927,0.0,2.2669711408361923","0.0,0.0,0.0",339,1299,CpG:,1530,0,1,,2.2509,123983707,123984046
chr7,128009919,128010402,7.887333891145954,0.0,inf,1.0,neu_only,nsc_only,False,3,0,"8.254021458845079,0.8962510489901516,14.511729165602633","0.0,0.0,0.0",1109,483,CpG:,1561,0,1,,5.82185,128009505,128010614
chr7,131552314,131552763,1.7964550464525135,0.0,inf,1.0,neu_only,neu_only,False,1,0,"5.38936513935754,0.0,0.0","0.0,0.0,0.0",218,449,CpG:,1588,1,0,2.25482,,131552435,131552653
chr7,141259710,141259976,7.453608836093397,0.0,inf,1.0,neu_only,neu_only,False,3,0,"8.35316030602706,2.1549289762688595,11.852737225984272","0.0,0.0,0.0",209,266,CpG:,1662,1,0,9.47025,,141259685,141259894
chr8,70743137,70743596,8.750214430916653,0.0,inf,1.0,neu_only,nsc_only,False,2,0,"13.904421907710278,0.0,12.346221385039682","0.0,0.0,0.0",254,459,CpG:,1124,0,1,,7.9521,70742883,70743137
chr8,78434795,78435860,12.69815128737284,0.0,inf,1.0,neu_only,nsc_only,False,2,0,"10.468564070698942,27.625889791419578,0.0","0.0,0.0,0.0",359,1065,CpG:,1183,0,1,,3.82968,78435384,78435743
chr8,84923762,84924030,7.148645256704632,0.0,inf,1.0,neu_only,neu_only,False,3,0,"0.521851798905755,17.992304193259383,2.9317797779487575","0.0,0.0,0.0",217,268,CpG:,1232,1,0,6.55769,,84924026,84924243
chr8,113848188,113848854,54.76298496999602,0.0,inf,1.0,neu_only,neu_only,False,3,0,"31.04406961772753,119.27991696233335,13.964968329927196","0.0,0.0,0.0",460,666,CpG:,1453,1,0,8.82322,,113848571,113849031
chr8,117436558,117436900,11.137719199889236,0.0,inf,1.0,neu_only,nsc_only,False,3,0,"4.4849518810709315,12.213989645242691,16.714216073354084","0.0,0.0,0.0",384,342,CpG:,1480,0,1,,2.19801,117436316,117436700
chr9,3199798,3200105,3.464263643379564,0.0,inf,1.0,neu_only,nsc_only,False,3,0,"8.158927139308718,1.7255944675869412,0.5082693232430352","0.0,0.0,0.0",288,307,CpG:,609,0,1,,2.61013,3199728,3200016
chr9,26755649,26756070,8.76033619390541,0.0,inf,1.0,neu_only,nsc_only,False,2,0,"8.252507386454548,0.0,18.02850119526168","0.0,0.0,0.0",502,421,CpG:,789,0,1,,3.61459,26756037,26756539
chr9,63142315,63142777,13.062127648132844,0.0,inf,1.0,neu_only,neu_only,False,3,0,"23.414949745658895,4.330192034110307,11.441241164629325","0.0,0.0,0.0",373,462,CpG:,1066,1,0,3.36833,,63142481,63142854
chr9,88599530,88599905,108.60297979797804,0.0,inf,1.0,neu_only,neu_only,False,3,0,"82.79183908840558,121.3792996965013,121.6378006090273","0.0,0.0,0.0",666,375,CpG:,1260,2,0,10.0472;13.7395,,88599218,88599884
chr9,111689987,111690485,26.93002662894448,0.0,inf,1.0,neu_only,neu_only,False,3,0,"18.50677740516845,34.81322637585362,27.47007610581138","0.0,0.0,0.0",836,498,CpG:,1437,1,0,3.59943,,111690272,111691108
chr9,114562280,114564596,10.713337550344152,0.0,inf,1.0,neu_only,neu_only,False,3,0,"19.16497842451562,6.881489662512163,6.093544564004672","0.0,0.0,0.0",826,2316,CpG:,1459,1,0,4.47703,,114563586,114564412
chr9,118559594,118559833,9.503389482416658,0.0,inf,1.0,neu_only,nsc_only,False,3,0,"7.682527798872727,1.1946423237140362,19.632998324663212","0.0,0.0,0.0",390,239,CpG:,1489,0,1,,3.10277,118559709,118560099
chrX,36025584,36025921,3.5903412752411,0.0,inf,1.0,neu_only,nsc_only,False,2,0,"6.210962797914233,0.0,4.560061027809065","0.0,0.0,0.0",784,337,CpG:,859,0,1,,6.44644,36025012,36025796
chrX,38121101,38121770,4.849165997537626,0.0,inf,1.0,neu_only,neu_only,False,2,0,"3.9480583813725687,0.0,10.599439611240308","0.0,0.0,0.0",490,669,CpG:,875,1,0,3.87255,,38120645,38121135
chrX,47892197,47892471,28.21064761609448,0.0,inf,1.0,neu_only,nsc_only,False,3,0,"4.082862861789002,28.13215014204687,52.416929844447544","0.0,0.0,0.0",245,274,CpG:,950,0,1,,4.39602,47892249,47892494
chrX,55643327,55643560,3.421339486461052,0.0,inf,1.0,neu_only,nsc_only,False,3,0,"0.41617773070750713,9.554544131311587,0.29329659736406183","0.0,0.0,0.0",1814,233,CpG:,1009,0,1,,2.2164,55643527,55645341
chrX,86191680,86192314,50.77850733081683,0.0,inf,1.0,neu_only,neu_only,False,3,0,"21.35244528599049,119.89161524794618,11.091461458513814","0.0,0.0,0.0",217,634,CpG:,1242,1,0,6.98995,,86192124,86192341
chrX,102178466,102178786,5.020730653793093,0.0,inf,1.0,neu_only,both,False,2,0,"13.346366762433734,0.0,1.715825198945545","0.0,0.0,0.0",525,320,CpG:,1364,1,1,2.96735,3.96498,102178153,102178678
chrX,103165308,103165560,6.8265348360797065,0.0,inf,1.0,neu_only,neu_only,False,3,0,"3.3720109458676393,6.619579201459478,10.488014360912004","0.0,0.0,0.0",587,252,CpG:,1372,1,0,11.0577,,103165560,103166147
chrX,104348236,104348496,6.919101412674312,0.0,inf,1.0,neu_only,neu_only,False,2,0,"12.343836995099814,0.0,8.413467242923122","0.0,0.0,0.0",267,260,CpG:,1381,1,0,3.38223,,104348097,104348364
chrX,155305981,155306182,3.712135991868272,0.0,inf,1.0,neu_only,neu_only,False,2,0,"10.323920989231453,0.8124869863733609,0.0","0.0,0.0,0.0",367,201,CpG:,1769,1,0,4.332,,155305679,155306046
chrX,169994005,169994235,56.44341473217451,0.0,inf,1.0,neu_only,neu_only,False,3,0,"98.94648568937095,28.046897057259436,42.336861449893156","0.0,0.0,0.0",202,230,CpG:,1881,1,0,3.96491,,169994044,169994246
