chr,start,end,exo_signal,endo_signal,enrichment,pvalue,binding_type,peak_width_exo,peak_width_endo,significant,cpg_start,cpg_end,cpg_number
chr1,3531624,3531843,0.0,15.177982217475371,0.0,1.0,endo_only,0.0,416.0,False,3531624,3531843,27
chr1,18058035,18058896,0.0,3.0388381972489715,0.0,1.0,endo_only,0.0,267.0,False,18058035,18058896,91
chr1,19209755,19210067,0.0,2.84819576255868,0.0,1.0,endo_only,0.0,364.0,False,19209755,19210067,30
chr1,34579529,34579840,0.0,11.229414836166653,0.0,1.0,endo_only,0.0,262.0,False,34579529,34579840,42
chr1,34750258,34751085,0.0,34.449223780856414,0.0,1.0,endo_only,0.0,992.0,False,34750258,34751085,81
chr1,34930034,34930639,0.0,2.4071734143162025,0.0,1.0,endo_only,0.0,282.0,False,34930034,34930639,47
chr1,37875331,37875824,0.0,1.2941086970750884,0.0,1.0,endo_only,0.0,208.0,False,37875331,37875824,32
chr1,38210065,38210345,0.0,7.290518935716785,0.0,1.0,endo_only,0.0,554.0,False,38210065,38210345,26
chr1,40681006,40682084,0.0,1.7489858534662002,0.0,1.0,endo_only,0.0,230.0,False,40681006,40682084,111
chr1,53706523,53706879,0.0,7.415784039324268,0.0,1.0,endo_only,0.0,482.0,False,53706523,53706879,29
chr1,56970858,56971119,0.0,20.703848872692017,0.0,1.0,endo_only,0.0,482.5,False,56970858,56971119,24
chr1,63365284,63365489,0.0,2.190031600547145,0.0,1.0,endo_only,0.0,198.0,False,63365284,63365489,17
chr1,69826863,69827202,0.0,13.082041618608416,0.0,1.0,endo_only,0.0,465.0,False,69826863,69827202,35
chr1,74884301,74885613,0.0,6.852681265544422,0.0,1.0,endo_only,0.0,181.0,False,74884301,74885613,95
chr1,75381924,75382387,0.0,18.73685764325489,0.0,1.0,endo_only,0.0,704.0,False,75381924,75382387,36
chr1,75384918,75385180,0.0,27.76661780928229,0.0,1.0,endo_only,0.0,265.0,False,75384918,75385180,21
chr1,75450376,75450680,0.0,32.81684730664586,0.0,1.0,endo_only,0.0,468.0,False,75450376,75450680,22
chr1,75503722,75503961,0.0,2.9268056037318915,0.0,1.0,endo_only,0.0,211.0,False,75503722,75503961,21
chr1,78203836,78204189,0.0,14.294344154709918,0.0,1.0,endo_only,0.0,458.0,False,78203836,78204189,25
chr1,87098682,87098940,0.0,33.10705310062491,0.0,1.0,endo_only,0.0,501.5,False,87098682,87098940,25
chr1,87155838,87156120,0.0,8.925321568131483,0.0,1.0,endo_only,0.0,432.0,False,87155838,87156120,32
chr1,88205329,88205799,0.0,11.274857682949582,0.0,1.0,endo_only,0.0,327.3333333333333,False,88205329,88205799,58
chr1,92848434,92848783,0.0,13.067071587356011,0.0,1.0,endo_only,0.0,334.0,False,92848434,92848783,29
chr1,120073679,120073931,0.0,9.996842574084807,0.0,1.0,endo_only,0.0,347.0,False,120073679,120073931,28
chr1,121177908,121178195,0.0,36.65924105068818,0.0,1.0,endo_only,0.0,467.6666666666667,False,121177908,121178195,27
chr1,130878193,130878535,0.0,8.935731202445638,0.0,1.0,endo_only,0.0,281.0,False,130878193,130878535,37
chr1,151571313,151571755,0.0,16.482480318337743,0.0,1.0,endo_only,0.0,493.0,False,151571313,151571755,38
chr1,170908619,170908877,0.0,3.3026722047495745,0.0,1.0,endo_only,0.0,273.0,False,170908619,170908877,20
chr1,172172578,172172820,0.0,7.427092944542873,0.0,1.0,endo_only,0.0,394.0,False,172172578,172172820,18
chr1,172325700,172326579,0.0,19.98321850835929,0.0,1.0,endo_only,0.0,259.0,False,172325700,172326579,101
chr1,180936981,180937192,0.0,2.264741289113576,0.0,1.0,endo_only,0.0,224.0,False,180936981,180937192,21
chr1,182763892,182764150,0.0,18.185177388043844,0.0,1.0,endo_only,0.0,1009.0,False,182763892,182764150,42
chr1,184810769,184811173,0.0,3.5431762194002734,0.0,1.0,endo_only,0.0,293.0,False,184810769,184811173,43
chr1,190174914,190175594,0.0,3.496942079679388,0.0,1.0,endo_only,0.0,151.0,False,190174914,190175594,58
chr1,191985233,191985498,0.0,23.80446362659446,0.0,1.0,endo_only,0.0,585.0,False,191985233,191985498,25
chr10,4369007,4369248,0.0,5.730550392488805,0.0,1.0,endo_only,0.0,424.0,False,4369007,4369248,20
chr10,12941180,12941796,0.0,16.94374759837798,0.0,1.0,endo_only,0.0,430.0,False,12941180,12941796,64
chr10,19849468,19849700,0.0,29.475218328863377,0.0,1.0,endo_only,0.0,577.5,False,19849468,19849700,23
chr10,19872458,19872687,0.0,1.6798544738411614,0.0,1.0,endo_only,0.0,243.0,False,19872458,19872687,19
chr10,22158441,22158777,0.0,48.20610797250288,0.0,1.0,endo_only,0.0,310.6666666666667,False,22158441,22158777,36
chr10,22159928,22160147,0.0,1.1323451099407025,0.0,1.0,endo_only,0.0,182.0,False,22159928,22160147,16
chr10,22819309,22819799,0.0,3.120171642015816,0.0,1.0,endo_only,0.0,273.0,False,22819309,22819799,40
chr10,29148176,29148387,0.0,7.557622887097589,0.0,1.0,endo_only,0.0,787.0,False,29148176,29148387,18
chr10,33624362,33624567,0.0,3.2166750236317867,0.0,1.0,endo_only,0.0,323.0,False,33624362,33624567,19
chr10,42635778,42636254,0.0,4.018354092988935,0.0,1.0,endo_only,0.0,269.0,False,42635778,42636254,43
chr10,43021060,43022094,0.0,15.47976840735499,0.0,1.0,endo_only,0.0,453.5,False,43021060,43022094,108
chr10,43456275,43456537,0.0,9.428081825363988,0.0,1.0,endo_only,0.0,564.0,False,43456275,43456537,18
chr10,50900711,50901152,0.0,2.447004540855914,0.0,1.0,endo_only,0.0,215.0,False,50900711,50901152,30
chr10,56115144,56115940,0.0,24.36177345575869,0.0,1.0,endo_only,0.0,446.75,False,56115144,56115940,68
chr10,62949130,62949337,0.0,13.606902912408204,0.0,1.0,endo_only,0.0,462.0,False,62949130,62949337,17
chr10,69822209,69822424,0.0,5.580809809456034,0.0,1.0,endo_only,0.0,221.0,False,69822209,69822424,17
chr10,77902087,77902537,0.0,10.64457546855996,0.0,1.0,endo_only,0.0,355.0,False,77902087,77902537,45
chr10,78043411,78043683,0.0,6.020518264659882,0.0,1.0,endo_only,0.0,212.0,False,78043411,78043683,25
chr10,79637188,79638095,0.0,1.169675168510176,0.0,1.0,endo_only,0.0,188.0,False,79637188,79638095,114
chr10,79716261,79718040,0.0,9.294958801256426,0.0,1.0,endo_only,0.0,371.0,False,79716261,79718040,169
chr10,79724468,79724789,0.0,4.011949305356788,0.0,1.0,endo_only,0.0,235.0,False,79724468,79724789,26
chr10,79777133,79777458,0.0,7.595582121054242,0.0,1.0,endo_only,0.0,467.0,False,79777133,79777458,26
chr10,79903012,79903288,0.0,1.6093403027728663,0.0,1.0,endo_only,0.0,194.0,False,79903012,79903288,24
chr10,79988381,79988831,0.0,8.95810718789352,0.0,1.0,endo_only,0.0,178.5,False,79988381,79988831,55
chr10,80057643,80057877,0.0,7.543254512391603,0.0,1.0,endo_only,0.0,239.5,False,80057643,80057877,20
chr10,80304774,80305091,0.0,1.490440118605979,0.0,1.0,endo_only,0.0,196.0,False,80304774,80305091,27
chr10,80349019,80349330,0.0,8.57525560578223,0.0,1.0,endo_only,0.0,423.5,False,80349019,80349330,24
chr10,80691139,80691432,0.0,8.840524983152253,0.0,1.0,endo_only,0.0,478.0,False,80691139,80691432,27
chr10,80834349,80836042,0.0,16.94536722620074,0.0,1.0,endo_only,0.0,315.6666666666667,False,80834349,80836042,145
chr10,80843648,80844303,0.0,2.4679316498707617,0.0,1.0,endo_only,0.0,170.0,False,80843648,80844303,57
chr10,80932193,80932449,0.0,16.883252572592408,0.0,1.0,endo_only,0.0,363.0,False,80932193,80932449,18
chr10,81135307,81135560,0.0,5.627450507628946,0.0,1.0,endo_only,0.0,230.0,False,81135307,81135560,25
chr10,81194489,81194691,0.0,12.600678689225262,0.0,1.0,endo_only,0.0,273.0,False,81194489,81194691,18
chr10,81285716,81286098,0.0,16.21993734083868,0.0,1.0,endo_only,0.0,237.0,False,81285716,81286098,45
chr10,81337880,81338283,0.0,3.993654888809472,0.0,1.0,endo_only,0.0,214.0,False,81337880,81338283,40
chr10,81464207,81464741,0.0,18.15108713321336,0.0,1.0,endo_only,0.0,378.0,False,81464207,81464741,39
chr10,81499183,81499537,0.0,2.110187354442603,0.0,1.0,endo_only,0.0,185.0,False,81499183,81499537,25
chr10,82083367,82083670,0.0,41.65251195867368,0.0,1.0,endo_only,0.0,680.0,False,82083367,82083670,32
chr10,88459494,88459991,0.0,6.261802392168529,0.0,1.0,endo_only,0.0,276.5,False,88459494,88459991,34
chr10,112928728,112929096,0.0,93.98433848369048,0.0,1.0,endo_only,0.0,753.0,False,112928728,112929096,40
chr10,116418100,116418397,0.0,2.372534971481413,0.0,1.0,endo_only,0.0,208.0,False,116418100,116418397,20
chr10,120105431,120105744,0.0,4.112248455743867,0.0,1.0,endo_only,0.0,246.0,False,120105431,120105744,23
chr10,121586242,121586510,0.0,158.35403810646926,0.0,1.0,endo_only,0.0,1771.0,False,121586242,121586510,21
chr10,122802275,122802612,0.0,71.78754314227676,0.0,1.0,endo_only,0.0,1040.0,False,122802275,122802612,28
chr10,128459651,128459860,0.0,8.199987748081048,0.0,1.0,endo_only,0.0,265.0,False,128459651,128459860,19
chr11,3628951,3629564,0.0,1.6458038414753569,0.0,1.0,endo_only,0.0,208.0,False,3628951,3629564,45
chr11,3761708,3762351,0.0,5.294659235612807,0.0,1.0,endo_only,0.0,222.0,False,3761708,3762351,90
chr11,5716858,5717201,0.0,66.39230459720355,0.0,1.0,endo_only,0.0,2029.0,False,5716858,5717201,24
chr11,5972162,5972405,0.0,32.495123586269045,0.0,1.0,endo_only,0.0,425.5,False,5972162,5972405,23
chr11,6447281,6447509,0.0,4.981504226876717,0.0,1.0,endo_only,0.0,298.0,False,6447281,6447509,22
chr11,6547034,6547252,0.0,272.1914835488555,0.0,1.0,endo_only,0.0,1075.5,False,6547034,6547252,25
chr11,20020717,20021262,0.0,34.6823810804332,0.0,1.0,endo_only,0.0,370.6666666666667,False,20020717,20021262,49
chr11,31965601,31966053,0.0,2.823951427446675,0.0,1.0,endo_only,0.0,215.0,False,31965601,31966053,43
chr11,35120996,35122006,0.0,3.386557904574292,0.0,1.0,endo_only,0.0,214.0,False,35120996,35122006,83
chr11,57831407,57831734,0.0,1.6484426245675463,0.0,1.0,endo_only,0.0,250.0,False,57831407,57831734,25
chr11,58097728,58098142,0.0,17.57678679822924,0.0,1.0,endo_only,0.0,727.0,False,58097728,58098142,33
chr11,59106300,59106530,0.0,25.446101275657565,0.0,1.0,endo_only,0.0,813.0,False,59106300,59106530,16
chr11,59134522,59136358,0.0,10.59390162113319,0.0,1.0,endo_only,0.0,307.5,False,59134522,59136358,146
chr11,59249720,59250030,0.0,3.1140138787535925,0.0,1.0,endo_only,0.0,253.0,False,59249720,59250030,30
chr11,60140708,60140913,0.0,5.744490430893077,0.0,1.0,endo_only,0.0,297.0,False,60140708,60140913,17
chr11,62560692,62561019,0.0,9.552349342736752,0.0,1.0,endo_only,0.0,564.0,False,62560692,62561019,29
chr11,63889137,63889678,0.0,13.297431552993231,0.0,1.0,endo_only,0.0,550.0,False,63889137,63889678,58
chr11,65269835,65270263,0.0,2.678190415372603,0.0,1.0,endo_only,0.0,251.0,False,65269835,65270263,31
chr11,67094542,67094772,0.0,7.543037038992136,0.0,1.0,endo_only,0.0,482.0,False,67094542,67094772,22
chr11,67298328,67298643,0.0,3.377769295653924,0.0,1.0,endo_only,0.0,226.0,False,67298328,67298643,23
chr11,69981202,69981639,0.0,6.584263580110591,0.0,1.0,endo_only,0.0,443.0,False,69981202,69981639,32
chr11,70459543,70459769,0.0,10.954068331648168,0.0,1.0,endo_only,0.0,501.5,False,70459543,70459769,25
chr11,70465891,70466104,0.0,19.35980653162483,0.0,1.0,endo_only,0.0,1008.0,False,70465891,70466104,20
chr11,70615352,70615727,0.0,17.209364851740066,0.0,1.0,endo_only,0.0,394.5,False,70615352,70615727,28
chr11,72961075,72961596,0.0,4.163301163985781,0.0,1.0,endo_only,0.0,451.0,False,72961075,72961596,56
chr11,75515372,75515591,0.0,14.249755043378547,0.0,1.0,endo_only,0.0,257.5,False,75515372,75515591,17
chr11,76601278,76601611,0.0,1.327635988399566,0.0,1.0,endo_only,0.0,167.0,False,76601278,76601611,29
chr11,79044836,79045184,0.0,16.678484665752887,0.0,1.0,endo_only,0.0,609.0,False,79044836,79045184,25
chr11,83418494,83418898,0.0,1.8340148185806084,0.0,1.0,endo_only,0.0,379.0,False,83418494,83418898,42
chr11,84520172,84520513,0.0,28.04702048697069,0.0,1.0,endo_only,0.0,564.5,False,84520172,84520513,34
chr11,85829287,85829622,0.0,32.0679607520189,0.0,1.0,endo_only,0.0,701.5,False,85829287,85829622,27
chr11,85840797,85841085,0.0,27.48245149789556,0.0,1.0,endo_only,0.0,619.0,False,85840797,85841085,21
chr11,85886267,85886603,0.0,15.258216310688535,0.0,1.0,endo_only,0.0,572.0,False,85886267,85886603,25
chr11,87639236,87639459,0.0,11.685873883606652,0.0,1.0,endo_only,0.0,444.0,False,87639236,87639459,28
chr11,88169646,88170072,0.0,18.39661969017381,0.0,1.0,endo_only,0.0,930.0,False,88169646,88170072,32
chr11,94499808,94500041,0.0,2.0358526709843567,0.0,1.0,endo_only,0.0,212.0,False,94499808,94500041,18
chr11,95202090,95202479,0.0,6.9312860532183125,0.0,1.0,endo_only,0.0,336.0,False,95202090,95202479,40
chr11,96034863,96035086,0.0,17.694060512468244,0.0,1.0,endo_only,0.0,324.5,False,96034863,96035086,23
chr11,96269588,96269814,0.0,3.190356819233815,0.0,1.0,endo_only,0.0,345.0,False,96269588,96269814,17
chr11,96282928,96283401,0.0,6.984280547794132,0.0,1.0,endo_only,0.0,269.0,False,96282928,96283401,44
chr11,96286677,96287449,0.0,7.049194455448393,0.0,1.0,endo_only,0.0,309.0,False,96286677,96287449,66
chr11,96345653,96346273,0.0,14.316356896504232,0.0,1.0,endo_only,0.0,354.0,False,96345653,96346273,55
chr11,97500137,97500979,0.0,28.826652014433936,0.0,1.0,endo_only,0.0,641.5,False,97500137,97500979,103
chr11,98334399,98334742,0.0,2.6093778104722425,0.0,1.0,endo_only,0.0,371.0,False,98334399,98334742,29
chr11,98936171,98936439,0.0,177.32034546960537,0.0,1.0,endo_only,0.0,1041.5,False,98936171,98936439,25
chr11,100713863,100714278,0.0,20.85720361291081,0.0,1.0,endo_only,0.0,538.0,False,100713863,100714278,31
chr11,100958575,100959309,0.0,50.15718384011854,0.0,1.0,endo_only,0.0,675.0,False,100958575,100959309,77
chr11,101079716,101080050,0.0,6.853234515452287,0.0,1.0,endo_only,0.0,267.0,False,101079716,101080050,27
chr11,101937436,101937648,0.0,11.446140685399994,0.0,1.0,endo_only,0.0,244.0,False,101937436,101937648,19
chr11,102107141,102107345,0.0,2.267457890616876,0.0,1.0,endo_only,0.0,164.0,False,102107141,102107345,18
chr11,104685610,104685883,0.0,2.2193769179183325,0.0,1.0,endo_only,0.0,208.0,False,104685610,104685883,21
chr11,105589983,105590450,0.0,29.82462055126648,0.0,1.0,endo_only,0.0,394.0,False,105589983,105590450,63
chr11,105988731,105988991,0.0,11.474916954519706,0.0,1.0,endo_only,0.0,502.0,False,105988731,105988991,23
chr11,106018765,106019015,0.0,7.5736264875293315,0.0,1.0,endo_only,0.0,507.0,False,106018765,106019015,22
chr11,107048725,107049588,0.0,1.794261675129967,0.0,1.0,endo_only,0.0,179.0,False,107048725,107049588,54
chr11,107049672,107050219,0.0,5.641627077871598,0.0,1.0,endo_only,0.0,207.0,False,107049672,107050219,33
chr11,115091450,115091824,0.0,3.006754106665948,0.0,1.0,endo_only,0.0,285.0,False,115091450,115091824,31
chr11,117290409,117290715,0.0,1.5137283903899377,0.0,1.0,endo_only,0.0,266.0,False,117290409,117290715,22
chr11,117860710,117860915,0.0,2.0116753784660832,0.0,1.0,endo_only,0.0,194.0,False,117860710,117860915,19
chr11,119174678,119174898,0.0,12.804238016077406,0.0,1.0,endo_only,0.0,331.0,False,119174678,119174898,24
chr11,119524577,119524897,0.0,2.453050563434756,0.0,1.0,endo_only,0.0,209.0,False,119524577,119524897,33
chr11,120608514,120608920,0.0,74.39018726253376,0.0,1.0,endo_only,0.0,1124.0,False,120608514,120608920,36
chr11,120659854,120661388,0.0,15.14809059739663,0.0,1.0,endo_only,0.0,280.0,False,120659854,120661388,149
chr11,121156395,121156973,0.0,1.8050239312647456,0.0,1.0,endo_only,0.0,203.0,False,121156395,121156973,59
chr12,3891226,3891634,0.0,18.3702202135958,0.0,1.0,endo_only,0.0,597.0,False,3891226,3891634,29
chr12,3930250,3930622,0.0,4.909660954362972,0.0,1.0,endo_only,0.0,238.0,False,3930250,3930622,43
chr12,9574445,9574788,0.0,3.4155722600029783,0.0,1.0,endo_only,0.0,210.0,False,9574445,9574788,29
chr12,18135572,18136430,0.0,4.637922782294393,0.0,1.0,endo_only,0.0,652.0,False,18135572,18136430,94
chr12,19704083,19704478,0.0,3.57747245649514,0.0,1.0,endo_only,0.0,150.0,False,19704083,19704478,53
chr12,20415387,20416495,0.0,3.6484560742648657,0.0,1.0,endo_only,0.0,223.0,False,20415387,20416495,109
chr12,20614757,20615610,0.0,3.507885905079738,0.0,1.0,endo_only,0.0,266.0,False,20614757,20615610,98
chr12,56521093,56521319,0.0,6.737086236418899,0.0,1.0,endo_only,0.0,574.0,False,56521093,56521319,25
chr12,56535831,56536691,0.0,2.4565276146097337,0.0,1.0,endo_only,0.0,194.5,False,56535831,56536691,59
chr12,65225693,65226020,0.0,1.5872212677953552,0.0,1.0,endo_only,0.0,164.0,False,65225693,65226020,24
chr12,71111371,71111657,0.0,3.0431119139434686,0.0,1.0,endo_only,0.0,372.0,False,71111371,71111657,32
chr12,71136305,71136674,0.0,110.2813198973774,0.0,1.0,endo_only,0.0,963.1666666666666,False,71136305,71136674,39
chr12,76417491,76417899,0.0,8.483509669267457,0.0,1.0,endo_only,0.0,246.5,False,76417491,76417899,37
chr12,79130664,79131107,0.0,3.627927686770333,0.0,1.0,endo_only,0.0,256.0,False,79130664,79131107,34
chr12,80692630,80693046,0.0,7.528810988435598,0.0,1.0,endo_only,0.0,294.0,False,80692630,80693046,45
chr12,82616747,82617728,0.0,7.426381337700551,0.0,1.0,endo_only,0.0,522.0,False,82616747,82617728,95
chr12,83620901,83621162,0.0,2.234404753310618,0.0,1.0,endo_only,0.0,299.0,False,83620901,83621162,27
chr12,84218377,84218937,0.0,16.334314472563673,0.0,1.0,endo_only,0.0,301.0,False,84218377,84218937,63
chr12,84569867,84570336,0.0,20.88936731926644,0.0,1.0,endo_only,0.0,692.5,False,84569867,84570336,35
chr12,91647402,91648082,0.0,12.816385267281172,0.0,1.0,endo_only,0.0,331.5,False,91647402,91648082,44
chr12,98689216,98689420,0.0,11.298917262831791,0.0,1.0,endo_only,0.0,307.5,False,98689216,98689420,18
chr12,108701848,108702598,0.0,4.31369928795863,0.0,1.0,endo_only,0.0,480.0,False,108701848,108702598,60
chr12,109528252,109528472,0.0,16.799153963922077,0.0,1.0,endo_only,0.0,562.0,False,109528252,109528472,29
chr12,110319822,110320173,0.0,2.4960881322601662,0.0,1.0,endo_only,0.0,242.0,False,110319822,110320173,34
chr12,111299424,111299678,0.0,8.508418301506827,0.0,1.0,endo_only,0.0,264.5,False,111299424,111299678,17
chr12,111318562,111318858,0.0,11.819810410515087,0.0,1.0,endo_only,0.0,412.0,False,111318562,111318858,21
chr12,112175530,112175832,0.0,12.772763671820236,0.0,1.0,endo_only,0.0,430.5,False,112175530,112175832,29
chr12,112738786,112739074,0.0,21.880320267877284,0.0,1.0,endo_only,0.0,369.3333333333333,False,112738786,112739074,22
chr12,118843094,118843351,0.0,9.260947359390578,0.0,1.0,endo_only,0.0,277.0,False,118843094,118843351,22
chr13,21750201,21750626,0.0,7.540195882784642,0.0,1.0,endo_only,0.0,400.0,False,21750201,21750626,44
chr13,23575807,23576209,0.0,33.53004505600247,0.0,1.0,endo_only,0.0,300.3333333333333,False,23575807,23576209,45
chr13,37930867,37931184,0.0,11.475945786447978,0.0,1.0,endo_only,0.0,503.5,False,37930867,37931184,26
chr13,40703949,40704191,0.0,0.7790933662044274,0.0,1.0,endo_only,0.0,161.0,False,40703949,40704191,29
chr13,43200461,43200754,0.0,13.571502283172146,0.0,1.0,endo_only,0.0,290.0,False,43200461,43200754,22
chr13,43200971,43201218,0.0,7.816897967691616,0.0,1.0,endo_only,0.0,333.0,False,43200971,43201218,20
chr13,45568236,45568439,0.0,2.3772736320120504,0.0,1.0,endo_only,0.0,208.0,False,45568236,45568439,15
chr13,46771211,46771472,0.0,14.717341354076725,0.0,1.0,endo_only,0.0,372.0,False,46771211,46771472,19
chr13,48665897,48666361,0.0,5.14314006925684,0.0,1.0,endo_only,0.0,225.0,False,48665897,48666361,42
chr13,48731445,48731835,0.0,12.884120088738324,0.0,1.0,endo_only,0.0,575.0,False,48731445,48731835,36
chr13,49379582,49379901,0.0,12.584397423754162,0.0,1.0,endo_only,0.0,298.0,False,49379582,49379901,23
chr13,55152630,55153267,0.0,13.514012185393629,0.0,1.0,endo_only,0.0,826.0,False,55152630,55153267,61
chr13,55351379,55351581,0.0,7.039499523748798,0.0,1.0,endo_only,0.0,217.0,False,55351379,55351581,16
chr13,62812921,62813140,0.0,8.652783058674212,0.0,1.0,endo_only,0.0,532.0,False,62812921,62813140,21
chr13,65259084,65259501,0.0,7.20017350490954,0.0,1.0,endo_only,0.0,723.0,False,65259084,65259501,37
chr13,73626854,73627172,0.0,18.174163191899567,0.0,1.0,endo_only,0.0,530.5,False,73626854,73627172,29
chr13,73763572,73763966,0.0,5.595364223685039,0.0,1.0,endo_only,0.0,284.0,False,73763572,73763966,46
chr13,95604059,95604766,0.0,9.732435411566868,0.0,1.0,endo_only,0.0,246.0,False,95604059,95604766,51
chr13,98504157,98504424,0.0,1.823297640239124,0.0,1.0,endo_only,0.0,211.0,False,98504157,98504424,24
chr13,100103694,100104168,0.0,48.70933460999146,0.0,1.0,endo_only,0.0,972.0,False,100103694,100104168,47
chr13,103592627,103593009,0.0,9.764928263187318,0.0,1.0,endo_only,0.0,383.0,False,103592627,103593009,37
chr13,107645283,107645600,0.0,13.599929496063927,0.0,1.0,endo_only,0.0,382.0,False,107645283,107645600,25
chr13,111755265,111755501,0.0,23.738440506406576,0.0,1.0,endo_only,0.0,871.0,False,111755265,111755501,20
chr13,111977845,111978120,0.0,2.014441279068741,0.0,1.0,endo_only,0.0,188.0,False,111977845,111978120,20
chr13,112651959,112652503,0.0,1.717181877211415,0.0,1.0,endo_only,0.0,216.0,False,112651959,112652503,68
chr13,116705579,116705884,0.0,2.0913386046364173,0.0,1.0,endo_only,0.0,245.0,False,116705579,116705884,24
chr14,6889373,6890048,0.0,1.569314375234882,0.0,1.0,endo_only,0.0,210.0,False,6889373,6890048,54
chr14,15438703,15439065,0.0,4.04065551878266,0.0,1.0,endo_only,0.0,383.0,False,15438703,15439065,42
chr14,30008731,30009232,0.0,5.358954544310149,0.0,1.0,endo_only,0.0,152.0,False,30008731,30009232,48
chr14,44858992,44859201,0.0,8.060529065192727,0.0,1.0,endo_only,0.0,424.0,False,44858992,44859201,20
chr14,60086635,60086903,0.0,1.596900127077835,0.0,1.0,endo_only,0.0,210.0,False,60086635,60086903,21
chr14,63606863,63607154,0.0,13.153995822241468,0.0,1.0,endo_only,0.0,284.0,False,63606863,63607154,30
chr14,66867432,66867760,0.0,50.22497454395661,0.0,1.0,endo_only,0.0,1642.0,False,66867432,66867760,29
chr14,67231826,67232086,0.0,2.273678999694861,0.0,1.0,endo_only,0.0,253.0,False,67231826,67232086,22
chr14,67235403,67236476,0.0,55.15762208141511,0.0,1.0,endo_only,0.0,807.5,False,67235403,67236476,70
chr14,69796944,69797162,0.0,38.714067021531314,0.0,1.0,endo_only,0.0,578.0,False,69796944,69797162,16
chr14,70636751,70637028,0.0,8.159064512896041,0.0,1.0,endo_only,0.0,620.0,False,70636751,70637028,23
chr14,75130970,75131209,0.0,4.958515414699179,0.0,1.0,endo_only,0.0,376.0,False,75130970,75131209,19
chr14,76556480,76556942,0.0,44.43688184407074,0.0,1.0,endo_only,0.0,477.0,False,76556480,76556942,53
chr14,104473079,104473450,0.0,11.001317892061325,0.0,1.0,endo_only,0.0,320.5,False,104473079,104473450,34
chr15,8710129,8710432,0.0,37.70688086196973,0.0,1.0,endo_only,0.0,613.0,False,8710129,8710432,21
chr15,12372949,12373159,0.0,19.384200806650863,0.0,1.0,endo_only,0.0,411.0,False,12372949,12373159,14
chr15,27665505,27665735,0.0,3.549643151966215,0.0,1.0,endo_only,0.0,323.0,False,27665505,27665735,17
chr15,27773850,27774075,0.0,14.520206517815472,0.0,1.0,endo_only,0.0,575.0,False,27773850,27774075,22
chr15,38990102,38990436,0.0,16.832892068096516,0.0,1.0,endo_only,0.0,393.5,False,38990102,38990436,43
chr15,43170238,43170696,0.0,4.92886868755076,0.0,1.0,endo_only,0.0,338.0,False,43170238,43170696,51
chr15,72545925,72547811,0.0,1.3573645293188938,0.0,1.0,endo_only,0.0,187.0,False,72545925,72547811,186
chr15,74529231,74529538,0.0,2.9083117054032663,0.0,1.0,endo_only,0.0,221.0,False,74529231,74529538,25
chr15,75974726,75975123,0.0,17.330567440969183,0.0,1.0,endo_only,0.0,415.0,False,75974726,75975123,29
chr15,76172305,76172632,0.0,2.9012590192388816,0.0,1.0,endo_only,0.0,220.0,False,76172305,76172632,26
chr15,76540863,76541094,0.0,12.742931041906044,0.0,1.0,endo_only,0.0,676.0,False,76540863,76541094,17
chr15,76631819,76632140,0.0,5.143261591620547,0.0,1.0,endo_only,0.0,160.0,False,76631819,76632140,24
chr15,76666937,76667310,0.0,6.408351028875559,0.0,1.0,endo_only,0.0,302.5,False,76666937,76667310,30
chr15,76697862,76698082,0.0,2.58821916428299,0.0,1.0,endo_only,0.0,234.0,False,76697862,76698082,22
chr15,77370115,77370325,0.0,1.824335323865837,0.0,1.0,endo_only,0.0,203.0,False,77370115,77370325,16
chr15,78799095,78799374,0.0,13.552158575285343,0.0,1.0,endo_only,0.0,237.5,False,78799095,78799374,19
chr15,78967704,78968007,0.0,19.64947916728409,0.0,1.0,endo_only,0.0,296.5,False,78967704,78968007,25
chr15,80671431,80672139,0.0,54.21395171037924,0.0,1.0,endo_only,0.0,589.6666666666666,False,80671431,80672139,66
chr15,81857785,81858553,8.052460949136949,410.0441645120705,0.0196380332804368,0.6666666666666666,endo_only,0.0,2018.0,False,81857785,81858553,63
chr15,82274943,82275216,8.375658947187032,55.42634299710867,0.1511133243559646,0.6666666666666666,endo_only,0.0,1065.5,False,82274943,82275216,29
chr15,82340991,82341413,0.0,40.83947466945441,0.0,1.0,endo_only,0.0,547.0,False,82340991,82341413,44
chr15,82911627,82911981,2.916442066278333,47.06567453135648,0.0619653727545181,0.4,endo_only,0.0,426.5,False,82911627,82911981,31
chr15,83510816,83511034,19.165182238812736,29.608025363495504,0.6472968731795935,0.6666666666666666,endo_only,0.0,400.0,False,83510816,83511034,27
chr15,84987556,84987785,0.0,148.5452960836803,0.0,1.0,endo_only,0.0,777.0,False,84987556,84987785,29
chr15,85206017,85206390,9.703549492582606,20.10974790027383,0.4825296438674139,1.0,endo_only,0.0,295.5,False,85206017,85206390,41
chr15,85660761,85661096,6.215548587317822,23.3821298374345,0.2658247401127165,0.6666666666666666,endo_only,0.0,581.0,False,85660761,85661096,34
chr15,88954448,88955003,0.0,25.364185986592744,0.0,1.0,endo_only,0.0,502.5,False,88954448,88955003,51
chr15,88982749,88983169,0.0,30.902361786815945,0.0,1.0,endo_only,0.0,428.6666666666667,False,88982749,88983169,30
chr15,89067581,89068614,11.200581427339046,37.30269550775035,0.3002619857594985,0.6666666666666666,endo_only,0.0,515.0,False,89067581,89068614,79
chr15,89167457,89167709,0.0,16.157267626496918,0.0,1.0,endo_only,0.0,437.5,False,89167457,89167709,25
chr15,98004393,98004893,21.7060932859996,513.523989949571,0.0422688982614642,1.0,endo_only,0.0,2275.0,False,98004393,98004893,48
chr15,99425768,99426050,18.27973678834121,14.245890966033306,1.2831585495021596,0.6666666666666666,endo_only,0.0,552.0,False,99425768,99426050,20
chr15,99470393,99470792,17.156221882454457,12.544534346061235,1.367625246914104,0.6666666666666666,endo_only,0.0,277.5,False,99470393,99470792,27
chr15,99583752,99584238,30.89067388780932,12.138399950739132,2.5448719776224142,0.6666666666666666,endo_only,0.0,216.5,False,99583752,99584238,45
chr15,99590462,99590944,3.266175495627212,111.14342991457116,0.0293870316773354,0.5,endo_only,0.0,1070.6666666666667,False,99590462,99590944,59
chr15,99670258,99671104,3.043917040810864,3.6392874558702943,0.8364046747395352,0.6666666666666666,endo_only,0.0,194.5,False,99670258,99671104,91
chr15,100578247,100578501,0.0,13.5608428677391,0.0,1.0,endo_only,0.0,397.0,False,100578247,100578501,19
chr15,101039574,101039815,61.34708710315078,17.309632307699133,3.544101111602716,0.5,endo_only,0.0,365.0,False,101039574,101039815,21
chr15,101052673,101054340,26.87171562998025,23.47233401993273,1.1448250355998155,1.0,endo_only,0.0,388.5,False,101052673,101054340,196
chr15,102224538,102224746,43.42254000019349,24.961029741399447,1.7396133272568666,0.6666666666666666,endo_only,0.0,317.0,False,102224538,102224746,26
chr15,102358199,102358530,5.3788057656825154,12.13751053557305,0.4431556001470086,1.0,endo_only,0.0,183.5,False,102358199,102358530,25
chr15,102692906,102693224,3.451054993676089,30.155140795311286,0.1144433387693776,0.5,endo_only,0.0,644.0,False,102692906,102693224,40
chr15,103366094,103366731,25.48340977990972,35.05891408064793,0.7268739049158466,1.0,endo_only,0.0,381.5,False,103366094,103366731,52
chr15,103537682,103538175,8.404455950930187,12.16893112434869,0.6906486580496619,0.6666666666666666,endo_only,0.0,418.5,False,103537682,103538175,47
chr16,8424540,8425107,1.712617945322701,3.4402278466741065,0.4978210809433454,1.0,endo_only,0.0,217.0,False,8424540,8425107,47
chr16,17576597,17576806,0.0,18.695691666281448,0.0,1.0,endo_only,0.0,436.5,False,17576597,17576806,21
chr16,17797467,17798713,6.599650584327352,41.42583687466128,0.1593124263076535,0.8,endo_only,0.0,459.0,False,17797467,17798713,87
chr16,17802833,17803612,11.645026851937551,41.30093861734744,0.2819555012981314,1.0,endo_only,0.0,636.5,False,17802833,17803612,84
chr16,17804235,17804603,0.0,8.005872760667097,0.0,1.0,endo_only,0.0,267.5,False,17804235,17804603,33
chr16,17833449,17834329,0.0,25.53032388456425,0.0,1.0,endo_only,0.0,412.3333333333333,False,17833449,17834329,110
chr16,18348135,18348973,0.0,40.28696549035778,0.0,1.0,endo_only,0.0,398.5,False,18348135,18348973,66
chr16,18426235,18426661,62.15807500945056,12.240184204170635,5.078197678452522,0.6666666666666666,endo_only,0.0,205.0,False,18426235,18426661,44
chr16,18586255,18587212,1.988465793217065,13.5528525132383,0.1467193560377603,0.5,endo_only,0.0,350.5,False,18586255,18587212,90
chr16,18588042,18589039,4.8756643514941125,12.287966564048991,0.3967836603461214,0.6666666666666666,endo_only,0.0,275.5,False,18588042,18589039,78
chr16,20301978,20302472,15.776693385897074,46.235494308919954,0.3412247153774533,0.8,endo_only,0.0,349.3333333333333,False,20301978,20302472,40
chr16,28564357,28565093,4.424460458044681,3.1056897707311664,1.4246305280527227,0.6666666666666666,endo_only,0.0,198.0,False,28564357,28565093,78
chr16,30309506,30309843,0.0,36.34205932410475,0.0,1.0,endo_only,0.0,496.0,False,30309506,30309843,26
chr16,31948044,31948757,25.70353674432849,26.24231967372144,0.979468928963148,0.5,endo_only,0.0,382.6666666666667,False,31948044,31948757,93
chr16,35660009,35660664,0.0,7.0906977699935005,0.0,1.0,endo_only,0.0,323.5,False,35660009,35660664,65
chr16,43979330,43980136,4.482654119385027,20.00949051520175,0.2240263996716675,0.5,endo_only,0.0,307.5,False,43979330,43980136,91
chr16,57606479,57606948,1.8186492586754104,42.14883983810321,0.0431482637638657,0.5,endo_only,0.0,676.3333333333334,False,57606479,57606948,50
chr16,94083472,94086127,7.9597299801761565,34.94873987526483,0.2277544200044162,1.0,endo_only,0.0,576.0,False,94083472,94086127,230
chr16,94086715,94087055,9.92176492254342,25.18805951752114,0.393907474914521,1.0,endo_only,0.0,316.5,False,94086715,94087055,23
chr16,97763144,97763933,10.841123414016382,37.42654701836195,0.2896640026315434,0.8,endo_only,0.0,368.25,False,97763144,97763933,84
chr17,14960760,14961160,0.0,10.995920403810148,0.0,1.0,endo_only,0.0,368.5,False,14960760,14961160,45
chr17,23576154,23576825,3.169854531185253,18.380570902596222,0.1724568049590623,0.6666666666666666,endo_only,0.0,414.5,False,23576154,23576825,51
chr17,23666650,23666884,0.0,6.747543832678283,0.0,1.0,endo_only,0.0,239.0,False,23666650,23666884,22
chr17,23745686,23745933,8.02598763103835,47.16523202796612,0.1701674578061955,1.0,endo_only,0.0,628.0,False,23745686,23745933,21
chr17,24505098,24505436,17.003305918825255,47.5046729906208,0.3579291225135335,1.0,endo_only,0.0,591.5,False,24505098,24505436,28
chr17,24506530,24506872,15.91180652079222,21.752334429218543,0.7314987994768455,0.5,endo_only,0.0,355.6666666666667,False,24506530,24506872,29
chr17,24533196,24533842,90.14282673617195,69.78623815869004,1.2916991818815646,0.5,endo_only,0.0,529.0,False,24533196,24533842,48
chr17,24689728,24690008,40.80196016418911,24.67123755570351,1.6538270555769703,0.6666666666666666,endo_only,0.0,540.5,False,24689728,24690008,29
chr17,24894888,24895493,37.50429660419949,15.24130658096965,2.4607008857775674,0.4,endo_only,0.0,392.6666666666667,False,24894888,24895493,73
chr17,25133340,25133660,0.0,24.875223464716345,0.0,1.0,endo_only,0.0,343.0,False,25133340,25133660,37
chr17,25717394,25717682,2.384606110664779,14.004275607666193,0.1702770052139935,0.6666666666666666,endo_only,0.0,253.5,False,25717394,25717682,41
chr17,25837031,25837307,0.0,44.52897443600235,0.0,1.0,endo_only,0.0,510.0,False,25837031,25837307,27
chr17,26123457,26123754,50.4538742415576,71.43004701612942,0.7063396476578652,0.5,endo_only,0.0,508.6666666666667,False,26123457,26123754,34
chr17,26431803,26432317,14.912521841137664,30.60610263850475,0.4872401434861753,1.0,endo_only,0.0,520.0,False,26431803,26432317,57
chr17,26841124,26841502,0.0,4.316822333571722,0.0,1.0,endo_only,0.0,231.5,False,26841124,26841502,34
chr17,26886097,26886330,6.16326418862556,30.497437469401984,0.2020912148704018,0.6666666666666666,endo_only,0.0,494.5,False,26886097,26886330,20
chr17,27115835,27116095,5.340918442593948,14.258483603416323,0.3745782925551962,0.6666666666666666,endo_only,0.0,414.0,False,27115835,27116095,19
chr17,27520719,27521101,3.2053920025444387,11.547666324139826,0.2775792019417573,1.0,endo_only,0.0,218.0,False,27520719,27521101,34
chr17,27655472,27655927,4.626490615946265,28.69884340409294,0.1612082602355483,0.6666666666666666,endo_only,0.0,622.5,False,27655472,27655927,42
chr17,28485497,28485948,1.5630158287411158,116.72449874047066,0.0133906407447195,0.6666666666666666,endo_only,0.0,662.5,False,28485497,28485948,65
chr17,28806387,28806615,0.0,44.091061141110885,0.0,1.0,endo_only,0.0,478.6666666666667,False,28806387,28806615,18
chr17,32143438,32143722,18.830161175811995,45.42385307320156,0.4145434590382891,1.0,endo_only,0.0,405.0,False,32143438,32143722,24
chr17,33649799,33650140,0.0,8.507674655847078,0.0,1.0,endo_only,0.0,186.5,False,33649799,33650140,23
chr17,33977756,33978755,3.280967605925298,35.558716640513246,0.0922690106927869,0.5,endo_only,0.0,508.6666666666667,False,33977756,33978755,85
chr17,35469967,35470988,0.0,20.66566695646548,0.0,1.0,endo_only,0.0,352.0,False,35469967,35470988,102
chr17,35837060,35837278,29.00346390727912,28.884187970248643,1.0041294543974486,0.6666666666666666,endo_only,0.0,416.0,False,35837060,35837278,23
chr17,36110763,36110967,2.105253384643028,10.131721423470823,0.207788321120443,0.6666666666666666,endo_only,0.0,303.0,False,36110763,36110967,17
chr17,43801766,43802126,2.7868649374633105,6.067903984689708,0.4592796696346904,0.6666666666666666,endo_only,0.0,262.0,False,43801766,43802126,47
chr17,45595310,45595950,0.0,26.94363895376481,0.0,1.0,endo_only,0.0,336.6666666666667,False,45595310,45595950,58
chr17,46856498,46857512,4.441175872196907,101.89492998888689,0.0435858376141117,0.6666666666666666,endo_only,0.0,1144.0,False,46856498,46857512,105
chr17,46891283,46891485,8.242825019812324,4.831567346217988,1.706035418561343,0.6666666666666666,endo_only,0.0,220.5,False,46891283,46891485,15
chr17,48095752,48096001,3.4991523455951623,18.248498184383408,0.1917501544641983,0.6666666666666666,endo_only,0.0,299.0,False,48095752,48096001,22
chr17,55944973,55945222,0.0,59.563867345717256,0.0,1.0,endo_only,0.0,515.0,False,55944973,55945222,33
chr17,56425027,56425905,0.0,34.16867947039375,0.0,1.0,endo_only,0.0,457.75,False,56425027,56425905,111
chr17,56511298,56512467,0.0,15.48836070146322,0.0,1.0,endo_only,0.0,268.5,False,56511298,56512467,107
chr17,56762028,56762269,12.028882905984132,13.378076380382144,0.8991489182722492,0.6666666666666666,endo_only,0.0,289.0,False,56762028,56762269,23
chr17,79615046,79615639,11.328689040130524,18.50663166990873,0.612142135975541,0.4,endo_only,0.0,356.5,False,79615046,79615639,59
chr17,79713371,79714228,3.9997551359948367,30.702738861329635,0.130273561393331,0.6666666666666666,endo_only,0.0,500.5,False,79713371,79714228,81
chr17,84958313,84958724,15.149575649162976,1774.723988478061,0.0085362995865935,1.0,endo_only,0.0,447.25,False,84958313,84958724,58
chr17,85059720,85059967,57.53543238980044,11.44859398780892,5.025545709024818,0.6666666666666666,endo_only,0.0,254.0,False,85059720,85059967,17
chr17,87134638,87135157,0.0,20.897136682221685,0.0,1.0,endo_only,0.0,413.5,False,87134638,87135157,33
chr17,87636416,87637283,3.122383089516461,8.471615951947188,0.3685699525600882,0.6666666666666666,endo_only,0.0,366.5,False,87636416,87637283,75
chr18,23310236,23310954,5.545843975728308,38.82251994612607,0.1428512106742237,0.8,endo_only,0.0,312.3333333333333,False,23310236,23310954,90
chr18,24653652,24654041,33.67057462848852,81.2490782486493,0.4144117736997005,1.0,endo_only,0.0,1004.5,False,24653652,24654041,39
chr18,25486690,25487054,18.22151184409925,12.539899692930296,1.453082743107755,0.6666666666666666,endo_only,0.0,319.5,False,25486690,25487054,32
chr18,25487218,25487562,0.0,15.53803922094132,0.0,1.0,endo_only,0.0,357.0,False,25487218,25487562,25
chr18,25678896,25679516,3.179899161780456,4.09173968806524,0.777150895267254,0.6666666666666666,endo_only,0.0,241.0,False,25678896,25679516,62
chr18,35860500,35860796,0.0,2.480028692128158,0.0,1.0,endo_only,0.0,175.0,False,35860500,35860796,26
chr18,35919005,35919290,0.0,12.040414443483668,0.0,1.0,endo_only,0.0,337.5,False,35919005,35919290,29
chr18,35930380,35930853,0.0,4.731923575051369,0.0,1.0,endo_only,0.0,185.0,False,35930380,35930853,49
chr18,36931568,36932215,0.0,3.722077331388807,0.0,1.0,endo_only,0.0,299.0,False,36931568,36932215,54
chr18,37486534,37487214,0.0,16.497832987524273,0.0,1.0,endo_only,0.0,370.0,False,37486534,37487214,49
chr18,37491259,37491518,0.0,3.358986353546328,0.0,1.0,endo_only,0.0,264.5,False,37491259,37491518,20
chr18,37505887,37506400,0.0,1.903832987043159,0.0,1.0,endo_only,0.0,153.0,False,37505887,37506400,37
chr18,37722058,37722540,0.0,1.9049666804700465,0.0,1.0,endo_only,0.0,206.0,False,37722058,37722540,46
chr18,37742254,37742517,0.0,10.318961149223265,0.0,1.0,endo_only,0.0,284.5,False,37742254,37742517,26
chr18,37763392,37763874,0.0,7.407440938043627,0.0,1.0,endo_only,0.0,411.0,False,37763392,37763874,50
chr18,42401357,42401676,0.0,2.3395950007714643,0.0,1.0,endo_only,0.0,253.0,False,42401357,42401676,31
chr18,53996091,53996295,0.0,12.085634925118624,0.0,1.0,endo_only,0.0,365.5,False,53996091,53996295,14
chr18,57363093,57363398,0.0,12.000653725841962,0.0,1.0,endo_only,0.0,420.0,False,57363093,57363398,24
chr18,61013927,61014346,0.0,2.592829764683436,0.0,1.0,endo_only,0.0,243.0,False,61013927,61014346,45
chr18,61035675,61036479,0.0,1.6425242110255935,0.0,1.0,endo_only,0.0,144.0,False,61035675,61036479,77
chr18,64612236,64612503,0.0,4.805985902133909,0.0,1.0,endo_only,0.0,181.5,False,64612236,64612503,20
chr18,67343955,67344182,0.0,17.19518983879988,0.0,1.0,endo_only,0.0,1051.0,False,67343955,67344182,16
chr18,73970126,73970413,0.0,16.228315013047023,0.0,1.0,endo_only,0.0,453.5,False,73970126,73970413,22
chr18,74442474,74443028,0.0,1.6066790032166651,0.0,1.0,endo_only,0.0,215.0,False,74442474,74443028,65
chr18,78048425,78048877,0.0,12.61022701060345,0.0,1.0,endo_only,0.0,370.0,False,78048425,78048877,65
chr18,81510365,81510596,0.0,12.843407546685418,0.0,1.0,endo_only,0.0,487.0,False,81510365,81510596,17
chr18,82914121,82914732,0.0,50.730884526540365,0.0,1.0,endo_only,0.0,873.0,False,82914121,82914732,44
chr18,82957130,82957337,0.0,16.72010245333399,0.0,1.0,endo_only,0.0,514.0,False,82957130,82957337,19
chr19,4867803,4868028,0.0,9.069569135723954,0.0,1.0,endo_only,0.0,340.0,False,4867803,4868028,17
chr19,5696018,5696271,0.0,4.098359681011356,0.0,1.0,endo_only,0.0,167.0,False,5696018,5696271,32
chr19,6401468,6401689,0.0,59.04562141825642,0.0,1.0,endo_only,0.0,631.0,False,6401468,6401689,21
chr19,6481299,6481505,0.0,43.90106120605171,0.0,1.0,endo_only,0.0,1112.0,False,6481299,6481505,18
chr19,6829958,6830465,0.0,25.570384049224312,0.0,1.0,endo_only,0.0,382.0,False,6829958,6830465,44
chr19,7070339,7070576,0.0,7.158045368694633,0.0,1.0,endo_only,0.0,351.0,False,7070339,7070576,16
chr19,16436343,16436900,0.0,3.747690096747175,0.0,1.0,endo_only,0.0,257.0,False,16436343,16436900,51
chr19,30539445,30539799,0.0,1.965075314332556,0.0,1.0,endo_only,0.0,221.0,False,30539445,30539799,42
chr19,37018415,37018686,0.0,1.87825656496532,0.0,1.0,endo_only,0.0,209.0,False,37018415,37018686,20
chr19,40326081,40326336,0.0,8.962874028259286,0.0,1.0,endo_only,0.0,630.0,False,40326081,40326336,21
chr19,41088568,41088790,0.0,4.718446736960092,0.0,1.0,endo_only,0.0,187.0,False,41088568,41088790,16
chr19,43599731,43600069,0.0,1.3604345552304806,0.0,1.0,endo_only,0.0,225.0,False,43599731,43600069,23
chr19,44674651,44674874,0.0,4.904677152398629,0.0,1.0,endo_only,0.0,394.0,False,44674651,44674874,29
chr19,44717372,44717588,0.0,11.59310587008675,0.0,1.0,endo_only,0.0,430.0,False,44717372,44717588,16
chr19,44758828,44759320,0.0,3.272870390451202,0.0,1.0,endo_only,0.0,214.0,False,44758828,44759320,39
chr19,45159075,45159368,0.0,1.1758968449384215,0.0,1.0,endo_only,0.0,189.0,False,45159075,45159368,25
chr19,45736932,45737257,0.0,16.82877957111494,0.0,1.0,endo_only,0.0,241.5,False,45736932,45737257,33
chr19,45742423,45742922,0.0,13.888882132382532,0.0,1.0,endo_only,0.0,781.0,False,45742423,45742922,60
chr19,46654118,46654424,0.0,15.70191561947868,0.0,1.0,endo_only,0.0,369.5,False,46654118,46654424,23
chr19,59467141,59467557,0.0,1.954644989856254,0.0,1.0,endo_only,0.0,145.0,False,59467141,59467557,29
chr2,9874641,9874956,0.0,2.836466177701744,0.0,1.0,endo_only,0.0,319.0,False,9874641,9874956,28
chr2,14627145,14627366,0.0,10.1917107415947,0.0,1.0,endo_only,0.0,521.0,False,14627145,14627366,17
chr2,23234413,23234668,0.0,1.9287196927561407,0.0,1.0,endo_only,0.0,186.0,False,23234413,23234668,29
chr2,24678983,24679525,0.0,20.12910007199048,0.0,1.0,endo_only,0.0,1155.0,False,24678983,24679525,48
chr2,25311238,25311568,0.0,23.17844898763147,0.0,1.0,endo_only,0.0,507.0,False,25311238,25311568,25
chr2,25877801,25878096,0.0,2.92644289889271,0.0,1.0,endo_only,0.0,374.0,False,25877801,25878096,35
chr2,26060179,26060436,0.0,4.992362870652274,0.0,1.0,endo_only,0.0,277.0,False,26060179,26060436,20
chr2,26603770,26604203,0.0,6.094752676354965,0.0,1.0,endo_only,0.0,408.0,False,26603770,26604203,56
chr2,26628187,26628785,0.0,9.860203244042433,0.0,1.0,endo_only,0.0,272.5,False,26628187,26628785,70
chr2,28700079,28700321,0.0,37.66995602124907,0.0,1.0,endo_only,0.0,717.5,False,28700079,28700321,22
chr2,28909689,28910009,0.0,30.517853253822693,0.0,1.0,endo_only,0.0,1129.0,False,28909689,28910009,25
chr2,28911901,28912165,0.0,12.359912144669222,0.0,1.0,endo_only,0.0,272.3333333333333,False,28911901,28912165,21
chr2,28917678,28918145,0.0,11.80185710420532,0.0,1.0,endo_only,0.0,353.0,False,28917678,28918145,59
chr2,29250311,29250526,0.0,7.417107506850006,0.0,1.0,endo_only,0.0,359.0,False,29250311,29250526,20
chr2,30545206,30545480,0.0,90.48573995795688,0.0,1.0,endo_only,0.0,912.0,False,30545206,30545480,30
chr2,31637900,31638106,0.0,3.7413051473360746,0.0,1.0,endo_only,0.0,328.0,False,31637900,31638106,17
chr2,31816441,31816650,0.0,3.3993076301934404,0.0,1.0,endo_only,0.0,209.0,False,31816441,31816650,18
chr2,32352843,32353458,0.0,20.290848258104813,0.0,1.0,endo_only,0.0,296.3333333333333,False,32352843,32353458,80
chr2,32594072,32594295,0.0,12.183569594888446,0.0,1.0,endo_only,0.0,338.0,False,32594072,32594295,17
chr2,32708011,32708226,0.0,10.00514432367131,0.0,1.0,endo_only,0.0,706.0,False,32708011,32708226,16
chr2,32741428,32741833,0.0,12.605277368723849,0.0,1.0,endo_only,0.0,581.0,False,32741428,32741833,43
chr2,33580693,33580989,0.0,4.802448020617951,0.0,1.0,endo_only,0.0,202.0,False,33580693,33580989,25
chr2,33966460,33966734,0.0,178.82500630220147,0.0,1.0,endo_only,0.0,1430.5,False,33966460,33966734,22
chr2,71264608,71264814,0.0,4.599519488498632,0.0,1.0,endo_only,0.0,244.0,False,71264608,71264814,17
chr2,74655439,74656362,0.0,6.6260074943775145,0.0,1.0,endo_only,0.0,232.5,False,74655439,74656362,84
chr2,74667775,74668850,0.0,15.160994694908794,0.0,1.0,endo_only,0.0,366.25,False,74667775,74668850,107
chr2,74692525,74692821,0.0,4.348062573342171,0.0,1.0,endo_only,0.0,489.0,False,74692525,74692821,22
chr2,74752888,74753402,0.0,2.3241411743372447,0.0,1.0,endo_only,0.0,164.0,False,74752888,74753402,55
chr2,79428631,79428911,0.0,2.92147148687568,0.0,1.0,endo_only,0.0,222.0,False,79428631,79428911,29
chr2,90885644,90886082,0.0,13.957989986563392,0.0,1.0,endo_only,0.0,321.0,False,90885644,90886082,44
chr2,102058557,102058767,0.0,11.394026594829397,0.0,1.0,endo_only,0.0,480.0,False,102058557,102058767,18
chr2,105682175,105682387,0.0,11.791152026702203,0.0,1.0,endo_only,0.0,448.0,False,105682175,105682387,17
chr2,115860418,115860660,0.0,2.8005402212658743,0.0,1.0,endo_only,0.0,254.0,False,115860418,115860660,21
chr2,122298662,122299109,0.0,17.12620995762195,0.0,1.0,endo_only,0.0,974.0,False,122298662,122299109,30
chr2,127541035,127541535,0.0,24.987100554067684,0.0,1.0,endo_only,0.0,529.0,False,127541035,127541535,42
chr2,131041044,131041752,0.0,23.047602072675858,0.0,1.0,endo_only,0.0,457.5,False,131041044,131041752,105
chr2,146218332,146218679,0.0,17.933540575865848,0.0,1.0,endo_only,0.0,441.0,False,146218332,146218679,35
chr2,146221265,146223848,0.0,18.547167487711,0.0,1.0,endo_only,0.0,336.5,False,146221265,146223848,252
chr2,148408150,148408408,0.0,59.095204643156656,0.0,1.0,endo_only,0.0,1204.0,False,148408150,148408408,20
chr2,151701994,151702987,0.0,60.91592402073445,0.0,1.0,endo_only,0.0,642.0,False,151701994,151702987,114
chr2,152707611,152707865,0.0,9.846975332516267,0.0,1.0,endo_only,0.0,400.0,False,152707611,152707865,29
chr2,163438488,163438801,0.0,7.79984275048036,0.0,1.0,endo_only,0.0,234.5,False,163438488,163438801,26
chr2,164414360,164414612,0.0,6.084796484219857,0.0,1.0,endo_only,0.0,658.0,False,164414360,164414612,27
chr2,164967876,164968857,0.0,14.559887915532514,0.0,1.0,endo_only,0.0,234.0,False,164967876,164968857,83
chr2,165845571,165845816,0.0,30.773931630265228,0.0,1.0,endo_only,0.0,959.0,False,165845571,165845816,18
chr2,165861622,165861885,0.0,15.81945875243349,0.0,1.0,endo_only,0.0,706.0,False,165861622,165861885,19
chr2,167597342,167597800,0.0,9.997214718712438,0.0,1.0,endo_only,0.0,311.0,False,167597342,167597800,38
chr2,168750087,168750425,0.0,4.685972063100676,0.0,1.0,endo_only,0.0,410.0,False,168750087,168750425,24
chr2,168765055,168765272,0.0,2.0006422883476245,0.0,1.0,endo_only,0.0,225.0,False,168765055,168765272,23
chr2,168935186,168935510,0.0,0.9678150094653768,0.0,1.0,endo_only,0.0,175.0,False,168935186,168935510,34
chr2,174284647,174285390,0.0,12.304825060951671,0.0,1.0,endo_only,0.0,487.0,False,174284647,174285390,56
chr2,174457131,174457452,0.0,2.4796868976371367,0.0,1.0,endo_only,0.0,211.0,False,174457131,174457452,22
chr2,180641944,180642920,0.0,12.236617314942588,0.0,1.0,endo_only,0.0,221.5,False,180641944,180642920,103
chr2,181697242,181697469,0.0,1.6902220963400596,0.0,1.0,endo_only,0.0,163.0,False,181697242,181697469,19
chr3,8327265,8327511,0.0,0.912511294638784,0.0,1.0,endo_only,0.0,165.0,False,8327265,8327511,27
chr3,8462763,8463058,0.0,1.996123173121381,0.0,1.0,endo_only,0.0,175.0,False,8462763,8463058,27
chr3,8805767,8805993,0.0,28.72843502241227,0.0,1.0,endo_only,0.0,755.0,False,8805767,8805993,16
chr3,9968626,9968876,0.0,35.92920174121378,0.0,1.0,endo_only,0.0,910.0,False,9968626,9968876,18
chr3,10366841,10367127,0.0,2.79399664220184,0.0,1.0,endo_only,0.0,227.0,False,10366841,10367127,22
chr3,30599720,30599987,0.0,1.7178805953932663,0.0,1.0,endo_only,0.0,230.0,False,30599720,30599987,20
chr3,37348823,37349120,0.0,10.948300169998385,0.0,1.0,endo_only,0.0,593.0,False,37348823,37349120,32
chr3,54810972,54811405,0.0,2.9776651147551214,0.0,1.0,endo_only,0.0,299.0,False,54810972,54811405,40
chr3,63905340,63905548,0.0,12.131882479197808,0.0,1.0,endo_only,0.0,758.0,False,63905340,63905548,18
chr3,66978213,66978438,0.0,3.364545540572259,0.0,1.0,endo_only,0.0,157.0,False,66978213,66978438,17
chr3,66978754,66979046,0.0,5.4972279041633,0.0,1.0,endo_only,0.0,276.0,False,66978754,66979046,25
chr3,87768883,87769188,0.0,7.349268221714233,0.0,1.0,endo_only,0.0,293.5,False,87768883,87769188,36
chr3,89187162,89187479,0.0,20.888552858554373,0.0,1.0,endo_only,0.0,589.0,False,89187162,89187479,23
chr3,89316505,89316748,0.0,2.957748220109349,0.0,1.0,endo_only,0.0,308.0,False,89316505,89316748,21
chr3,89393042,89393245,0.0,13.177545287662054,0.0,1.0,endo_only,0.0,570.0,False,89393042,89393245,16
chr3,94363448,94364383,0.0,7.618438074008123,0.0,1.0,endo_only,0.0,476.0,False,94363448,94364383,112
chr3,94779211,94779426,0.0,15.100561895552906,0.0,1.0,endo_only,0.0,452.0,False,94779211,94779426,18
chr3,95356816,95357319,0.0,9.020288522724128,0.0,1.0,endo_only,0.0,285.0,False,95356816,95357319,51
chr3,96684839,96685103,0.0,3.70657869611581,0.0,1.0,endo_only,0.0,248.0,False,96684839,96685103,27
chr3,99240888,99241581,0.0,1.6694868286482525,0.0,1.0,endo_only,0.0,322.0,False,99240888,99241581,47
chr3,101080279,101080488,0.0,1.028649095774629,0.0,1.0,endo_only,0.0,186.0,False,101080279,101080488,16
chr3,107343037,107343254,0.0,5.696757952374923,0.0,1.0,endo_only,0.0,281.0,False,107343037,107343254,16
chr3,108239707,108239993,0.0,2.059893033300043,0.0,1.0,endo_only,0.0,213.0,False,108239707,108239993,28
chr3,130068396,130068610,0.0,2.4711887398550307,0.0,1.0,endo_only,0.0,386.0,False,130068396,130068610,23
chr3,130180706,130181597,0.0,2.291653767958491,0.0,1.0,endo_only,0.0,195.0,False,130180706,130181597,66
chr3,134829264,134829633,0.0,17.273375422693263,0.0,1.0,endo_only,0.0,343.5,False,134829264,134829633,29
chr3,141211320,141211889,0.0,11.59085084633666,0.0,1.0,endo_only,0.0,266.0,False,141211320,141211889,39
chr3,143100780,143101147,0.0,3.8428517510059184,0.0,1.0,endo_only,0.0,282.0,False,143100780,143101147,42
chr4,8751762,8752020,0.0,41.53574983272723,0.0,1.0,endo_only,0.0,1137.5,False,8751762,8752020,21
chr4,8922101,8922303,0.0,12.165988944643798,0.0,1.0,endo_only,0.0,374.0,False,8922101,8922303,16
chr4,12140246,12141000,0.0,18.4277132667977,0.0,1.0,endo_only,0.0,315.5,False,12140246,12141000,71
chr4,15148892,15149129,0.0,1.831699161776048,0.0,1.0,endo_only,0.0,206.0,False,15148892,15149129,22
chr4,21678219,21679876,0.0,2.970548122520037,0.0,1.0,endo_only,0.0,232.0,False,21678219,21679876,169
chr4,41725709,41726228,0.0,1.064599630838348,0.0,1.0,endo_only,0.0,220.0,False,41725709,41726228,39
chr4,44425180,44425727,0.0,26.53331706986809,0.0,1.0,endo_only,0.0,1509.0,False,44425180,44425727,55
chr4,46614070,46614452,0.0,4.061760267156745,0.0,1.0,endo_only,0.0,231.0,False,46614070,46614452,26
chr4,48047189,48047577,0.0,21.10728026583525,0.0,1.0,endo_only,0.0,378.6666666666667,False,48047189,48047577,29
chr4,64017529,64017827,0.0,16.2317897539838,0.0,1.0,endo_only,0.0,588.5,False,64017529,64017827,23
chr4,66402788,66403061,0.0,3.0985889898700383,0.0,1.0,endo_only,0.0,484.0,False,66402788,66403061,25
chr4,70249184,70249439,0.0,2.780374350474256,0.0,1.0,endo_only,0.0,275.0,False,70249184,70249439,29
chr4,89307030,89307249,0.0,3.187153854828064,0.0,1.0,endo_only,0.0,309.0,False,89307030,89307249,19
chr4,99445464,99445743,0.0,4.421339850879948,0.0,1.0,endo_only,0.0,214.0,False,99445464,99445743,22
chr4,101292974,101293370,0.0,21.35326017875396,0.0,1.0,endo_only,0.0,1012.0,False,101292974,101293370,38
chr4,107683544,107683992,0.0,21.98073754204481,0.0,1.0,endo_only,0.0,637.0,False,107683544,107683992,39
chr4,108021181,108021399,0.0,9.036981423977284,0.0,1.0,endo_only,0.0,229.5,False,108021181,108021399,15
chr4,114821676,114822057,0.0,27.96426106655829,0.0,1.0,endo_only,0.0,936.0,False,114821676,114822057,33
chr4,115943985,115944303,0.0,11.65706385973932,0.0,1.0,endo_only,0.0,437.0,False,115943985,115944303,29
chr4,116840052,116840353,0.0,2.358087975288228,0.0,1.0,endo_only,0.0,221.0,False,116840052,116840353,33
chr4,117729384,117729589,0.0,6.089420189754978,0.0,1.0,endo_only,0.0,439.0,False,117729384,117729589,24
chr4,117882948,117883469,0.0,25.88329340265828,0.0,1.0,endo_only,0.0,475.0,False,117882948,117883469,64
chr4,118212042,118212247,0.0,1.782512463970365,0.0,1.0,endo_only,0.0,191.0,False,118212042,118212247,17
chr4,120697918,120698262,0.0,7.896552039134996,0.0,1.0,endo_only,0.0,260.5,False,120697918,120698262,26
chr4,123233608,123234080,0.0,4.225348622550053,0.0,1.0,endo_only,0.0,330.0,False,123233608,123234080,41
chr4,123990724,123990945,0.0,8.585077788263364,0.0,1.0,endo_only,0.0,558.0,False,123990724,123990945,21
chr4,124575210,124575876,0.0,2.824772740230609,0.0,1.0,endo_only,0.0,238.0,False,124575210,124575876,64
chr4,126236895,126237234,0.0,5.525579677550415,0.0,1.0,endo_only,0.0,419.0,False,126236895,126237234,44
chr4,126735186,126736306,0.0,18.736111475586004,0.0,1.0,endo_only,0.0,379.5,False,126735186,126736306,118
chr4,127987754,127988323,0.0,179.96397772242733,0.0,1.0,endo_only,0.0,1718.5,False,127987754,127988323,55
chr4,129287560,129287925,0.0,2.109492600007432,0.0,1.0,endo_only,0.0,359.0,False,129287560,129287925,47
chr4,131819469,131819678,0.0,9.084503043533498,0.0,1.0,endo_only,0.0,387.0,False,131819469,131819678,18
chr4,133220775,133221025,0.0,1.6114167139507722,0.0,1.0,endo_only,0.0,333.0,False,133220775,133221025,24
chr4,133250810,133251146,0.0,8.555503587784616,0.0,1.0,endo_only,0.0,476.0,False,133250810,133251146,24
chr4,133251356,133251577,0.0,2.916490755227228,0.0,1.0,endo_only,0.0,205.0,False,133251356,133251577,22
chr4,133518939,133519569,0.0,15.598822055433589,0.0,1.0,endo_only,0.0,303.0,False,133518939,133519569,63
chr4,134072901,134073113,0.0,10.697793053772491,0.0,1.0,endo_only,0.0,318.5,False,134072901,134073113,20
chr4,134343011,134343491,0.0,2.8366415332567883,0.0,1.0,endo_only,0.0,239.0,False,134343011,134343491,47
chr4,136442896,136443175,0.0,1.6072669779803783,0.0,1.0,endo_only,0.0,150.0,False,136442896,136443175,20
chr4,136770937,136771547,0.0,3.802839454972936,0.0,1.0,endo_only,0.0,289.5,False,136770937,136771547,42
chr4,140034425,140034657,0.0,2.0013503901390624,0.0,1.0,endo_only,0.0,331.0,False,140034425,140034657,21
chr4,141010538,141010775,0.0,7.966991528368091,0.0,1.0,endo_only,0.0,350.0,False,141010538,141010775,24
chr4,141025205,141025506,0.0,13.198080805677384,0.0,1.0,endo_only,0.0,556.0,False,141025205,141025506,32
chr4,141425841,141426053,0.0,4.727911893432672,0.0,1.0,endo_only,0.0,211.0,False,141425841,141426053,17
chr4,141464412,141464619,0.0,7.208505273935974,0.0,1.0,endo_only,0.0,485.0,False,141464412,141464619,16
chr4,143349995,143350733,0.0,11.545927632594015,0.0,1.0,endo_only,0.0,314.0,False,143349995,143350733,66
chr4,145246400,145246821,0.0,4.129323813789026,0.0,1.0,endo_only,0.0,215.0,False,145246400,145246821,30
chr4,145640284,145641297,0.0,0.822645169284178,0.0,1.0,endo_only,0.0,170.0,False,145640284,145641297,108
chr4,147738466,147739154,0.0,3.263913362643857,0.0,1.0,endo_only,0.0,297.0,False,147738466,147739154,86
chr4,152290245,152290730,0.0,15.7655110576983,0.0,1.0,endo_only,0.0,281.0,False,152290245,152290730,49
chr4,152338344,152339114,0.0,9.803157267505496,0.0,1.0,endo_only,0.0,448.5,False,152338344,152339114,74
chr4,153481625,153483437,0.0,1.5536914120476994,0.0,1.0,endo_only,0.0,145.0,False,153481625,153483437,166
chr4,154141473,154141729,0.0,18.96449414003342,0.0,1.0,endo_only,0.0,331.0,False,154141473,154141729,20
chr4,154299702,154300236,0.0,2.468703371788884,0.0,1.0,endo_only,0.0,234.0,False,154299702,154300236,60
chr4,155654727,155654959,0.0,6.901402750165087,0.0,1.0,endo_only,0.0,539.0,False,155654727,155654959,24
chr4,155803396,155803952,0.0,28.27620601711984,0.0,1.0,endo_only,0.0,325.25,False,155803396,155803952,55
chr5,4192186,4192573,0.0,6.0008603514203145,0.0,1.0,endo_only,0.0,456.0,False,4192186,4192573,36
chr5,21675772,21676020,0.0,4.531938711082367,0.0,1.0,endo_only,0.0,277.0,False,21675772,21676020,25
chr5,24164871,24165339,0.0,38.78818242760838,0.0,1.0,endo_only,0.0,395.0,False,24164871,24165339,45
chr5,24324955,24325266,0.0,1.7368854298012508,0.0,1.0,endo_only,0.0,201.0,False,24324955,24325266,28
chr5,24351224,24351884,0.0,27.83550583000475,0.0,1.0,endo_only,0.0,462.5,False,24351224,24351884,81
chr5,24425082,24425798,0.0,14.20293675660622,0.0,1.0,endo_only,0.0,783.0,False,24425082,24425798,62
chr5,27049331,27049871,0.0,1.5606062770243965,0.0,1.0,endo_only,0.0,215.0,False,27049331,27049871,52
chr5,28118167,28118674,0.0,3.3364464623873933,0.0,1.0,endo_only,0.0,230.0,False,28118167,28118674,36
chr5,28209589,28210387,0.0,2.3843101826147985,0.0,1.0,endo_only,0.0,339.0,False,28209589,28210387,79
chr5,28464442,28465440,0.0,1.3316250204400166,0.0,1.0,endo_only,0.0,208.0,False,28464442,28465440,97
chr5,31137309,31137593,0.0,3.056920059408744,0.0,1.0,endo_only,0.0,268.0,False,31137309,31137593,23
chr5,34549528,34549797,0.0,5.761843921518747,0.0,1.0,endo_only,0.0,270.0,False,34549528,34549797,28
chr5,35396989,35398130,0.0,13.171567804322208,0.0,1.0,endo_only,0.0,253.75,False,35396989,35398130,91
chr5,35399680,35400094,0.0,4.629966875232339,0.0,1.0,endo_only,0.0,235.0,False,35399680,35400094,49
chr5,41761658,41762189,0.0,3.2217941556941017,0.0,1.0,endo_only,0.0,239.0,False,41761658,41762189,56
chr5,47986121,47986390,0.0,15.38163491256308,0.0,1.0,endo_only,0.0,733.0,False,47986121,47986390,31
chr5,64821980,64822270,0.0,12.238512294713372,0.0,1.0,endo_only,0.0,397.5,False,64821980,64822270,22
chr5,65379604,65379952,0.0,1.320033109108795,0.0,1.0,endo_only,0.0,201.0,False,65379604,65379952,25
chr5,74620010,74620304,0.0,7.969668606673616,0.0,1.0,endo_only,0.0,490.0,False,74620010,74620304,24
chr5,89684366,89684585,0.0,26.99422299482198,0.0,1.0,endo_only,0.0,386.6666666666667,False,89684366,89684585,16
chr5,92682796,92683211,0.0,5.143252514016377,0.0,1.0,endo_only,0.0,310.0,False,92682796,92683211,31
chr5,99037145,99037435,0.0,16.94861455980873,0.0,1.0,endo_only,0.0,714.0,False,99037145,99037435,36
chr5,101764795,101765669,0.0,18.2669402612369,0.0,1.0,endo_only,0.0,368.5,False,101764795,101765669,112
chr5,106925741,106926046,0.0,7.481937462651049,0.0,1.0,endo_only,0.0,274.0,False,106925741,106926046,36
chr5,111285108,111285316,0.0,20.709619483682804,0.0,1.0,endo_only,0.0,346.0,False,111285108,111285316,16
chr5,113587714,113588105,0.0,1.990937818679223,0.0,1.0,endo_only,0.0,180.0,False,113587714,113588105,30
chr5,115126991,115127398,0.0,35.303197956718684,0.0,1.0,endo_only,0.0,579.5,False,115126991,115127398,31
chr5,116444534,116444762,0.0,10.43859502089508,0.0,1.0,endo_only,0.0,604.0,False,116444534,116444762,22
chr5,117413599,117414352,0.0,8.088066912565774,0.0,1.0,endo_only,0.0,219.5,False,117413599,117414352,78
chr5,118237222,118237438,0.0,5.937895943386157,0.0,1.0,endo_only,0.0,477.0,False,118237222,118237438,16
chr5,120427609,120427961,0.0,12.284194438277355,0.0,1.0,endo_only,0.0,621.0,False,120427609,120427961,32
chr5,120438068,120438364,0.0,11.153739593247357,0.0,1.0,endo_only,0.0,529.0,False,120438068,120438364,32
chr5,120631230,120631441,0.0,5.758500753062157,0.0,1.0,endo_only,0.0,170.0,False,120631230,120631441,25
chr5,122951781,122951984,0.0,8.370815700765423,0.0,1.0,endo_only,0.0,194.0,False,122951781,122951984,16
chr5,122988148,122988642,0.0,7.965572308811197,0.0,1.0,endo_only,0.0,509.0,False,122988148,122988642,38
chr5,123371090,123371300,0.0,12.116638691001734,0.0,1.0,endo_only,0.0,346.0,False,123371090,123371300,18
chr5,124353479,124354650,0.0,9.733828260652386,0.0,1.0,endo_only,0.0,157.5,False,124353479,124354650,116
chr5,128736036,128736348,0.0,13.088675130054911,0.0,1.0,endo_only,0.0,400.0,False,128736036,128736348,23
chr5,129225844,129226135,0.0,1.3155415332593592,0.0,1.0,endo_only,0.0,173.0,False,129225844,129226135,22
chr5,134522700,134522953,0.0,25.18939968130742,0.0,1.0,endo_only,0.0,240.0,False,134522700,134522953,22
chr5,135089688,135090050,0.0,2.3623573446327915,0.0,1.0,endo_only,0.0,246.0,False,135089688,135090050,38
chr5,135349851,135350155,0.0,2.1803426448689898,0.0,1.0,endo_only,0.0,248.0,False,135349851,135350155,34
chr5,135903608,135903809,0.0,2.8744159395721325,0.0,1.0,endo_only,0.0,189.0,False,135903608,135903809,16
chr5,137432961,137433215,0.0,2.173747219461691,0.0,1.0,endo_only,0.0,215.0,False,137432961,137433215,19
chr5,138275485,138276046,0.0,14.704927963284094,0.0,1.0,endo_only,0.0,501.0,False,138275485,138276046,38
chr5,139553163,139553452,0.0,4.7844648841260335,0.0,1.0,endo_only,0.0,228.0,False,139553163,139553452,26
chr5,142820897,142821160,0.0,58.70502298314704,0.0,1.0,endo_only,0.0,1041.5,False,142820897,142821160,18
chr5,144545394,144546764,0.0,16.534797716197406,0.0,1.0,endo_only,0.0,321.0,False,144545394,144546764,154
chr5,147270137,147270628,0.0,2.602344447101697,0.0,1.0,endo_only,0.0,370.0,False,147270137,147270628,37
chr5,149015495,149015859,0.0,5.492960980203076,0.0,1.0,endo_only,0.0,286.0,False,149015495,149015859,24
chr6,3763576,3763862,0.0,1.9120779668083416,0.0,1.0,endo_only,0.0,336.0,False,3763576,3763862,29
chr6,6860760,6860979,0.0,2.3652037720020807,0.0,1.0,endo_only,0.0,266.0,False,6860760,6860979,18
chr6,29402791,29403103,0.0,8.215963579815085,0.0,1.0,endo_only,0.0,525.0,False,29402791,29403103,32
chr6,31551053,31551257,0.0,62.71970373058542,0.0,1.0,endo_only,0.0,1640.0,False,31551053,31551257,17
chr6,34921371,34921757,0.0,317.8923725705533,0.0,1.0,endo_only,0.0,661.5,False,34921371,34921757,34
chr6,47904639,47905350,0.0,2.1269001716350058,0.0,1.0,endo_only,0.0,299.0,False,47904639,47905350,57
chr6,48063944,48064147,0.0,9.117934707944732,0.0,1.0,endo_only,0.0,754.0,False,48063944,48064147,18
chr6,52168677,52169061,0.0,17.43552076609929,0.0,1.0,endo_only,0.0,359.0,False,52168677,52169061,34
chr6,52206446,52206654,0.0,11.254241332637683,0.0,1.0,endo_only,0.0,502.0,False,52206446,52206654,21
chr6,52316547,52316860,0.0,6.12731786466918,0.0,1.0,endo_only,0.0,311.0,False,52316547,52316860,44
chr6,55676991,55677213,0.0,7.930440958993653,0.0,1.0,endo_only,0.0,350.0,False,55676991,55677213,19
chr6,83086319,83086720,0.0,1.0141332578040356,0.0,1.0,endo_only,0.0,163.0,False,83086319,83086720,30
chr6,83135740,83136072,0.0,12.194690475997453,0.0,1.0,endo_only,0.0,324.5,False,83135740,83136072,31
chr6,83368001,83368474,0.0,16.915441651110786,0.0,1.0,endo_only,0.0,286.0,False,83368001,83368474,32
chr6,84134929,84135137,0.0,2.60146115473104,0.0,1.0,endo_only,0.0,269.0,False,84134929,84135137,15
chr6,84135481,84135753,0.0,5.954166853150397,0.0,1.0,endo_only,0.0,387.0,False,84135481,84135753,21
chr6,86388668,86388878,0.0,2.426453807015791,0.0,1.0,endo_only,0.0,234.0,False,86388668,86388878,16
chr6,88198416,88199830,0.0,11.297604208864373,0.0,1.0,endo_only,0.0,238.5,False,88198416,88199830,106
chr6,90325047,90325311,0.0,13.874445415031792,0.0,1.0,endo_only,0.0,253.66666666666663,False,90325047,90325311,22
chr6,90905567,90905844,0.0,5.477218087135765,0.0,1.0,endo_only,0.0,356.0,False,90905567,90905844,37
chr6,99666389,99666913,0.0,17.06949964894862,0.0,1.0,endo_only,0.0,324.0,False,99666389,99666913,63
chr6,112727264,112727536,0.0,12.65044440540162,0.0,1.0,endo_only,0.0,741.0,False,112727264,112727536,21
chr6,113193928,113194365,0.0,23.21366514529041,0.0,1.0,endo_only,0.0,644.0,False,113193928,113194365,36
chr6,113501731,113502045,0.0,7.929223733293097,0.0,1.0,endo_only,0.0,622.0,False,113501731,113502045,27
chr6,115774520,115774734,0.0,5.215542397685105,0.0,1.0,endo_only,0.0,611.0,False,115774520,115774734,20
chr6,124863583,124863959,0.0,36.50063382517911,0.0,1.0,endo_only,0.0,626.5,False,124863583,124863959,34
chr6,124910090,124910346,0.0,2.382551841772162,0.0,1.0,endo_only,0.0,271.0,False,124910090,124910346,30
chr6,125285873,125286114,0.0,4.119721631793231,0.0,1.0,endo_only,0.0,297.0,False,125285873,125286114,20
chr6,126644088,126645125,0.0,2.3029615674757102,0.0,1.0,endo_only,0.0,259.0,False,126644088,126645125,82
chr6,134869872,134870187,0.0,2.5882195727751776,0.0,1.0,endo_only,0.0,144.0,False,134869872,134870187,23
chr6,136328529,136328742,0.0,5.930234189219881,0.0,1.0,endo_only,0.0,212.0,False,136328529,136328742,24
chr6,142414629,142414856,0.0,7.397927769356872,0.0,1.0,endo_only,0.0,520.0,False,142414629,142414856,21
chr7,3366695,3366942,0.0,2.988295527181752,0.0,1.0,endo_only,0.0,206.0,False,3366695,3366942,27
chr7,4146944,4147148,0.0,11.26203991217345,0.0,1.0,endo_only,0.0,242.0,False,4146944,4147148,18
chr7,4707259,4707474,0.0,2.5384472506617133,0.0,1.0,endo_only,0.0,216.0,False,4707259,4707474,20
chr7,6189543,6189911,0.0,2.0748421943108126,0.0,1.0,endo_only,0.0,236.0,False,6189543,6189911,45
chr7,12803403,12803766,0.0,6.686582854868076,0.0,1.0,endo_only,0.0,400.0,False,12803403,12803766,29
chr7,14622325,14623100,0.0,1.8313396631074423,0.0,1.0,endo_only,0.0,271.0,False,14622325,14623100,100
chr7,16061523,16061849,0.0,4.892311564743804,0.0,1.0,endo_only,0.0,337.0,False,16061523,16061849,54
chr7,16218183,16218393,0.0,4.27451981558037,0.0,1.0,endo_only,0.0,221.0,False,16218183,16218393,17
chr7,16312088,16312450,0.0,9.00484726361364,0.0,1.0,endo_only,0.0,501.0,False,16312088,16312450,32
chr7,16875430,16875650,0.0,2820.9863956064823,0.0,1.0,endo_only,0.0,1586.3333333333333,False,16875430,16875650,26
chr7,18962878,18963101,0.0,7.67036961435414,0.0,1.0,endo_only,0.0,526.0,False,18962878,18963101,17
chr7,19065704,19066021,0.0,8.387276073799676,0.0,1.0,endo_only,0.0,318.0,False,19065704,19066021,39
chr7,19179263,19179866,0.0,9.07192322457022,0.0,1.0,endo_only,0.0,182.0,False,19179263,19179866,53
chr7,19304861,19305262,0.0,65.17195011991849,0.0,1.0,endo_only,0.0,531.6666666666666,False,19304861,19305262,35
chr7,19429373,19429601,0.0,7.596029061012682,0.0,1.0,endo_only,0.0,339.0,False,19429373,19429601,21
chr7,19469550,19470092,0.0,9.06530623306242,0.0,1.0,endo_only,0.0,472.0,False,19469550,19470092,40
chr7,19809463,19809725,0.0,1.428912889136296,0.0,1.0,endo_only,0.0,159.0,False,19809463,19809725,24
chr7,25225712,25226098,0.0,10.989550393964068,0.0,1.0,endo_only,0.0,302.5,False,25225712,25226098,28
chr7,25422817,25423041,0.0,25.197209714071576,0.0,1.0,endo_only,0.0,663.5,False,25422817,25423041,26
chr7,25816275,25816698,0.0,3.6001948306011218,0.0,1.0,endo_only,0.0,210.0,False,25816275,25816698,30
chr7,27364107,27364543,0.0,8.585089188747782,0.0,1.0,endo_only,0.0,434.0,False,27364107,27364543,53
chr7,27375325,27375567,0.0,9.82956657467468,0.0,1.0,endo_only,0.0,482.0,False,27375325,27375567,22
chr7,27396380,27396604,0.0,18.62542018647996,0.0,1.0,endo_only,0.0,463.5,False,27396380,27396604,28
chr7,28301283,28301506,0.0,17.357032194514428,0.0,1.0,endo_only,0.0,265.0,False,28301283,28301506,21
chr7,29161529,29161873,0.0,3.868975752889413,0.0,1.0,endo_only,0.0,294.0,False,29161529,29161873,27
chr7,29792836,29793351,0.0,2.3960126634931176,0.0,1.0,endo_only,0.0,197.0,False,29792836,29793351,38
chr7,30233444,30233688,0.0,38.20809445192493,0.0,1.0,endo_only,0.0,458.0,False,30233444,30233688,18
chr7,30360397,30360802,0.0,34.391963580206344,0.0,1.0,endo_only,0.0,1224.0,False,30360397,30360802,34
chr7,30973109,30973518,0.0,3.0655589202754467,0.0,1.0,endo_only,0.0,181.0,False,30973109,30973518,41
chr7,31052107,31052335,0.0,3.34415351978814,0.0,1.0,endo_only,0.0,215.0,False,31052107,31052335,19
chr7,34230065,34230396,0.0,74.17035146838255,0.0,1.0,endo_only,0.0,630.0,False,34230065,34230396,41
chr7,35185306,35185532,0.0,5.723955930392225,0.0,1.0,endo_only,0.0,240.0,False,35185306,35185532,29
chr7,35537403,35537789,0.0,3.5782185580983583,0.0,1.0,endo_only,0.0,220.0,False,35537403,35537789,26
chr7,37569388,37569617,0.0,8.845347741062092,0.0,1.0,endo_only,0.0,225.5,False,37569388,37569617,18
chr7,37773504,37773708,0.0,5.230478778049924,0.0,1.0,endo_only,0.0,387.0,False,37773504,37773708,20
chr7,44551986,44552399,0.0,37.99102373751649,0.0,1.0,endo_only,0.0,559.5,False,44551986,44552399,33
chr7,44852574,44852781,0.0,32.39939531693417,0.0,1.0,endo_only,0.0,679.5,False,44852574,44852781,23
chr7,45174751,45175049,0.0,14.59455425790352,0.0,1.0,endo_only,0.0,239.0,False,45174751,45175049,22
chr7,45357719,45357941,0.0,1.4060988727835095,0.0,1.0,endo_only,0.0,226.0,False,45357719,45357941,18
chr7,45376718,45377276,0.0,8.190371207931209,0.0,1.0,endo_only,0.0,264.5,False,45376718,45377276,51
chr7,45679084,45679307,0.0,310.3895913310411,0.0,1.0,endo_only,0.0,2311.5,False,45679084,45679307,16
chr7,45713359,45713615,0.0,25.706310193790983,0.0,1.0,endo_only,0.0,441.0,False,45713359,45713615,21
chr7,45795012,45795317,0.0,4.176979844158699,0.0,1.0,endo_only,0.0,367.0,False,45795012,45795317,21
chr7,49911830,49912323,0.0,2.0255358933431595,0.0,1.0,endo_only,0.0,335.0,False,49911830,49912323,42
chr7,62377182,62377459,0.0,3.6872336063822906,0.0,1.0,endo_only,0.0,233.0,False,62377182,62377459,20
chr7,62463584,62464534,0.0,15.11179998193525,0.0,1.0,endo_only,0.0,327.25,False,62463584,62464534,100
chr7,80402966,80403167,0.0,6.211410551321517,0.0,1.0,endo_only,0.0,296.0,False,80402966,80403167,26
chr7,81706540,81707203,0.0,13.61352714549118,0.0,1.0,endo_only,0.0,333.0,False,81706540,81707203,90
chr7,88130187,88130695,0.0,17.377657734098268,0.0,1.0,endo_only,0.0,529.0,False,88130187,88130695,48
chr7,92669147,92669356,0.0,20.63301088010054,0.0,1.0,endo_only,0.0,560.0,False,92669147,92669356,15
chr7,99248980,99249269,0.0,37.41129555695722,0.0,1.0,endo_only,0.0,569.6666666666666,False,99248980,99249269,38
chr7,100582775,100583160,0.0,4.961233023211322,0.0,1.0,endo_only,0.0,481.0,False,100582775,100583160,29
chr7,101296765,101296967,0.0,23.104291191410976,0.0,1.0,endo_only,0.0,928.0,False,101296765,101296967,20
chr7,102113277,102113617,0.0,7.99188510619269,0.0,1.0,endo_only,0.0,642.0,False,102113277,102113617,37
chr7,123982572,123983871,0.0,2.980387728268498,0.0,1.0,endo_only,0.0,339.0,False,123982572,123983871,147
chr7,126272596,126273258,0.0,63.798090280616286,0.0,1.0,endo_only,0.0,506.1666666666667,False,126272596,126273258,62
chr7,126847586,126847941,0.0,5.497937717723775,0.0,1.0,endo_only,0.0,262.0,False,126847586,126847941,39
chr7,127021216,127021431,0.0,4.177369790807608,0.0,1.0,endo_only,0.0,221.0,False,127021216,127021431,17
chr7,127614582,127614935,0.0,72.85562623274917,0.0,1.0,endo_only,0.0,895.5,False,127614582,127614935,44
chr7,128009919,128010402,0.0,8.026752808970874,0.0,1.0,endo_only,0.0,434.0,False,128009919,128010402,44
chr7,131541922,131544729,0.0,5.8388055996811135,0.0,1.0,endo_only,0.0,257.5,False,131541922,131544729,232
chr7,139248232,139249006,0.0,46.38041926145103,0.0,1.0,endo_only,0.0,527.0,False,139248232,139249006,84
chr7,141068553,141068775,0.0,3.047732413308014,0.0,1.0,endo_only,0.0,209.0,False,141068553,141068775,21
chr7,141361541,141361824,0.0,1.8167295170477205,0.0,1.0,endo_only,0.0,146.0,False,141361541,141361824,22
chr7,144284660,144284867,0.0,17.2329634148728,0.0,1.0,endo_only,0.0,610.5,False,144284660,144284867,16
chr7,144678477,144678948,0.0,53.9803806762022,0.0,1.0,endo_only,0.0,737.0,False,144678477,144678948,62
chr8,3451857,3452227,0.0,1.7524403357331932,0.0,1.0,endo_only,0.0,195.0,False,3451857,3452227,35
chr8,3630823,3631224,0.0,8.411941571421258,0.0,1.0,endo_only,0.0,353.0,False,3630823,3631224,32
chr8,4493286,4493562,0.0,2.506648221701201,0.0,1.0,endo_only,0.0,259.0,False,4493286,4493562,21
chr8,20424211,20424870,0.0,11.305101976633248,0.0,1.0,endo_only,0.0,196.0,False,20424211,20424870,69
chr8,22013383,22013586,0.0,12.488274911933152,0.0,1.0,endo_only,0.0,924.0,False,22013383,22013586,14
chr8,25986159,25986490,0.0,5.298056023244367,0.0,1.0,endo_only,0.0,392.0,False,25986159,25986490,24
chr8,40898981,40899274,0.0,16.541989886173184,0.0,1.0,endo_only,0.0,409.5,False,40898981,40899274,21
chr8,45010417,45010638,0.0,12.2085825282683,0.0,1.0,endo_only,0.0,405.5,False,45010417,45010638,18
chr8,45044282,45044515,0.0,23.192403287920204,0.0,1.0,endo_only,0.0,368.5,False,45044282,45044515,19
chr8,46035308,46035528,0.0,18.086699543947528,0.0,1.0,endo_only,0.0,633.0,False,46035308,46035528,18
chr8,57320892,57321132,0.0,3.17541351028004,0.0,1.0,endo_only,0.0,248.0,False,57320892,57321132,19
chr8,57340917,57341421,0.0,3.2010264386640306,0.0,1.0,endo_only,0.0,225.0,False,57340917,57341421,37
chr8,61515757,61515960,0.0,262.0792805995814,0.0,1.0,endo_only,0.0,1522.6666666666667,False,61515757,61515960,14
chr8,69399389,69399768,0.0,6.6666753070246605,0.0,1.0,endo_only,0.0,781.0,False,69399389,69399768,34
chr8,69886006,69886293,0.0,7.93010708695668,0.0,1.0,endo_only,0.0,440.0,False,69886006,69886293,30
chr8,69887289,69887526,0.0,17.760961164298866,0.0,1.0,endo_only,0.0,518.0,False,69887289,69887526,18
chr8,70330039,70330276,0.0,5.397640442131357,0.0,1.0,endo_only,0.0,271.0,False,70330039,70330276,24
chr8,70487170,70487507,0.0,2.6691593764552857,0.0,1.0,endo_only,0.0,264.0,False,70487170,70487507,29
chr8,70754903,70755261,0.0,448.1271426070336,0.0,1.0,endo_only,0.0,960.0,False,70754903,70755261,36
chr8,70768452,70768902,0.0,11.99758635195789,0.0,1.0,endo_only,0.0,557.0,False,70768452,70768902,34
chr8,71685723,71686100,0.0,8.086154772412561,0.0,1.0,endo_only,0.0,283.0,False,71685723,71686100,37
chr8,71692674,71693743,0.0,5.086426539380173,0.0,1.0,endo_only,0.0,227.0,False,71692674,71693743,96
chr8,75212788,75214068,0.0,19.65102995327905,0.0,1.0,endo_only,0.0,665.5,False,75212788,75214068,140
chr8,78434795,78435860,0.0,5.873523455879313,0.0,1.0,endo_only,0.0,359.0,False,78434795,78435860,80
chr8,80057402,80057629,0.0,17.830946702348573,0.0,1.0,endo_only,0.0,495.0,False,80057402,80057629,16
chr8,84021184,84021386,0.0,5.578769955398731,0.0,1.0,endo_only,0.0,259.0,False,84021184,84021386,17
chr8,84094740,84094996,0.0,15.74578766194091,0.0,1.0,endo_only,0.0,371.5,False,84094740,84094996,21
chr8,84559050,84559684,0.0,1.813915674768513,0.0,1.0,endo_only,0.0,204.0,False,84559050,84559684,99
chr8,84656754,84656985,0.0,770.3534861696081,0.0,1.0,endo_only,0.0,1933.6666666666667,False,84656754,84656985,18
chr8,84706720,84707059,0.0,1.7033594093413569,0.0,1.0,endo_only,0.0,176.0,False,84706720,84707059,31
chr8,85007611,85007956,0.0,3.3250206639909368,0.0,1.0,endo_only,0.0,244.0,False,85007611,85007956,30
chr8,87943718,87944082,0.0,9.966702770652374,0.0,1.0,endo_only,0.0,553.0,False,87943718,87944082,40
chr8,89045207,89045589,0.0,6.144510995895936,0.0,1.0,endo_only,0.0,241.0,False,89045207,89045589,32
chr8,91805367,91805642,0.0,19.6591007535708,0.0,1.0,endo_only,0.0,758.0,False,91805367,91805642,27
chr8,94875947,94876296,0.0,9.813267925062537,0.0,1.0,endo_only,0.0,541.0,False,94875947,94876296,29
chr8,105293309,105293568,0.0,6.171903016819652,0.0,1.0,endo_only,0.0,248.0,False,105293309,105293568,19
chr8,105704320,105704586,0.0,13.70000197273052,0.0,1.0,endo_only,0.0,372.0,False,105704320,105704586,19
chr8,106336590,106336927,0.0,11.177757750518198,0.0,1.0,endo_only,0.0,489.0,False,106336590,106336927,41
chr8,108704636,108705080,0.0,12.895064531238646,0.0,1.0,endo_only,0.0,404.6666666666667,False,108704636,108705080,50
chr8,108792263,108792751,0.0,14.813115720396429,0.0,1.0,endo_only,0.0,581.0,False,108792263,108792751,37
chr8,109340687,109340906,0.0,5.145922567713154,0.0,1.0,endo_only,0.0,311.0,False,109340687,109340906,20
chr8,110738399,110738616,0.0,39.63494502554342,0.0,1.0,endo_only,0.0,777.0,False,110738399,110738616,18
chr8,110738782,110739099,0.0,150.28836459964845,0.0,1.0,endo_only,0.0,1710.0,False,110738782,110739099,26
chr8,114205538,114205995,0.0,2.5161841215499545,0.0,1.0,endo_only,0.0,212.0,False,114205538,114205995,41
chr8,117436558,117436900,0.0,2.1852319620666765,0.0,1.0,endo_only,0.0,384.0,False,117436558,117436900,26
chr8,119876356,119876641,0.0,1.163455806870994,0.0,1.0,endo_only,0.0,153.0,False,119876356,119876641,21
chr8,121073543,121073839,0.0,17.206971347317594,0.0,1.0,endo_only,0.0,479.0,False,121073543,121073839,30
chr8,121468776,121468983,0.0,0.9069809231561244,0.0,1.0,endo_only,0.0,164.0,False,121468776,121468983,15
chr8,121554060,121554449,0.0,4.196184805910904,0.0,1.0,endo_only,0.0,347.0,False,121554060,121554449,30
chr8,122630710,122630962,0.0,7.912597159696631,0.0,1.0,endo_only,0.0,194.0,False,122630710,122630962,22
chr8,123514819,123515367,0.0,5.4097312374259365,0.0,1.0,endo_only,0.0,338.0,False,123514819,123515367,46
chr8,125669765,125670321,0.0,25.36566215660083,0.0,1.0,endo_only,0.0,480.0,False,125669765,125670321,73
chr8,126584077,126584337,0.0,157.8611407904248,0.0,1.0,endo_only,0.0,968.3333333333334,False,126584077,126584337,33
chr9,4260538,4260842,0.0,1.8757987066775232,0.0,1.0,endo_only,0.0,293.0,False,4260538,4260842,30
chr9,8543990,8544648,0.0,3.4412803441443205,0.0,1.0,endo_only,0.0,262.0,False,8543990,8544648,45
chr9,20544285,20544493,0.0,8.636366148440274,0.0,1.0,endo_only,0.0,426.0,False,20544285,20544493,15
chr9,21038618,21038826,0.0,3.8938379045536977,0.0,1.0,endo_only,0.0,206.0,False,21038618,21038826,21
chr9,21181558,21181907,0.0,5.903688861921747,0.0,1.0,endo_only,0.0,244.0,False,21181558,21181907,43
chr9,21184003,21184452,0.0,21.45463854505085,0.0,1.0,endo_only,0.0,353.3333333333333,False,21184003,21184452,37
chr9,21685922,21686143,0.0,4.723646273677427,0.0,1.0,endo_only,0.0,233.0,False,21685922,21686143,18
chr9,21947564,21947823,0.0,1.912081009953296,0.0,1.0,endo_only,0.0,224.0,False,21947564,21947823,18
chr9,21981294,21981582,0.0,8.65418908764846,0.0,1.0,endo_only,0.0,316.0,False,21981294,21981582,26
chr9,21989892,21990218,0.0,4.003734345127551,0.0,1.0,endo_only,0.0,253.0,False,21989892,21990218,24
chr9,22188053,22188346,0.0,8.723141873211928,0.0,1.0,endo_only,0.0,191.5,False,22188053,22188346,25
chr9,26755649,26756070,0.0,3.470316649663633,0.0,1.0,endo_only,0.0,502.0,False,26755649,26756070,34
chr9,35281558,35281765,0.0,1.0784224391185628,0.0,1.0,endo_only,0.0,195.0,False,35281558,35281765,19
chr9,40877466,40878186,0.0,2.079423943953856,0.0,1.0,endo_only,0.0,188.0,False,40877466,40878186,64
chr9,45268958,45269238,0.0,12.503198277419104,0.0,1.0,endo_only,0.0,558.0,False,45268958,45269238,24
chr9,59603032,59603363,0.0,5.320229121815643,0.0,1.0,endo_only,0.0,592.0,False,59603032,59603363,25
chr9,63142315,63142777,0.0,2.9748201546164346,0.0,1.0,endo_only,0.0,204.0,False,63142315,63142777,39
chr9,72856790,72857097,0.0,22.60705510879561,0.0,1.0,endo_only,0.0,1042.0,False,72856790,72857097,24
chr9,78395600,78396287,0.0,12.893725422562822,0.0,1.0,endo_only,0.0,477.0,False,78395600,78396287,95
chr9,83447779,83447992,0.0,14.442933121690812,0.0,1.0,endo_only,0.0,685.0,False,83447779,83447992,16
chr9,87739133,87740059,0.0,16.765903297558935,0.0,1.0,endo_only,0.0,827.0,False,87739133,87740059,67
chr9,90270314,90270608,0.0,2.151089179889988,0.0,1.0,endo_only,0.0,216.0,False,90270314,90270608,33
chr9,96995801,96996226,0.0,6.272142733197899,0.0,1.0,endo_only,0.0,422.0,False,96995801,96996226,34
chr9,98973077,98973428,0.0,14.703603948241138,0.0,1.0,endo_only,0.0,470.5,False,98973077,98973428,40
chr9,99947383,99947631,0.0,3.1807497736402817,0.0,1.0,endo_only,0.0,271.0,False,99947383,99947631,22
chr9,106429476,106429869,106.37101225283998,160.14438761475395,0.6642194199694833,0.5,endo_only,0.0,660.0,False,106429476,106429869,43
chr9,106655825,106656079,0.0,42.77804539190984,0.0,1.0,endo_only,0.0,582.0,False,106655825,106656079,24
chr9,107935884,107936240,0.0,40.94928428536772,0.0,1.0,endo_only,0.0,632.0,False,107935884,107936240,35
chr9,108079157,108079397,8.122756438164645,10.073512734398314,0.8063479594786866,0.6666666666666666,endo_only,0.0,215.5,False,108079157,108079397,29
chr9,108106162,108106582,0.0,9.269786238350624,0.0,1.0,endo_only,0.0,285.0,False,108106162,108106582,33
chr9,108190030,108190582,8.255877547524065,21.8869519451872,0.3772054495390566,1.0,endo_only,0.0,504.0,False,108190030,108190582,68
chr9,108339817,108340089,0.0,19.040195721658268,0.0,1.0,endo_only,0.0,423.5,False,108339817,108340089,22
chr9,108825791,108826198,5.483339326823633,54.78895692993592,0.1000811045524324,0.5,endo_only,0.0,597.3333333333334,False,108825791,108826198,37
chr9,108827073,108828002,9.075001315944176,29.94441308912517,0.3030615857767443,1.0,endo_only,0.0,427.0,False,108827073,108828002,83
chr9,110630002,110630342,31.91269137626533,8.976737265379464,3.555043489948496,0.6666666666666666,endo_only,0.0,291.5,False,110630002,110630342,26
chr9,119102656,119102968,10.722915778096883,14.253108703807971,0.7523211953917159,0.5,endo_only,0.0,330.6666666666667,False,119102656,119102968,34
chr9,120303647,120304555,9.515041452768637,11.053101562760366,0.8608480975897576,0.6666666666666666,endo_only,0.0,384.0,False,120303647,120304555,111
chr9,121788890,121789132,4.175941544005596,34.97987942412365,0.1193812446684903,1.0,endo_only,0.0,585.0,False,121788890,121789132,17
chr9,121995664,121996058,0.0,23.39636309157319,0.0,1.0,endo_only,0.0,379.6666666666667,False,121995664,121996058,43
chr9,122922930,122923275,0.0,41.6900580279147,0.0,1.0,endo_only,0.0,640.3333333333334,False,122922930,122923275,40
chr9,123112851,123113510,48.37337938282909,45.35254756177767,1.0666077647994647,0.5,endo_only,0.0,456.5,False,123112851,123113510,79
chr9,124441650,124442281,16.71197863761699,29.45502887404908,0.5673726788412975,0.5,endo_only,0.0,455.3333333333333,False,124441650,124442281,44
chrUn_GL456370,1485,1737,0.0,17.03413373118143,0.0,1.0,endo_only,0.0,240.0,False,1485,1737,32
chrX,12135572,12136053,0.0,35.635497991798026,0.0,1.0,endo_only,0.0,480.0,False,12135572,12136053,41
chrX,12136636,12137563,9.21741110220228,8.818308058237324,1.0452584601636985,0.6666666666666666,endo_only,0.0,244.5,False,12136636,12137563,69
chrX,20059887,20061120,128.0131830315423,6.700511560123797,19.10498651974226,0.3333333333333333,endo_only,0.0,382.0,False,20059887,20061120,130
chrX,20703880,20704574,12.69634185791078,24.54651023427345,0.5172361258987973,0.4,endo_only,0.0,255.66666666666663,False,20703880,20704574,52
chrX,36874238,36875133,0.0,9.637715582479666,0.0,1.0,endo_only,0.0,309.0,False,36874238,36875133,87
chrX,48034217,48034823,4.978972480145916,12.576096210194049,0.3959076327763789,1.0,endo_only,0.0,191.0,False,48034217,48034823,59
chrX,48314668,48315112,33.3487785472918,54.59158416695598,0.6108776481976073,1.0,endo_only,0.0,802.0,False,48314668,48315112,34
chrX,48340779,48342328,24.13738061305828,12.602749434749514,1.915247203638308,1.0,endo_only,0.0,237.75,False,48340779,48342328,123
chrX,48345387,48345786,3.326352219730432,19.3469884616356,0.1719312660120965,0.6666666666666666,endo_only,0.0,451.5,False,48345387,48345786,39
chrX,50373694,50374012,0.0,9.740477262856189,0.0,1.0,endo_only,0.0,212.5,False,50373694,50374012,26
chrX,53269443,53270006,34.84742024018547,62.5542569564029,0.5570751206344331,1.0,endo_only,0.0,663.6666666666666,False,53269443,53270006,40
chrX,53974656,53974995,0.0,3.288843050898845,0.0,1.0,endo_only,0.0,277.5,False,53974656,53974995,35
chrX,56374455,56374954,0.0,5.926247255891309,0.0,1.0,endo_only,0.0,341.5,False,56374455,56374954,48
chrX,58018705,58018950,11.492102572150223,20.726841631261625,0.5544550769769504,1.0,endo_only,0.0,538.0,False,58018705,58018950,19
chrX,59567234,59568293,4.780352108946076,3.62269901227922,1.3195554178646818,0.6666666666666666,endo_only,0.0,201.5,False,59567234,59568293,93
chrX,70364871,70365161,24.57140080766644,16.691263514365108,1.4721114903326162,0.6666666666666666,endo_only,0.0,315.5,False,70364871,70365161,26
chrX,71050987,71051289,0.0,138.6136739556818,0.0,1.0,endo_only,0.0,1188.0,False,71050987,71051289,21
chrX,71364633,71365169,36.38758178795104,8.74219172583996,4.162295100483497,0.6666666666666666,endo_only,0.0,201.5,False,71364633,71365169,62
chrX,74368245,74368698,27.86914102355884,11.11115508919057,2.508212764546072,0.3333333333333333,endo_only,0.0,300.5,False,74368245,74368698,35
chrX,74392977,74393208,25.40366234106234,13.261244142098407,1.9156319021695167,0.6666666666666666,endo_only,0.0,209.5,False,74392977,74393208,17
chrX,75475402,75475665,0.0,3.916937105552436,0.0,1.0,endo_only,0.0,323.0,False,75475402,75475665,33
chrX,93297070,93297442,15.198328248412594,11.767531761482894,1.2915476717181484,0.6666666666666666,endo_only,0.0,332.5,False,93297070,93297442,40
chrX,93988676,93988893,0.0,13.95194968950194,0.0,1.0,endo_only,0.0,381.0,False,93988676,93988893,25
chrX,108834054,108834294,0.0,116.52735032964893,0.0,1.0,endo_only,0.0,700.0,False,108834054,108834294,22
chrX,133898277,133898499,11.55277582699449,17.156406060249804,0.6733797152167822,0.6666666666666666,endo_only,0.0,407.5,False,133898277,133898499,20
chrX,137038014,137038370,6.877914154571986,18.92136661917226,0.3634998619815797,1.0,endo_only,0.0,373.3333333333333,False,137038014,137038370,29
chrX,137049429,137049890,11.773272681639632,30.958466909453097,0.3802924969144609,1.0,endo_only,0.0,426.0,False,137049429,137049890,41
chrX,142681427,142682016,38.02406204074936,44.23161239790078,0.8596580585552873,1.0,endo_only,0.0,799.5,False,142681427,142682016,58
chrX,147553565,147554232,17.164480492854405,17.621599258528693,0.9740591782296352,0.4,endo_only,0.0,339.75,False,147553565,147554232,46
chrX,150587967,150588263,6.358948153231605,16.227903494119015,0.3918527217971246,1.0,endo_only,0.0,434.0,False,150587967,150588263,24
chrX,152233406,152233786,68.63415377507152,174.84818943293837,0.3925356847998452,1.0,endo_only,0.0,750.0,False,152233406,152233786,37
chrX,157568851,157569111,0.0,21.328891077311955,0.0,1.0,endo_only,0.0,428.0,False,157568851,157569111,25
chrX,157598158,157598889,5.042806750285378,19.6783288515246,0.2562619411604498,0.6666666666666666,endo_only,0.0,394.0,False,157598158,157598889,73
chrX,159988070,159988799,0.0,6.426498288592247,0.0,1.0,endo_only,0.0,215.0,False,159988070,159988799,71
chrX,162888108,162888495,0.0,21.683441032924264,0.0,1.0,endo_only,0.0,228.5,False,162888108,162888495,40
chrX,169984924,169985180,0.0,23.573361428911785,0.0,1.0,endo_only,0.0,294.0,False,169984924,169985180,19
chrX,169986832,169987780,0.0,51.43927102937951,0.0,1.0,endo_only,0.0,547.3333333333334,False,169986832,169987780,72
chrX,170676257,170677937,7.748891895355745,20.78955766826551,0.3727300031584674,1.0,endo_only,0.0,404.0,False,170676257,170677937,149
