annotation,count,Both,Endo Only,Exo Only
Promoter (<=1kb),9335,90.22810748115214,NA,NA
Distal Intergenic,290,2.803015658225401,NA,NA
Promoter (1-2kb),154,1.4884979702300407,NA,NA
Promoter (2-3kb),116,1.1212062632901605,NA,NA
3' UTR,66,0.6379277015271603,NA,NA
5' UTR,25,0.2416392808815001,NA,NA
"Intron (ENSMUST00000127664.1/108148, intron 1 of 15)",5,0.04832785617630002,NA,NA
"Exon (ENSMUST00000053568.1/235402, exon 4 of 4)",2,0.019331142470520007,NA,NA
"Exon (ENSMUST00000078886.9/56381, exon 11 of 15)",2,0.019331142470520007,NA,NA
"Exon (ENSMUST00000161701.2/75599, exon 2 of 4)",2,0.019331142470520007,NA,NA
"Intron (ENSMUST00000060835.11/83560, intron 2 of 30)",2,0.019331142470520007,NA,0.08470986869970351
"Intron (ENSMUST00000105497.7/14628, intron 2 of 5)",2,0.019331142470520007,NA,NA
"Intron (ENSMUST00000146447.7/319865, intron 1 of 5)",2,0.019331142470520007,NA,NA
"Intron (ENSMUST00000150482.1/ENSMUST00000150482.1, intron 1 of 1)",2,0.019331142470520007,NA,NA
"Intron (ENSMUST00000181660.7/66297, intron 1 of 3)",2,0.019331142470520007,NA,NA
"Intron (ENSMUST00000204394.2/17059, intron 3 of 5)",2,0.019331142470520007,NA,NA
"Exon (ENSMUST00000000095.6/21385, exon 4 of 7)",1,0.009665571235260004,NA,NA
"Exon (ENSMUST00000000095.6/21385, exon 6 of 7)",1,0.009665571235260004,NA,NA
"Exon (ENSMUST00000000122.6/18053, exon 3 of 6)",1,0.009665571235260004,NA,NA
"Exon (ENSMUST00000001181.12/12834, exon 3 of 28)",1,0.009665571235260004,NA,NA
"Exon (ENSMUST00000001513.7/67951, exon 4 of 4)",1,0.009665571235260004,NA,NA
"Exon (ENSMUST00000002327.5/23853, exon 6 of 11)",1,0.009665571235260004,NA,NA
"Exon (ENSMUST00000003351.12/14813, exon 3 of 13)",1,0.009665571235260004,NA,NA
"Exon (ENSMUST00000006071.13/18423, exon 5 of 5)",1,0.009665571235260004,NA,NA
"Exon (ENSMUST00000006380.4/277743, exon 5 of 7)",1,0.009665571235260004,NA,NA
"Exon (ENSMUST00000007865.6/234388, exon 3 of 5)",1,0.009665571235260004,NA,NA
"Exon (ENSMUST00000011895.13/80297, exon 14 of 36)",1,0.009665571235260004,NA,NA
"Exon (ENSMUST00000016670.8/226419, exon 3 of 3)",1,0.009665571235260004,NA,NA
"Exon (ENSMUST00000017961.10/59091, exon 2 of 6)",1,0.009665571235260004,NA,NA
"Exon (ENSMUST00000017961.10/59091, exon 4 of 6)",1,0.009665571235260004,NA,NA
"Exon (ENSMUST00000019616.5/15898, exon 10 of 11)",1,0.009665571235260004,NA,NA
"Exon (ENSMUST00000019616.5/15898, exon 8 of 11)",1,0.009665571235260004,NA,NA
"Exon (ENSMUST00000020287.7/237362, exon 4 of 4)",1,0.009665571235260004,NA,NA
"Exon (ENSMUST00000021056.7/110880, exon 24 of 24)",1,0.009665571235260004,NA,NA
"Exon (ENSMUST00000021190.8/216961, exon 5 of 10)",1,0.009665571235260004,NA,NA
"Exon (ENSMUST00000021617.13/65256, exon 8 of 10)",1,0.009665571235260004,NA,NA
"Exon (ENSMUST00000021681.3/238328, exon 5 of 7)",1,0.009665571235260004,NA,NA
"Exon (ENSMUST00000022550.7/54616, exon 3 of 7)",1,0.009665571235260004,NA,NA
"Exon (ENSMUST00000024627.13/12648, exon 7 of 36)",1,0.009665571235260004,NA,NA
"Exon (ENSMUST00000025202.7/16502, exon 2 of 2)",1,0.009665571235260004,NA,NA
"Exon (ENSMUST00000026665.7/12418, exon 5 of 5)",1,0.009665571235260004,NA,NA
"Exon (ENSMUST00000028118.8/18761, exon 16 of 18)",1,0.009665571235260004,NA,NA
"Exon (ENSMUST00000029213.4/74614, exon 3 of 3)",1,0.009665571235260004,NA,NA
"Exon (ENSMUST00000029371.2/55994, exon 5 of 6)",1,0.009665571235260004,NA,NA
"Exon (ENSMUST00000030834.6/18127, exon 25 of 26)",1,0.009665571235260004,NA,NA
"Exon (ENSMUST00000031591.9/16873, exon 3 of 5)",1,0.009665571235260004,NA,NA
"Exon (ENSMUST00000034279.15/382034, exon 15 of 16)",1,0.009665571235260004,NA,NA
"Exon (ENSMUST00000034430.5/56773, exon 2 of 2)",1,0.009665571235260004,NA,NA
"Exon (ENSMUST00000034510.8/58235, exon 6 of 6)",1,0.009665571235260004,NA,NA
"Exon (ENSMUST00000035499.4/56741, exon 7 of 20)",1,0.009665571235260004,NA,NA
"Exon (ENSMUST00000036155.9/446101, exon 19 of 19)",1,0.009665571235260004,NA,NA
"Exon (ENSMUST00000036554.13/239273, exon 12 of 31)",1,0.009665571235260004,NA,NA
"Exon (ENSMUST00000037007.3/14027, exon 22 of 22)",1,0.009665571235260004,NA,NA
"Exon (ENSMUST00000037547.8/214240, exon 8 of 8)",1,0.009665571235260004,NA,NA
"Exon (ENSMUST00000038332.8/233189, exon 2 of 3)",1,0.009665571235260004,NA,NA
"Exon (ENSMUST00000038618.12/108075, exon 6 of 33)",1,0.009665571235260004,NA,NA
"Exon (ENSMUST00000040111.9/209683, exon 17 of 24)",1,0.009665571235260004,NA,NA
"Exon (ENSMUST00000041124.12/170753, exon 5 of 9)",1,0.009665571235260004,NA,NA
"Exon (ENSMUST00000041369.7/56468, exon 3 of 3)",1,0.009665571235260004,NA,NA
"Exon (ENSMUST00000044533.8/69453, exon 9 of 13)",1,0.009665571235260004,NA,NA
"Exon (ENSMUST00000044828.13/329252, exon 18 of 18)",1,0.009665571235260004,NA,NA
"Exon (ENSMUST00000045738.4/22348, exon 2 of 2)",1,0.009665571235260004,NA,NA
"Exon (ENSMUST00000046897.12/74735, exon 6 of 6)",1,0.009665571235260004,NA,NA
"Exon (ENSMUST00000047393.6/13019, exon 3 of 3)",1,0.009665571235260004,NA,NA
"Exon (ENSMUST00000047951.8/230904, exon 2 of 6)",1,0.009665571235260004,NA,NA
"Exon (ENSMUST00000048452.5/84094, exon 3 of 6)",1,0.009665571235260004,NA,NA
"Exon (ENSMUST00000048935.5/240590, exon 2 of 2)",1,0.009665571235260004,NA,NA
"Exon (ENSMUST00000049149.14/16971, exon 9 of 89)",1,0.009665571235260004,NA,NA
"Exon (ENSMUST00000049156.6/74347, exon 5 of 8)",1,0.009665571235260004,NA,NA
"Exon (ENSMUST00000049308.8/16440, exon 40 of 58)",1,0.009665571235260004,NA,NA
"Exon (ENSMUST00000049400.14/107351, exon 5 of 14)",1,0.009665571235260004,NA,NA
"Exon (ENSMUST00000049927.5/ENSMUST00000049927.5, exon 1 of 3)",1,0.009665571235260004,NA,NA
"Exon (ENSMUST00000050519.7/243312, exon 2 of 2)",1,0.009665571235260004,0.10905125408942204,NA
"Exon (ENSMUST00000051016.4/109305, exon 2 of 3)",1,0.009665571235260004,NA,NA
"Exon (ENSMUST00000051089.3/ENSMUST00000051089.3, exon 2 of 2)",1,0.009665571235260004,NA,NA
"Exon (ENSMUST00000051293.7/80290, exon 2 of 2)",1,0.009665571235260004,NA,NA
"Exon (ENSMUST00000051301.5/19290, exon 2 of 2)",1,0.009665571235260004,NA,NA
"Exon (ENSMUST00000052125.6/58220, exon 3 of 3)",1,0.009665571235260004,NA,NA
"Exon (ENSMUST00000053288.5/237988, exon 5 of 5)",1,0.009665571235260004,NA,NA
"Exon (ENSMUST00000054449.13/18810, exon 28 of 33)",1,0.009665571235260004,NA,NA
"Exon (ENSMUST00000054449.13/18810, exon 32 of 33)",1,0.009665571235260004,NA,NA
"Exon (ENSMUST00000054920.4/329828, exon 2 of 2)",1,0.009665571235260004,NA,NA
"Exon (ENSMUST00000055408.12/75665, exon 6 of 9)",1,0.009665571235260004,NA,NA
"Exon (ENSMUST00000056977.13/12399, exon 6 of 6)",1,0.009665571235260004,NA,NA
"Exon (ENSMUST00000057090.11/68760, exon 4 of 4)",1,0.009665571235260004,NA,NA
"Exon (ENSMUST00000058045.4/242915, exon 4 of 6)",1,0.009665571235260004,NA,NA
"Exon (ENSMUST00000058652.5/15478, exon 2 of 2)",1,0.009665571235260004,NA,NA
"Exon (ENSMUST00000060501.4/12578, exon 2 of 3)",1,0.009665571235260004,NA,NA
"Exon (ENSMUST00000061169.6/545276, exon 3 of 3)",1,0.009665571235260004,NA,NA
"Exon (ENSMUST00000061244.14/13846, exon 4 of 17)",1,0.009665571235260004,NA,NA
"Exon (ENSMUST00000061390.8/243853, exon 3 of 3)",1,0.009665571235260004,NA,NA
"Exon (ENSMUST00000067444.9/14580, exon 5 of 9)",1,0.009665571235260004,NA,NA
"Exon (ENSMUST00000069399.6/74901, exon 2 of 2)",1,0.009665571235260004,NA,NA
"Exon (ENSMUST00000069520.10/20977, exon 6 of 7)",1,0.009665571235260004,NA,NA
"Exon (ENSMUST00000071101.7/ENSMUST00000071101.7, exon 1 of 2)",1,0.009665571235260004,NA,NA
"Exon (ENSMUST00000073870.6/435391, exon 3 of 4)",1,0.009665571235260004,NA,NA
"Exon (ENSMUST00000078757.7/53897, exon 3 of 3)",1,0.009665571235260004,NA,NA
"Exon (ENSMUST00000080795.8/434280, exon 7 of 9)",1,0.009665571235260004,NA,NA
"Exon (ENSMUST00000081525.3/71904, exon 2 of 2)",1,0.009665571235260004,NA,NA
"Exon (ENSMUST00000081619.9/14218, exon 15 of 15)",1,0.009665571235260004,NA,NA
"Exon (ENSMUST00000082209.12/20273, exon 27 of 27)",1,0.009665571235260004,NA,0.042354934349851756
"Exon (ENSMUST00000084593.2/ENSMUST00000084593.2, exon 1 of 1)",1,0.009665571235260004,NA,NA
"Exon (ENSMUST00000086195.6/100503355, exon 2 of 2)",1,0.009665571235260004,NA,NA
"Exon (ENSMUST00000086639.5/11682, exon 29 of 29)",1,0.009665571235260004,NA,NA
"Exon (ENSMUST00000087723.4/18131, exon 24 of 33)",1,0.009665571235260004,NA,NA
"Exon (ENSMUST00000087971.10/22722, exon 6 of 6)",1,0.009665571235260004,NA,NA
"Exon (ENSMUST00000088049.4/16679, exon 9 of 9)",1,0.009665571235260004,NA,NA
"Exon (ENSMUST00000088292.6/381810, exon 2 of 2)",1,0.009665571235260004,NA,NA
"Exon (ENSMUST00000088373.10/259302, exon 21 of 22)",1,0.009665571235260004,NA,NA
"Exon (ENSMUST00000088904.9/227357, exon 9 of 9)",1,0.009665571235260004,NA,NA
"Exon (ENSMUST00000089299.5/504193, exon 5 of 9)",1,0.009665571235260004,NA,NA
"Exon (ENSMUST00000090147.6/26363, exon 2 of 4)",1,0.009665571235260004,NA,NA
"Exon (ENSMUST00000091704.6/319179, exon 2 of 2)",1,0.009665571235260004,NA,NA
"Exon (ENSMUST00000092089.5/622408, exon 6 of 7)",1,0.009665571235260004,NA,NA
"Exon (ENSMUST00000092723.10/239985, exon 19 of 19)",1,0.009665571235260004,NA,NA
"Exon (ENSMUST00000093299.12/114716, exon 7 of 7)",1,0.009665571235260004,NA,NA
"Exon (ENSMUST00000093942.4/217143, exon 11 of 11)",1,0.009665571235260004,NA,NA
"Exon (ENSMUST00000094337.1/435653, exon 5 of 6)",1,0.009665571235260004,NA,NA
"Exon (ENSMUST00000095266.2/104080, exon 2 of 2)",1,0.009665571235260004,NA,NA
"Exon (ENSMUST00000097566.9/104027, exon 3 of 3)",1,0.009665571235260004,NA,NA
"Exon (ENSMUST00000102656.3/329934, exon 2 of 2)",1,0.009665571235260004,NA,NA
"Exon (ENSMUST00000102801.7/23964, exon 25 of 31)",1,0.009665571235260004,NA,NA
"Exon (ENSMUST00000102950.9/74309, exon 11 of 12)",1,0.009665571235260004,NA,NA
"Exon (ENSMUST00000103184.3/11550, exon 2 of 2)",1,0.009665571235260004,NA,NA
"Exon (ENSMUST00000103205.10/20017, exon 15 of 15)",1,0.009665571235260004,NA,NA
"Exon (ENSMUST00000105321.9/18029, exon 2 of 9)",1,0.009665571235260004,NA,NA
"Exon (ENSMUST00000105359.7/23805, exon 15 of 15)",1,0.009665571235260004,NA,0.042354934349851756
"Exon (ENSMUST00000105778.7/110593, exon 6 of 10)",1,0.009665571235260004,NA,NA
"Exon (ENSMUST00000106051.7/97130, exon 5 of 7)",1,0.009665571235260004,NA,NA
"Exon (ENSMUST00000106051.7/97130, exon 6 of 7)",1,0.009665571235260004,NA,NA
"Exon (ENSMUST00000106461.7/192897, exon 33 of 40)",1,0.009665571235260004,NA,NA
"Exon (ENSMUST00000108287.9/237868, exon 2 of 9)",1,0.009665571235260004,NA,NA
"Exon (ENSMUST00000108362.7/80297, exon 15 of 18)",1,0.009665571235260004,NA,NA
"Exon (ENSMUST00000108493.2/629378, exon 4 of 4)",1,0.009665571235260004,NA,NA
"Exon (ENSMUST00000109013.8/71774, exon 2 of 8)",1,0.009665571235260004,NA,NA
"Exon (ENSMUST00000109162.8/22722, exon 5 of 9)",1,0.009665571235260004,NA,NA
"Exon (ENSMUST00000109255.2/106042, exon 7 of 8)",1,0.009665571235260004,NA,NA
"Exon (ENSMUST00000109969.2/ENSMUST00000109969.2, exon 1 of 2)",1,0.009665571235260004,NA,NA
"Exon (ENSMUST00000112707.2/433926, exon 4 of 5)",1,0.009665571235260004,NA,NA
"Exon (ENSMUST00000113337.9/224826, exon 11 of 47)",1,0.009665571235260004,NA,NA
"Exon (ENSMUST00000113462.7/18190, exon 23 of 23)",1,0.009665571235260004,NA,NA
"Exon (ENSMUST00000113654.7/241296, exon 2 of 3)",1,0.009665571235260004,NA,NA
"Exon (ENSMUST00000118674.1/ENSMUST00000118674.1, exon 1 of 1)",1,0.009665571235260004,NA,NA
"Exon (ENSMUST00000120360.1/ENSMUST00000120360.1, exon 1 of 1)",1,0.009665571235260004,NA,NA
"Exon (ENSMUST00000121159.2/ENSMUST00000121159.2, exon 1 of 1)",1,0.009665571235260004,NA,NA
"Exon (ENSMUST00000122376.1/ENSMUST00000122376.1, exon 1 of 1)",1,0.009665571235260004,NA,NA
"Exon (ENSMUST00000123840.1/ENSMUST00000123840.1, exon 2 of 2)",1,0.009665571235260004,NA,NA
"Exon (ENSMUST00000127010.1/ENSMUST00000127010.1, exon 1 of 2)",1,0.009665571235260004,NA,NA
"Exon (ENSMUST00000128996.1/ENSMUST00000128996.1, exon 1 of 2)",1,0.009665571235260004,NA,NA
"Exon (ENSMUST00000130235.7/26564, exon 9 of 9)",1,0.009665571235260004,NA,NA
"Exon (ENSMUST00000130684.7/ENSMUST00000130684.7, exon 4 of 4)",1,0.009665571235260004,NA,NA
"Exon (ENSMUST00000130746.1/ENSMUST00000130746.1, exon 1 of 2)",1,0.009665571235260004,NA,NA
"Exon (ENSMUST00000131864.1/ENSMUST00000131864.1, exon 3 of 3)",1,0.009665571235260004,NA,NA
"Exon (ENSMUST00000132564.1/ENSMUST00000132564.1, exon 1 of 2)",1,0.009665571235260004,NA,NA
"Exon (ENSMUST00000134236.1/ENSMUST00000134236.1, exon 1 of 2)",1,0.009665571235260004,NA,NA
"Exon (ENSMUST00000137796.7/ENSMUST00000137796.7, exon 1 of 3)",1,0.009665571235260004,NA,NA
"Exon (ENSMUST00000137984.1/ENSMUST00000137984.1, exon 1 of 9)",1,0.009665571235260004,NA,NA
"Exon (ENSMUST00000139367.7/228545, exon 4 of 4)",1,0.009665571235260004,NA,NA
"Exon (ENSMUST00000139927.1/ENSMUST00000139927.1, exon 1 of 3)",1,0.009665571235260004,NA,NA
"Exon (ENSMUST00000140360.7/ENSMUST00000140360.7, exon 1 of 4)",1,0.009665571235260004,NA,NA
"Exon (ENSMUST00000140826.1/ENSMUST00000140826.1, exon 1 of 2)",1,0.009665571235260004,NA,NA
"Exon (ENSMUST00000142511.1/ENSMUST00000142511.1, exon 1 of 2)",1,0.009665571235260004,NA,NA
"Exon (ENSMUST00000142712.1/ENSMUST00000142712.1, exon 1 of 2)",1,0.009665571235260004,NA,NA
"Exon (ENSMUST00000144217.7/22704, exon 4 of 4)",1,0.009665571235260004,NA,NA
"Exon (ENSMUST00000145798.3/668894, exon 3 of 7)",1,0.009665571235260004,NA,NA
"Exon (ENSMUST00000147013.2/ENSMUST00000147013.2, exon 1 of 4)",1,0.009665571235260004,NA,NA
"Exon (ENSMUST00000147959.1/665635, exon 2 of 2)",1,0.009665571235260004,NA,NA
"Exon (ENSMUST00000148036.6/72323, exon 5 of 5)",1,0.009665571235260004,NA,NA
"Exon (ENSMUST00000150255.1/ENSMUST00000150255.1, exon 2 of 2)",1,0.009665571235260004,NA,NA
"Exon (ENSMUST00000151014.1/ENSMUST00000151014.1, exon 1 of 3)",1,0.009665571235260004,NA,NA
"Exon (ENSMUST00000152247.7/231861, exon 6 of 25)",1,0.009665571235260004,NA,NA
"Exon (ENSMUST00000153672.1/ENSMUST00000153672.1, exon 1 of 4)",1,0.009665571235260004,NA,NA
"Exon (ENSMUST00000154873.8/21678, exon 2 of 13)",1,0.009665571235260004,NA,NA
"Exon (ENSMUST00000156803.8/ENSMUST00000156803.8, exon 1 of 6)",1,0.009665571235260004,NA,NA
"Exon (ENSMUST00000159200.1/101359, exon 5 of 5)",1,0.009665571235260004,NA,NA
"Exon (ENSMUST00000161372.1/406218, exon 2 of 4)",1,0.009665571235260004,NA,NA
"Exon (ENSMUST00000163370.7/21844, exon 5 of 28)",1,0.009665571235260004,NA,NA
"Exon (ENSMUST00000163659.2/234404, exon 2 of 2)",1,0.009665571235260004,NA,NA
"Exon (ENSMUST00000164056.8/209225, exon 2 of 5)",1,0.009665571235260004,NA,NA
"Exon (ENSMUST00000165770.8/94187, exon 2 of 6)",1,0.009665571235260004,NA,0.042354934349851756
"Exon (ENSMUST00000167488.8/331623, exon 4 of 4)",1,0.009665571235260004,NA,NA
"Exon (ENSMUST00000173320.7/192652, exon 7 of 10)",1,0.009665571235260004,NA,NA
"Exon (ENSMUST00000173704.7/16468, exon 8 of 19)",1,0.009665571235260004,NA,NA
"Exon (ENSMUST00000176655.7/20276, exon 3 of 13)",1,0.009665571235260004,NA,NA
"Exon (ENSMUST00000177220.7/100043902, exon 4 of 4)",1,0.009665571235260004,NA,0.042354934349851756
"Exon (ENSMUST00000177648.7/56173, exon 2 of 2)",1,0.009665571235260004,NA,NA
"Exon (ENSMUST00000178693.1/107626, exon 6 of 8)",1,0.009665571235260004,NA,NA
"Exon (ENSMUST00000179556.1/232976, exon 2 of 2)",1,0.009665571235260004,NA,NA
"Exon (ENSMUST00000180270.1/ENSMUST00000180270.1, exon 2 of 2)",1,0.009665571235260004,NA,NA
"Exon (ENSMUST00000180988.1/ENSMUST00000180988.1, exon 1 of 2)",1,0.009665571235260004,NA,NA
"Exon (ENSMUST00000181029.2/ENSMUST00000181029.2, exon 1 of 1)",1,0.009665571235260004,NA,NA
"Exon (ENSMUST00000181044.1/ENSMUST00000181044.1, exon 3 of 3)",1,0.009665571235260004,NA,NA
"Exon (ENSMUST00000181195.1/381223, exon 3 of 3)",1,0.009665571235260004,NA,NA
"Exon (ENSMUST00000181224.1/ENSMUST00000181224.1, exon 1 of 3)",1,0.009665571235260004,NA,NA
"Exon (ENSMUST00000181282.1/ENSMUST00000181282.1, exon 1 of 2)",1,0.009665571235260004,NA,NA
"Exon (ENSMUST00000181337.1/ENSMUST00000181337.1, exon 1 of 2)",1,0.009665571235260004,NA,NA
"Exon (ENSMUST00000181406.1/ENSMUST00000181406.1, exon 1 of 2)",1,0.009665571235260004,NA,NA
"Exon (ENSMUST00000181476.2/328646, exon 5 of 5)",1,0.009665571235260004,NA,NA
"Exon (ENSMUST00000181490.3/ENSMUST00000181490.3, exon 1 of 2)",1,0.009665571235260004,NA,NA
"Exon (ENSMUST00000181554.1/ENSMUST00000181554.1, exon 1 of 3)",1,0.009665571235260004,NA,NA
"Exon (ENSMUST00000181629.1/75245, exon 5 of 5)",1,0.009665571235260004,NA,NA
"Exon (ENSMUST00000183077.7/240055, exon 2 of 4)",1,0.009665571235260004,NA,NA
"Exon (ENSMUST00000183330.7/74206, exon 8 of 14)",1,0.009665571235260004,NA,NA
"Exon (ENSMUST00000184858.1/223645, exon 14 of 14)",1,0.009665571235260004,NA,NA
"Exon (ENSMUST00000185516.1/20846, exon 12 of 34)",1,0.009665571235260004,NA,NA
"Exon (ENSMUST00000187142.2/195209, exon 2 of 2)",1,0.009665571235260004,NA,NA
"Exon (ENSMUST00000187692.1/ENSMUST00000187692.1, exon 1 of 1)",1,0.009665571235260004,NA,NA
"Exon (ENSMUST00000188033.1/ENSMUST00000188033.1, exon 1 of 1)",1,0.009665571235260004,NA,NA
"Exon (ENSMUST00000188614.1/ENSMUST00000188614.1, exon 1 of 3)",1,0.009665571235260004,NA,NA
"Exon (ENSMUST00000188725.1/ENSMUST00000188725.1, exon 2 of 2)",1,0.009665571235260004,NA,NA
"Exon (ENSMUST00000188763.1/ENSMUST00000188763.1, exon 1 of 1)",1,0.009665571235260004,NA,NA
"Exon (ENSMUST00000189334.1/ENSMUST00000189334.1, exon 1 of 1)",1,0.009665571235260004,NA,NA
"Exon (ENSMUST00000189400.6/74229, exon 3 of 3)",1,0.009665571235260004,NA,NA
"Exon (ENSMUST00000190789.2/ENSMUST00000190789.2, exon 1 of 2)",1,0.009665571235260004,NA,NA
"Exon (ENSMUST00000191302.1/ENSMUST00000191302.1, exon 1 of 2)",1,0.009665571235260004,NA,NA
"Exon (ENSMUST00000191428.6/14107, exon 10 of 27)",1,0.009665571235260004,NA,0.042354934349851756
"Exon (ENSMUST00000191428.6/14107, exon 6 of 27)",1,0.009665571235260004,NA,NA
"Exon (ENSMUST00000192062.1/ENSMUST00000192062.1, exon 1 of 1)",1,0.009665571235260004,NA,NA
"Exon (ENSMUST00000192920.1/ENSMUST00000192920.1, exon 1 of 1)",1,0.009665571235260004,NA,NA
"Exon (ENSMUST00000193103.1/ENSMUST00000193103.1, exon 2 of 3)",1,0.009665571235260004,NA,NA
"Exon (ENSMUST00000193194.1/ENSMUST00000193194.1, exon 1 of 1)",1,0.009665571235260004,NA,NA
"Exon (ENSMUST00000193885.1/ENSMUST00000193885.1, exon 1 of 1)",1,0.009665571235260004,NA,NA
"Exon (ENSMUST00000193960.1/ENSMUST00000193960.1, exon 1 of 1)",1,0.009665571235260004,NA,NA
"Exon (ENSMUST00000194370.1/ENSMUST00000194370.1, exon 1 of 1)",1,0.009665571235260004,NA,NA
"Exon (ENSMUST00000195528.1/ENSMUST00000195528.1, exon 1 of 1)",1,0.009665571235260004,NA,NA
"Exon (ENSMUST00000198270.1/22628, exon 2 of 3)",1,0.009665571235260004,NA,NA
"Exon (ENSMUST00000200000.1/ENSMUST00000200000.1, exon 1 of 1)",1,0.009665571235260004,NA,NA
"Exon (ENSMUST00000201518.3/20273, exon 12 of 15)",1,0.009665571235260004,NA,NA
"Exon (ENSMUST00000202098.1/ENSMUST00000202098.1, exon 1 of 1)",1,0.009665571235260004,NA,NA
"Exon (ENSMUST00000203263.1/ENSMUST00000203263.1, exon 1 of 2)",1,0.009665571235260004,NA,NA
"Exon (ENSMUST00000204407.1/ENSMUST00000204407.1, exon 1 of 1)",1,0.009665571235260004,NA,NA
"Exon (ENSMUST00000205632.1/ENSMUST00000205632.1, exon 1 of 4)",1,0.009665571235260004,NA,NA
"Exon (ENSMUST00000206829.1/ENSMUST00000206829.1, exon 1 of 2)",1,0.009665571235260004,NA,NA
"Exon (ENSMUST00000207052.1/ENSMUST00000207052.1, exon 2 of 2)",1,0.009665571235260004,NA,NA
"Exon (ENSMUST00000207444.1/ENSMUST00000207444.1, exon 2 of 2)",1,0.009665571235260004,NA,NA
"Exon (ENSMUST00000207576.1/69547, exon 5 of 5)",1,0.009665571235260004,NA,NA
"Exon (ENSMUST00000208365.1/ENSMUST00000208365.1, exon 1 of 1)",1,0.009665571235260004,NA,NA
"Exon (ENSMUST00000208668.1/436008, exon 12 of 12)",1,0.009665571235260004,NA,NA
"Exon (ENSMUST00000210265.1/ENSMUST00000210265.1, exon 1 of 1)",1,0.009665571235260004,NA,NA
"Exon (ENSMUST00000210653.1/ENSMUST00000210653.1, exon 1 of 3)",1,0.009665571235260004,NA,NA
"Exon (ENSMUST00000211227.1/69217, exon 8 of 16)",1,0.009665571235260004,NA,NA
"Exon (ENSMUST00000211735.1/233208, exon 7 of 11)",1,0.009665571235260004,NA,NA
"Exon (ENSMUST00000212002.1/ENSMUST00000212002.1, exon 1 of 1)",1,0.009665571235260004,NA,NA
"Exon (ENSMUST00000212057.1/ENSMUST00000212057.1, exon 1 of 2)",1,0.009665571235260004,NA,NA
"Exon (ENSMUST00000212636.1/234796, exon 3 of 3)",1,0.009665571235260004,NA,NA
"Exon (ENSMUST00000212964.1/75871, exon 8 of 8)",1,0.009665571235260004,NA,NA
"Exon (ENSMUST00000214374.1/20190, exon 64 of 109)",1,0.009665571235260004,NA,NA
"Exon (ENSMUST00000215481.1/ENSMUST00000215481.1, exon 2 of 2)",1,0.009665571235260004,NA,NA
"Exon (ENSMUST00000217258.1/ENSMUST00000217258.1, exon 1 of 3)",1,0.009665571235260004,NA,NA
"Exon (ENSMUST00000220179.1/ENSMUST00000220179.1, exon 1 of 2)",1,0.009665571235260004,NA,NA
"Exon (ENSMUST00000220827.1/ENSMUST00000220827.1, exon 1 of 4)",1,0.009665571235260004,NA,NA
"Exon (ENSMUST00000220976.1/ENSMUST00000220976.1, exon 1 of 3)",1,0.009665571235260004,NA,NA
"Exon (ENSMUST00000221461.1/ENSMUST00000221461.1, exon 1 of 1)",1,0.009665571235260004,NA,NA
"Exon (ENSMUST00000221807.1/72114, exon 2 of 2)",1,0.009665571235260004,NA,NA
"Exon (ENSMUST00000222611.1/ENSMUST00000222611.1, exon 1 of 1)",1,0.009665571235260004,NA,NA
"Exon (ENSMUST00000223226.1/ENSMUST00000223226.1, exon 1 of 1)",1,0.009665571235260004,NA,NA
"Exon (ENSMUST00000223620.1/ENSMUST00000223620.1, exon 1 of 4)",1,0.009665571235260004,NA,NA
"Exon (ENSMUST00000224038.1/ENSMUST00000224038.1, exon 1 of 1)",1,0.009665571235260004,NA,NA
"Exon (ENSMUST00000225374.1/ENSMUST00000225374.1, exon 1 of 1)",1,0.009665571235260004,NA,NA
"Exon (ENSMUST00000225503.1/ENSMUST00000225503.1, exon 2 of 2)",1,0.009665571235260004,0.10905125408942204,NA
"Exon (ENSMUST00000227227.1/ENSMUST00000227227.1, exon 1 of 3)",1,0.009665571235260004,NA,NA
"Exon (ENSMUST00000227653.1/20410, exon 12 of 21)",1,0.009665571235260004,NA,NA
"Exon (ENSMUST00000230013.1/75951, exon 4 of 4)",1,0.009665571235260004,NA,NA
"Exon (ENSMUST00000230234.1/ENSMUST00000230234.1, exon 1 of 2)",1,0.009665571235260004,NA,NA
"Exon (ENSMUST00000230717.1/ENSMUST00000230717.1, exon 1 of 1)",1,0.009665571235260004,NA,NA
"Exon (ENSMUST00000232356.1/ENSMUST00000232356.1, exon 1 of 1)",1,0.009665571235260004,NA,NA
"Exon (ENSMUST00000232392.1/ENSMUST00000232392.1, exon 1 of 1)",1,0.009665571235260004,NA,NA
"Exon (ENSMUST00000233196.1/ENSMUST00000233196.1, exon 1 of 1)",1,0.009665571235260004,NA,NA
"Exon (ENSMUST00000234181.1/ENSMUST00000234181.1, exon 1 of 2)",1,0.009665571235260004,NA,NA
"Exon (ENSMUST00000235452.1/ENSMUST00000235452.1, exon 1 of 2)",1,0.009665571235260004,NA,NA
"Exon (ENSMUST00000235608.1/73516, exon 3 of 4)",1,0.009665571235260004,NA,NA
"Exon (ENSMUST00000237036.1/ENSMUST00000237036.1, exon 1 of 2)",1,0.009665571235260004,NA,NA
"Exon (ENSMUST00000238635.1/ENSMUST00000238635.1, exon 1 of 1)",1,0.009665571235260004,NA,NA
"Exon (ENSMUST00000238941.1/435811, exon 2 of 5)",1,0.009665571235260004,NA,NA
"Exon (ENSMUST00000239012.1/ENSMUST00000239012.1, exon 5 of 5)",1,0.009665571235260004,NA,NA
"Intron (ENSMUST00000023151.5/12053, intron 1 of 9)",1,0.009665571235260004,NA,NA
"Intron (ENSMUST00000024123.8/213990, intron 9 of 17)",1,0.009665571235260004,NA,NA
"Intron (ENSMUST00000026585.13/64540, intron 1 of 7)",1,0.009665571235260004,NA,NA
"Intron (ENSMUST00000026973.13/19085, intron 6 of 10)",1,0.009665571235260004,NA,NA
"Intron (ENSMUST00000028663.4/26427, intron 1 of 11)",1,0.009665571235260004,NA,NA
"Intron (ENSMUST00000030376.7/60613, intron 1 of 13)",1,0.009665571235260004,NA,NA
"Intron (ENSMUST00000030439.14/66743, intron 2 of 14)",1,0.009665571235260004,NA,NA
"Intron (ENSMUST00000030439.14/66743, intron 3 of 14)",1,0.009665571235260004,NA,NA
"Intron (ENSMUST00000034961.5/19289, intron 2 of 13)",1,0.009665571235260004,NA,NA
"Intron (ENSMUST00000042054.2/14238, intron 1 of 1)",1,0.009665571235260004,NA,NA
"Intron (ENSMUST00000043441.12/71458, intron 1 of 13)",1,0.009665571235260004,NA,NA
"Intron (ENSMUST00000043650.7/433940, intron 1 of 2)",1,0.009665571235260004,NA,NA
"Intron (ENSMUST00000049074.12/19268, intron 5 of 32)",1,0.009665571235260004,NA,NA
"Intron (ENSMUST00000054871.11/14289, intron 1 of 1)",1,0.009665571235260004,NA,NA
"Intron (ENSMUST00000057029.4/22654, intron 1 of 5)",1,0.009665571235260004,NA,NA
"Intron (ENSMUST00000064405.7/13837, intron 1 of 16)",1,0.009665571235260004,NA,NA
"Intron (ENSMUST00000065438.12/104010, intron 1 of 11)",1,0.009665571235260004,NA,NA
"Intron (ENSMUST00000069799.2/16367, intron 1 of 1)",1,0.009665571235260004,NA,NA
"Intron (ENSMUST00000075164.10/16565, intron 1 of 34)",1,0.009665571235260004,NA,NA
"Intron (ENSMUST00000079491.13/56747, intron 1 of 16)",1,0.009665571235260004,NA,NA
"Intron (ENSMUST00000087723.4/18131, intron 2 of 32)",1,0.009665571235260004,NA,NA
"Intron (ENSMUST00000091291.4/16337, intron 2 of 20)",1,0.009665571235260004,NA,NA
"Intron (ENSMUST00000092723.10/239985, intron 4 of 18)",1,0.009665571235260004,NA,NA
"Intron (ENSMUST00000102514.3/237847, intron 1 of 1)",1,0.009665571235260004,NA,NA
"Intron (ENSMUST00000105682.8/68703, intron 1 of 22)",1,0.009665571235260004,NA,NA
"Intron (ENSMUST00000105845.8/13844, intron 3 of 15)",1,0.009665571235260004,NA,NA
"Intron (ENSMUST00000105855.1/230824, intron 1 of 15)",1,0.009665571235260004,NA,NA
"Intron (ENSMUST00000106491.6/229776, intron 5 of 13)",1,0.009665571235260004,NA,NA
"Intron (ENSMUST00000109616.8/52609, intron 2 of 6)",1,0.009665571235260004,NA,NA
"Intron (ENSMUST00000111752.9/13048, intron 2 of 22)",1,0.009665571235260004,NA,NA
"Intron (ENSMUST00000113577.7/241118, intron 1 of 8)",1,0.009665571235260004,NA,NA
"Intron (ENSMUST00000113592.8/20204, intron 1 of 3)",1,0.009665571235260004,NA,NA
"Intron (ENSMUST00000114865.7/110637, intron 1 of 20)",1,0.009665571235260004,NA,NA
"Intron (ENSMUST00000121440.3/433586, intron 1 of 4)",1,0.009665571235260004,NA,NA
"Intron (ENSMUST00000121799.7/58996, intron 1 of 23)",1,0.009665571235260004,NA,NA
"Intron (ENSMUST00000121925.7/171286, intron 5 of 13)",1,0.009665571235260004,NA,NA
"Intron (ENSMUST00000123224.1/ENSMUST00000123224.1, intron 1 of 1)",1,0.009665571235260004,NA,NA
"Intron (ENSMUST00000123933.7/ENSMUST00000123933.7, intron 4 of 4)",1,0.009665571235260004,NA,NA
"Intron (ENSMUST00000128646.7/218194, intron 3 of 13)",1,0.009665571235260004,NA,NA
"Intron (ENSMUST00000132584.7/ENSMUST00000132584.7, intron 2 of 5)",1,0.009665571235260004,NA,NA
"Intron (ENSMUST00000137714.1/ENSMUST00000137714.1, intron 1 of 1)",1,0.009665571235260004,NA,NA
"Intron (ENSMUST00000138595.2/381284, intron 1 of 31)",1,0.009665571235260004,NA,NA
"Intron (ENSMUST00000139345.1/ENSMUST00000139345.1, intron 1 of 1)",1,0.009665571235260004,NA,NA
"Intron (ENSMUST00000139835.1/102635783, intron 1 of 1)",1,0.009665571235260004,NA,NA
"Intron (ENSMUST00000145488.1/ENSMUST00000145488.1, intron 1 of 2)",1,0.009665571235260004,NA,NA
"Intron (ENSMUST00000146546.1/ENSMUST00000146546.1, intron 2 of 2)",1,0.009665571235260004,NA,NA
"Intron (ENSMUST00000147133.1/381373, intron 1 of 2)",1,0.009665571235260004,NA,NA
"Intron (ENSMUST00000151159.1/ENSMUST00000151159.1, intron 1 of 2)",1,0.009665571235260004,NA,NA
"Intron (ENSMUST00000159627.1/102634844, intron 2 of 3)",1,0.009665571235260004,NA,NA
"Intron (ENSMUST00000163756.1/105980076, intron 1 of 8)",1,0.009665571235260004,NA,NA
"Intron (ENSMUST00000165884.7/20527, intron 2 of 4)",1,0.009665571235260004,NA,NA
"Intron (ENSMUST00000176950.1/76814, intron 1 of 2)",1,0.009665571235260004,NA,NA
"Intron (ENSMUST00000180670.2/100038560, intron 1 of 1)",1,0.009665571235260004,NA,NA
"Intron (ENSMUST00000180921.1/320614, intron 1 of 2)",1,0.009665571235260004,NA,NA
"Intron (ENSMUST00000181815.1/ENSMUST00000181815.1, intron 1 of 1)",1,0.009665571235260004,NA,NA
"Intron (ENSMUST00000182495.1/101694, intron 1 of 1)",1,0.009665571235260004,NA,NA
"Intron (ENSMUST00000183110.1/69113, intron 1 of 2)",1,0.009665571235260004,NA,NA
"Intron (ENSMUST00000183782.7/ENSMUST00000183782.7, intron 1 of 3)",1,0.009665571235260004,NA,NA
"Intron (ENSMUST00000185281.6/320203, intron 3 of 3)",1,0.009665571235260004,NA,NA
"Intron (ENSMUST00000185943.1/ENSMUST00000185943.1, intron 1 of 6)",1,0.009665571235260004,NA,NA
"Intron (ENSMUST00000192949.5/170768, intron 1 of 14)",1,0.009665571235260004,NA,NA
"Intron (ENSMUST00000196243.4/320478, intron 3 of 3)",1,0.009665571235260004,NA,NA
"Intron (ENSMUST00000197148.1/ENSMUST00000197148.1, intron 1 of 1)",1,0.009665571235260004,NA,NA
"Intron (ENSMUST00000198586.1/ENSMUST00000198586.1, intron 2 of 3)",1,0.009665571235260004,NA,NA
"Intron (ENSMUST00000203619.2/18488, intron 1 of 22)",1,0.009665571235260004,NA,NA
"Intron (ENSMUST00000207474.1/ENSMUST00000207474.1, intron 1 of 2)",1,0.009665571235260004,NA,NA
"Intron (ENSMUST00000208824.1/ENSMUST00000208824.1, intron 1 of 1)",1,0.009665571235260004,NA,NA
"Intron (ENSMUST00000210378.1/ENSMUST00000210378.1, intron 3 of 7)",1,0.009665571235260004,NA,0.042354934349851756
"Intron (ENSMUST00000211002.1/76615, intron 1 of 3)",1,0.009665571235260004,NA,NA
"Intron (ENSMUST00000225654.1/ENSMUST00000225654.1, intron 3 of 5)",1,0.009665571235260004,NA,NA
"Intron (ENSMUST00000230234.1/ENSMUST00000230234.1, intron 1 of 1)",1,0.009665571235260004,NA,NA
"Intron (ENSMUST00000230913.1/102800312, intron 1 of 6)",1,0.009665571235260004,NA,NA
"Intron (ENSMUST00000231068.1/ENSMUST00000231068.1, intron 1 of 1)",1,0.009665571235260004,NA,NA
"Intron (ENSMUST00000234514.1/ENSMUST00000234514.1, intron 1 of 1)",1,0.009665571235260004,NA,NA
"Intron (ENSMUST00000234950.1/ENSMUST00000234950.1, intron 1 of 1)",1,0.009665571235260004,NA,NA
"Intron (ENSMUST00000236133.1/ENSMUST00000236133.1, intron 2 of 4)",1,0.009665571235260004,NA,NA
"Intron (ENSMUST00000236587.1/ENSMUST00000236587.1, intron 1 of 1)",1,0.009665571235260004,NA,NA
"Intron (ENSMUST00000238044.1/ENSMUST00000238044.1, intron 1 of 1)",1,0.009665571235260004,NA,NA
3' UTR,28,NA,3.0534351145038165,NA
3' UTR,56,NA,NA,2.3718763235916986
5' UTR,4,NA,0.43620501635768816,NA
5' UTR,21,NA,NA,0.8894536213468869
Distal Intergenic,59,NA,6.4340239912759,NA
Distal Intergenic,124,NA,NA,5.252011859381618
Downstream (<=300bp),1,NA,0.10905125408942204,NA
"Exon (ENSMUST00000000127.5/22415, exon 3 of 5)",1,NA,NA,0.042354934349851756
"Exon (ENSMUST00000000543.5/56149, exon 8 of 8)",1,NA,NA,0.042354934349851756
"Exon (ENSMUST00000001722.13/73608, exon 3 of 3)",1,NA,NA,0.042354934349851756
"Exon (ENSMUST00000002320.15/19015, exon 5 of 8)",1,NA,0.10905125408942204,NA
"Exon (ENSMUST00000002412.8/13004, exon 4 of 15)",1,NA,NA,0.042354934349851756
"Exon (ENSMUST00000003154.6/13637, exon 2 of 4)",1,NA,NA,0.042354934349851756
"Exon (ENSMUST00000003318.12/13544, exon 15 of 15)",1,NA,0.10905125408942204,NA
"Exon (ENSMUST00000003351.12/14813, exon 13 of 13)",1,NA,0.10905125408942204,NA
"Exon (ENSMUST00000003501.8/15571, exon 7 of 7)",1,NA,NA,0.042354934349851756
"Exon (ENSMUST00000003762.7/15116, exon 5 of 5)",1,NA,NA,0.042354934349851756
"Exon (ENSMUST00000004494.15/20467, exon 13 of 19)",1,NA,0.10905125408942204,NA
"Exon (ENSMUST00000005233.11/27103, exon 12 of 39)",1,NA,0.10905125408942204,NA
"Exon (ENSMUST00000005671.9/16001, exon 3 of 21)",1,NA,NA,0.042354934349851756
"Exon (ENSMUST00000006626.4/11474, exon 10 of 21)",1,NA,NA,0.042354934349851756
"Exon (ENSMUST00000006718.14/22409, exon 3 of 4)",1,NA,NA,0.042354934349851756
"Exon (ENSMUST00000006742.10/11979, exon 8 of 21)",1,NA,0.10905125408942204,NA
"Exon (ENSMUST00000007248.4/15482, exon 2 of 2)",1,NA,NA,0.042354934349851756
"Exon (ENSMUST00000007738.10/330790, exon 5 of 5)",1,NA,NA,0.042354934349851756
"Exon (ENSMUST00000010298.6/234857, exon 3 of 15)",1,NA,NA,0.042354934349851756
"Exon (ENSMUST00000016399.5/545486, exon 4 of 4)",1,NA,NA,0.042354934349851756
"Exon (ENSMUST00000016664.7/140887, exon 5 of 10)",1,NA,NA,0.042354934349851756
"Exon (ENSMUST00000018478.10/16706, exon 4 of 19)",1,NA,0.10905125408942204,NA
"Exon (ENSMUST00000019625.11/17885, exon 27 of 40)",1,NA,0.10905125408942204,NA
"Exon (ENSMUST00000020552.6/110012, exon 2 of 2)",1,NA,NA,0.042354934349851756
"Exon (ENSMUST00000020617.2/14257, exon 13 of 30)",1,NA,NA,0.042354934349851756
"Exon (ENSMUST00000021458.12/20741, exon 23 of 36)",1,NA,0.10905125408942204,NA
"Exon (ENSMUST00000021685.7/214305, exon 4 of 9)",1,NA,NA,0.042354934349851756
"Exon (ENSMUST00000021693.3/214663, exon 4 of 4)",1,NA,0.10905125408942204,NA
"Exon (ENSMUST00000022665.3/246710, exon 5 of 10)",1,NA,0.10905125408942204,NA
"Exon (ENSMUST00000022744.4/14573, exon 2 of 3)",1,NA,NA,0.042354934349851756
"Exon (ENSMUST00000023270.13/74201, exon 11 of 11)",1,NA,NA,0.042354934349851756
"Exon (ENSMUST00000024944.8/20532, exon 8 of 10)",1,NA,NA,0.042354934349851756
"Exon (ENSMUST00000024958.8/268932, exon 18 of 20)",1,NA,0.10905125408942204,NA
"Exon (ENSMUST00000024958.8/268932, exon 19 of 20)",1,NA,NA,0.042354934349851756
"Exon (ENSMUST00000025253.11/53761, exon 16 of 31)",1,NA,0.10905125408942204,NA
"Exon (ENSMUST00000025490.9/73137, exon 3 of 9)",1,NA,0.10905125408942204,NA
"Exon (ENSMUST00000026027.6/226182, exon 3 of 11)",1,NA,NA,0.042354934349851756
"Exon (ENSMUST00000027404.11/19275, exon 19 of 23)",1,NA,NA,0.042354934349851756
"Exon (ENSMUST00000029271.4/22065, exon 2 of 12)",1,NA,NA,0.042354934349851756
"Exon (ENSMUST00000029371.2/55994, exon 3 of 6)",1,NA,NA,0.042354934349851756
"Exon (ENSMUST00000029711.8/23920, exon 9 of 22)",1,NA,NA,0.042354934349851756
"Exon (ENSMUST00000030170.14/382018, exon 16 of 44)",1,NA,NA,0.042354934349851756
"Exon (ENSMUST00000030376.7/60613, exon 14 of 14)",1,NA,0.10905125408942204,NA
"Exon (ENSMUST00000030420.8/13842, exon 3 of 17)",1,NA,NA,0.042354934349851756
"Exon (ENSMUST00000030510.13/83770, exon 6 of 6)",1,NA,NA,0.042354934349851756
"Exon (ENSMUST00000030902.12/70673, exon 9 of 17)",1,NA,NA,0.042354934349851756
"Exon (ENSMUST00000032803.11/22693, exon 5 of 5)",1,NA,0.10905125408942204,NA
"Exon (ENSMUST00000033189.5/12426, exon 5 of 5)",1,NA,NA,0.042354934349851756
"Exon (ENSMUST00000033300.3/11870, exon 3 of 5)",1,NA,NA,0.042354934349851756
"Exon (ENSMUST00000033965.13/23965, exon 29 of 29)",1,NA,NA,0.042354934349851756
"Exon (ENSMUST00000034443.6/12555, exon 11 of 14)",1,NA,NA,0.042354934349851756
"Exon (ENSMUST00000035208.13/12217, exon 6 of 12)",1,NA,0.10905125408942204,NA
"Exon (ENSMUST00000035323.5/272382, exon 6 of 6)",1,NA,NA,0.042354934349851756
"Exon (ENSMUST00000035987.8/338372, exon 6 of 11)",1,NA,NA,0.042354934349851756
"Exon (ENSMUST00000037007.3/14027, exon 7 of 22)",1,NA,0.10905125408942204,NA
"Exon (ENSMUST00000037235.6/228787, exon 3 of 3)",1,NA,NA,0.042354934349851756
"Exon (ENSMUST00000037540.4/18442, exon 3 of 3)",1,NA,NA,0.042354934349851756
"Exon (ENSMUST00000038558.8/118445, exon 2 of 2)",1,NA,0.10905125408942204,NA
"Exon (ENSMUST00000038618.12/108075, exon 13 of 33)",1,NA,NA,0.042354934349851756
"Exon (ENSMUST00000039331.8/230868, exon 6 of 10)",1,NA,0.10905125408942204,NA
"Exon (ENSMUST00000039484.5/237256, exon 6 of 6)",1,NA,NA,0.042354934349851756
"Exon (ENSMUST00000039605.7/108161, exon 2 of 2)",1,NA,NA,0.042354934349851756
"Exon (ENSMUST00000039775.8/243914, exon 8 of 9)",1,NA,NA,0.042354934349851756
"Exon (ENSMUST00000040110.7/58250, exon 3 of 3)",1,NA,0.10905125408942204,NA
"Exon (ENSMUST00000040111.9/209683, exon 24 of 24)",1,NA,0.10905125408942204,NA
"Exon (ENSMUST00000040111.9/209683, exon 7 of 24)",1,NA,0.10905125408942204,NA
"Exon (ENSMUST00000040599.14/215690, exon 3 of 30)",1,NA,NA,0.042354934349851756
"Exon (ENSMUST00000040636.8/56546, exon 4 of 4)",1,NA,0.10905125408942204,NA
"Exon (ENSMUST00000041804.7/231876, exon 11 of 14)",1,NA,NA,0.042354934349851756
"Exon (ENSMUST00000041965.4/217866, exon 15 of 37)",1,NA,0.10905125408942204,NA
"Exon (ENSMUST00000043050.8/59031, exon 2 of 2)",1,NA,NA,0.042354934349851756
"Exon (ENSMUST00000043141.6/244653, exon 10 of 87)",1,NA,NA,0.042354934349851756
"Exon (ENSMUST00000044415.15/228961, exon 10 of 12)",1,NA,NA,0.042354934349851756
"Exon (ENSMUST00000044442.9/71461, exon 2 of 20)",1,NA,NA,0.042354934349851756
"Exon (ENSMUST00000044798.3/241769, exon 2 of 2)",1,NA,0.10905125408942204,NA
"Exon (ENSMUST00000044970.6/17309, exon 2 of 2)",1,NA,NA,0.042354934349851756
"Exon (ENSMUST00000045473.15/68875, exon 3 of 5)",1,NA,NA,0.042354934349851756
"Exon (ENSMUST00000046659.13/242667, exon 7 of 12)",1,NA,0.10905125408942204,NA
"Exon (ENSMUST00000046659.13/242667, exon 9 of 12)",1,NA,0.10905125408942204,NA
"Exon (ENSMUST00000047441.13/380698, exon 14 of 104)",1,NA,0.10905125408942204,NA
"Exon (ENSMUST00000048112.12/52850, exon 4 of 25)",1,NA,NA,0.042354934349851756
"Exon (ENSMUST00000048572.6/15284, exon 4 of 4)",1,NA,NA,0.042354934349851756
"Exon (ENSMUST00000050372.9/241324, exon 3 of 13)",1,NA,NA,0.042354934349851756
"Exon (ENSMUST00000052440.7/ENSMUST00000052440.7, exon 1 of 1)",1,NA,NA,0.042354934349851756
"Exon (ENSMUST00000052888.8/ENSMUST00000052888.8, exon 1 of 1)",1,NA,0.10905125408942204,NA
"Exon (ENSMUST00000052969.14/108800, exon 5 of 7)",1,NA,0.10905125408942204,NA
"Exon (ENSMUST00000053177.13/72145, exon 44 of 67)",1,NA,NA,0.042354934349851756
"Exon (ENSMUST00000053239.3/20607, exon 3 of 3)",1,NA,NA,0.042354934349851756
"Exon (ENSMUST00000053317.11/12064, exon 2 of 2)",1,NA,NA,0.042354934349851756
"Exon (ENSMUST00000053577.8/17075, exon 4 of 10)",1,NA,NA,0.042354934349851756
"Exon (ENSMUST00000054145.7/320808, exon 9 of 9)",1,NA,NA,0.042354934349851756
"Exon (ENSMUST00000054368.6/16205, exon 3 of 3)",1,NA,NA,0.042354934349851756
"Exon (ENSMUST00000054449.13/18810, exon 33 of 33)",2,NA,0.21810250817884408,0.08470986869970351
"Exon (ENSMUST00000054711.4/ENSMUST00000054711.4, exon 1 of 1)",1,NA,NA,0.042354934349851756
"Exon (ENSMUST00000055341.6/328232, exon 2 of 2)",2,NA,0.21810250817884408,NA
"Exon (ENSMUST00000055535.8/235472, exon 10 of 20)",1,NA,0.10905125408942204,NA
"Exon (ENSMUST00000055947.9/217125, exon 4 of 10)",1,NA,NA,0.042354934349851756
"Exon (ENSMUST00000056978.7/16553, exon 32 of 38)",1,NA,0.10905125408942204,NA
"Exon (ENSMUST00000057613.2/242316, exon 2 of 2)",1,NA,NA,0.042354934349851756
"Exon (ENSMUST00000057831.7/68709, exon 7 of 8)",1,NA,0.10905125408942204,NA
"Exon (ENSMUST00000058418.7/243328, exon 8 of 11)",1,NA,NA,0.042354934349851756
"Exon (ENSMUST00000058577.4/212127, exon 11 of 13)",1,NA,NA,0.042354934349851756
"Exon (ENSMUST00000058997.14/207259, exon 5 of 5)",1,NA,NA,0.042354934349851756
"Exon (ENSMUST00000059204.10/448987, exon 4 of 4)",1,NA,NA,0.042354934349851756
"Exon (ENSMUST00000059619.2/104445, exon 2 of 3)",1,NA,NA,0.042354934349851756
"Exon (ENSMUST00000059672.8/83490, exon 2 of 17)",1,NA,NA,0.042354934349851756
"Exon (ENSMUST00000059737.2/ENSMUST00000059737.2, exon 1 of 1)",1,NA,NA,0.042354934349851756
"Exon (ENSMUST00000061030.9/224055, exon 2 of 2)",1,NA,NA,0.042354934349851756
"Exon (ENSMUST00000061244.14/13846, exon 3 of 17)",1,NA,NA,0.042354934349851756
"Exon (ENSMUST00000061273.11/59036, exon 4 of 4)",1,NA,NA,0.042354934349851756
"Exon (ENSMUST00000061427.9/330119, exon 20 of 22)",1,NA,0.10905125408942204,NA
"Exon (ENSMUST00000061890.7/101095, exon 8 of 8)",1,NA,0.10905125408942204,NA
"Exon (ENSMUST00000062241.10/81897, exon 2 of 2)",1,NA,NA,0.042354934349851756
"Exon (ENSMUST00000062483.14/14633, exon 14 of 14)",1,NA,NA,0.042354934349851756
"Exon (ENSMUST00000062522.8/ENSMUST00000062522.8, exon 5 of 5)",1,NA,0.10905125408942204,NA
"Exon (ENSMUST00000063465.11/22418, exon 4 of 5)",1,NA,NA,0.042354934349851756
"Exon (ENSMUST00000069098.6/320706, exon 14 of 15)",1,NA,NA,0.042354934349851756
"Exon (ENSMUST00000073391.4/546726, exon 5 of 6)",1,NA,NA,0.042354934349851756
"Exon (ENSMUST00000074863.5/ENSMUST00000074863.5, exon 1 of 1)",1,NA,NA,0.042354934349851756
"Exon (ENSMUST00000075044.9/99377, exon 2 of 3)",1,NA,NA,0.042354934349851756
"Exon (ENSMUST00000075044.9/99377, exon 3 of 3)",1,NA,0.10905125408942204,NA
"Exon (ENSMUST00000075317.11/68070, exon 19 of 24)",1,NA,0.10905125408942204,NA
"Exon (ENSMUST00000076251.6/319748, exon 2 of 3)",1,NA,NA,0.042354934349851756
"Exon (ENSMUST00000076703.6/ENSMUST00000076703.6, exon 1 of 1)",1,NA,0.10905125408942204,NA
"Exon (ENSMUST00000077962.7/240444, exon 4 of 4)",1,NA,NA,0.042354934349851756
"Exon (ENSMUST00000078419.1/ENSMUST00000078419.1, exon 1 of 1)",1,NA,0.10905125408942204,NA
"Exon (ENSMUST00000078508.6/170574, exon 2 of 2)",1,NA,NA,0.042354934349851756
"Exon (ENSMUST00000079881.10/272347, exon 6 of 6)",1,NA,NA,0.042354934349851756
"Exon (ENSMUST00000082303.12/12819, exon 3 of 39)",1,NA,NA,0.042354934349851756
"Exon (ENSMUST00000085222.11/17364, exon 27 of 27)",1,NA,NA,0.042354934349851756
"Exon (ENSMUST00000088174.3/50785, exon 2 of 2)",1,NA,NA,0.042354934349851756
"Exon (ENSMUST00000090247.6/223435, exon 35 of 57)",1,NA,0.10905125408942204,NA
"Exon (ENSMUST00000090558.9/53883, exon 2 of 34)",1,NA,0.10905125408942204,NA
"Exon (ENSMUST00000091420.5/ENSMUST00000091420.5, exon 2 of 2)",1,NA,NA,0.042354934349851756
"Exon (ENSMUST00000093907.10/53860, exon 3 of 12)",1,NA,0.10905125408942204,NA
"Exon (ENSMUST00000093911.10/ENSMUST00000093911.10, exon 1 of 64)",1,NA,0.10905125408942204,NA
"Exon (ENSMUST00000094103.3/54710, exon 2 of 2)",1,NA,0.10905125408942204,NA
"Exon (ENSMUST00000094337.1/435653, exon 4 of 6)",1,NA,0.10905125408942204,NA
"Exon (ENSMUST00000094464.9/69743, exon 11 of 16)",1,NA,NA,0.042354934349851756
"Exon (ENSMUST00000094639.9/17754, exon 5 of 7)",1,NA,NA,0.042354934349851756
"Exon (ENSMUST00000094790.4/381853, exon 14 of 14)",1,NA,0.10905125408942204,NA
"Exon (ENSMUST00000095027.8/16764, exon 12 of 22)",1,NA,0.10905125408942204,NA
"Exon (ENSMUST00000095580.2/68802, exon 2 of 20)",1,NA,NA,0.042354934349851756
"Exon (ENSMUST00000095606.4/449521, exon 6 of 6)",1,NA,0.10905125408942204,NA
"Exon (ENSMUST00000096194.8/83921, exon 3 of 25)",1,NA,NA,0.042354934349851756
"Exon (ENSMUST00000097843.8/12802, exon 2 of 2)",1,NA,NA,0.042354934349851756
"Exon (ENSMUST00000098278.3/272411, exon 2 of 2)",1,NA,NA,0.042354934349851756
"Exon (ENSMUST00000100294.2/ENSMUST00000100294.2, exon 1 of 1)",1,NA,NA,0.042354934349851756
"Exon (ENSMUST00000100467.9/100683, exon 67 of 71)",1,NA,NA,0.042354934349851756
"Exon (ENSMUST00000102493.7/216961, exon 6 of 11)",1,NA,NA,0.042354934349851756
"Exon (ENSMUST00000102518.9/230857, exon 18 of 20)",1,NA,NA,0.042354934349851756
"Exon (ENSMUST00000102694.3/19221, exon 6 of 9)",1,NA,0.10905125408942204,NA
"Exon (ENSMUST00000103037.4/16470, exon 2 of 3)",1,NA,NA,0.042354934349851756
"Exon (ENSMUST00000103209.9/118453, exon 5 of 8)",1,NA,NA,0.042354934349851756
"Exon (ENSMUST00000104916.3/ENSMUST00000104916.3, exon 1 of 1)",1,NA,NA,0.042354934349851756
"Exon (ENSMUST00000105378.8/216154, exon 5 of 15)",1,NA,0.10905125408942204,NA
"Exon (ENSMUST00000105845.8/13844, exon 3 of 16)",1,NA,0.10905125408942204,NA
"Exon (ENSMUST00000106248.7/434246, exon 7 of 7)",1,NA,0.10905125408942204,NA
"Exon (ENSMUST00000106903.7/192775, exon 6 of 14)",1,NA,0.10905125408942204,NA
"Exon (ENSMUST00000107128.7/17921, exon 21 of 49)",1,NA,0.10905125408942204,NA
"Exon (ENSMUST00000107596.8/56013, exon 2 of 20)",1,NA,NA,0.042354934349851756
"Exon (ENSMUST00000107796.7/230125, exon 3 of 3)",1,NA,NA,0.042354934349851756
"Exon (ENSMUST00000108362.7/80297, exon 9 of 18)",1,NA,NA,0.042354934349851756
"Exon (ENSMUST00000108793.8/118454, exon 2 of 2)",1,NA,NA,0.042354934349851756
"Exon (ENSMUST00000109191.1/241794, exon 3 of 3)",1,NA,0.10905125408942204,NA
"Exon (ENSMUST00000109424.3/22422, exon 3 of 4)",1,NA,NA,0.042354934349851756
"Exon (ENSMUST00000109629.1/ENSMUST00000109629.1, exon 2 of 2)",1,NA,NA,0.042354934349851756
"Exon (ENSMUST00000109689.8/110253, exon 16 of 24)",1,NA,0.10905125408942204,NA
"Exon (ENSMUST00000110013.9/16453, exon 20 of 24)",1,NA,0.10905125408942204,NA
"Exon (ENSMUST00000110492.1/244418, exon 6 of 6)",1,NA,0.10905125408942204,NA
"Exon (ENSMUST00000111416.6/100039795, exon 9 of 10)",1,NA,NA,0.042354934349851756
"Exon (ENSMUST00000111752.9/13048, exon 18 of 23)",1,NA,NA,0.042354934349851756
"Exon (ENSMUST00000112107.7/17318, exon 7 of 10)",1,NA,0.10905125408942204,NA
"Exon (ENSMUST00000112107.7/17318, exon 9 of 10)",1,NA,0.10905125408942204,NA
"Exon (ENSMUST00000113055.8/27428, exon 5 of 11)",1,NA,0.10905125408942204,NA
"Exon (ENSMUST00000113462.7/18190, exon 10 of 23)",1,NA,0.10905125408942204,NA
"Exon (ENSMUST00000113726.7/245945, exon 4 of 7)",1,NA,NA,0.042354934349851756
"Exon (ENSMUST00000114308.9/14810, exon 4 of 20)",1,NA,0.10905125408942204,NA
"Exon (ENSMUST00000114694.8/56490, exon 15 of 15)",1,NA,0.10905125408942204,NA
"Exon (ENSMUST00000114942.8/227545, exon 4 of 4)",1,NA,NA,0.042354934349851756
"Exon (ENSMUST00000115217.7/242864, exon 3 of 5)",1,NA,0.10905125408942204,NA
"Exon (ENSMUST00000115516.10/22654, exon 6 of 6)",1,NA,0.10905125408942204,NA
"Exon (ENSMUST00000115816.2/108013, exon 2 of 13)",1,NA,0.10905125408942204,NA
"Exon (ENSMUST00000117103.1/ENSMUST00000117103.1, exon 1 of 1)",1,NA,0.10905125408942204,NA
"Exon (ENSMUST00000117177.7/269695, exon 5 of 12)",1,NA,0.10905125408942204,NA
"Exon (ENSMUST00000117186.1/ENSMUST00000117186.1, exon 1 of 1)",1,NA,0.10905125408942204,NA
"Exon (ENSMUST00000117485.2/ENSMUST00000117485.2, exon 1 of 1)",1,NA,0.10905125408942204,NA
"Exon (ENSMUST00000117487.2/ENSMUST00000117487.2, exon 1 of 1)",1,NA,NA,0.042354934349851756
"Exon (ENSMUST00000117585.1/ENSMUST00000117585.1, exon 1 of 1)",1,NA,0.10905125408942204,NA
"Exon (ENSMUST00000117738.1/ENSMUST00000117738.1, exon 1 of 1)",1,NA,NA,0.042354934349851756
"Exon (ENSMUST00000117835.1/ENSMUST00000117835.1, exon 1 of 1)",1,NA,NA,0.042354934349851756
"Exon (ENSMUST00000117888.1/ENSMUST00000117888.1, exon 1 of 1)",1,NA,NA,0.042354934349851756
"Exon (ENSMUST00000117963.1/ENSMUST00000117963.1, exon 1 of 1)",1,NA,0.10905125408942204,NA
"Exon (ENSMUST00000118022.7/14463, exon 2 of 7)",1,NA,NA,0.042354934349851756
"Exon (ENSMUST00000118143.2/ENSMUST00000118143.2, exon 1 of 1)",1,NA,NA,0.042354934349851756
"Exon (ENSMUST00000118257.1/ENSMUST00000118257.1, exon 1 of 1)",1,NA,NA,0.042354934349851756
"Exon (ENSMUST00000118330.1/ENSMUST00000118330.1, exon 1 of 1)",1,NA,NA,0.042354934349851756
"Exon (ENSMUST00000118636.1/ENSMUST00000118636.1, exon 1 of 1)",1,NA,NA,0.042354934349851756
"Exon (ENSMUST00000118770.1/ENSMUST00000118770.1, exon 1 of 1)",1,NA,NA,0.042354934349851756
"Exon (ENSMUST00000119206.2/244058, exon 3 of 3)",1,NA,NA,0.042354934349851756
"Exon (ENSMUST00000120282.1/ENSMUST00000120282.1, exon 1 of 1)",1,NA,NA,0.042354934349851756
"Exon (ENSMUST00000120756.7/20357, exon 10 of 21)",1,NA,0.10905125408942204,NA
"Exon (ENSMUST00000121073.1/ENSMUST00000121073.1, exon 1 of 1)",1,NA,NA,0.042354934349851756
"Exon (ENSMUST00000121664.1/ENSMUST00000121664.1, exon 1 of 1)",1,NA,NA,0.042354934349851756
"Exon (ENSMUST00000121733.7/170721, exon 4 of 28)",1,NA,NA,0.042354934349851756
"Exon (ENSMUST00000121861.1/ENSMUST00000121861.1, exon 1 of 1)",1,NA,NA,0.042354934349851756
"Exon (ENSMUST00000121866.1/ENSMUST00000121866.1, exon 1 of 1)",1,NA,NA,0.042354934349851756
"Exon (ENSMUST00000121927.7/268903, exon 4 of 4)",1,NA,NA,0.042354934349851756
"Exon (ENSMUST00000122709.1/ENSMUST00000122709.1, exon 1 of 1)",1,NA,0.10905125408942204,NA
"Exon (ENSMUST00000123374.7/70574, exon 4 of 4)",1,NA,NA,0.042354934349851756
"Exon (ENSMUST00000125009.8/108071, exon 10 of 10)",1,NA,0.10905125408942204,NA
"Exon (ENSMUST00000127527.1/ENSMUST00000127527.1, exon 1 of 5)",1,NA,NA,0.042354934349851756
"Exon (ENSMUST00000127554.1/ENSMUST00000127554.1, exon 1 of 2)",1,NA,NA,0.042354934349851756
"Exon (ENSMUST00000128402.2/668303, exon 12 of 16)",1,NA,0.10905125408942204,NA
"Exon (ENSMUST00000128558.1/ENSMUST00000128558.1, exon 1 of 3)",1,NA,NA,0.042354934349851756
"Exon (ENSMUST00000128935.1/ENSMUST00000128935.1, exon 1 of 1)",1,NA,NA,0.042354934349851756
"Exon (ENSMUST00000129574.2/433415, exon 2 of 4)",1,NA,NA,0.042354934349851756
"Exon (ENSMUST00000130235.7/26564, exon 6 of 9)",1,NA,NA,0.042354934349851756
"Exon (ENSMUST00000131504.1/ENSMUST00000131504.1, exon 1 of 5)",1,NA,NA,0.042354934349851756
"Exon (ENSMUST00000133243.4/ENSMUST00000133243.4, exon 1 of 4)",1,NA,0.10905125408942204,NA
"Exon (ENSMUST00000133533.7/22062, exon 2 of 12)",1,NA,NA,0.042354934349851756
"Exon (ENSMUST00000133899.1/240119, exon 2 of 2)",1,NA,0.10905125408942204,NA
"Exon (ENSMUST00000134312.8/ENSMUST00000134312.8, exon 2 of 5)",1,NA,NA,0.042354934349851756
"Exon (ENSMUST00000135144.1/ENSMUST00000135144.1, exon 2 of 3)",1,NA,0.10905125408942204,NA
"Exon (ENSMUST00000137427.7/19668, exon 10 of 10)",1,NA,0.10905125408942204,NA
"Exon (ENSMUST00000137470.1/ENSMUST00000137470.1, exon 1 of 2)",1,NA,0.10905125408942204,NA
"Exon (ENSMUST00000137613.8/74463, exon 3 of 12)",1,NA,NA,0.042354934349851756
"Exon (ENSMUST00000139202.1/228880, exon 3 of 3)",1,NA,0.10905125408942204,NA
"Exon (ENSMUST00000140228.7/110253, exon 8 of 8)",1,NA,0.10905125408942204,NA
"Exon (ENSMUST00000143099.1/ENSMUST00000143099.1, exon 1 of 2)",1,NA,NA,0.042354934349851756
"Exon (ENSMUST00000147125.1/22691, exon 3 of 3)",1,NA,NA,0.042354934349851756
"Exon (ENSMUST00000148082.1/ENSMUST00000148082.1, exon 1 of 5)",1,NA,NA,0.042354934349851756
"Exon (ENSMUST00000150819.2/224833, exon 4 of 5)",1,NA,NA,0.042354934349851756
"Exon (ENSMUST00000150976.7/232146, exon 3 of 3)",1,NA,NA,0.042354934349851756
"Exon (ENSMUST00000151778.1/ENSMUST00000151778.1, exon 1 of 2)",1,NA,NA,0.042354934349851756
"Exon (ENSMUST00000152831.7/11941, exon 22 of 24)",1,NA,0.10905125408942204,NA
"Exon (ENSMUST00000153162.7/100043911, exon 13 of 13)",1,NA,NA,0.042354934349851756
"Exon (ENSMUST00000153526.7/14534, exon 10 of 18)",1,NA,0.10905125408942204,NA
"Exon (ENSMUST00000156053.7/72014, exon 2 of 2)",1,NA,NA,0.042354934349851756
"Exon (ENSMUST00000157704.1/ENSMUST00000157704.1, exon 1 of 1)",1,NA,0.10905125408942204,NA
"Exon (ENSMUST00000161226.8/319974, exon 19 of 19)",1,NA,NA,0.042354934349851756
"Exon (ENSMUST00000161405.7/252973, exon 4 of 10)",1,NA,NA,0.042354934349851756
"Exon (ENSMUST00000162853.7/319468, exon 3 of 6)",1,NA,0.10905125408942204,NA
"Exon (ENSMUST00000162863.7/225724, exon 2 of 5)",1,NA,0.10905125408942204,NA
"Exon (ENSMUST00000164104.2/ENSMUST00000164104.2, exon 1 of 2)",1,NA,NA,0.042354934349851756
"Exon (ENSMUST00000164382.1/66733, exon 3 of 4)",1,NA,NA,0.042354934349851756
"Exon (ENSMUST00000165512.3/15285, exon 3 of 3)",1,NA,0.10905125408942204,NA
"Exon (ENSMUST00000166750.8/74440, exon 10 of 21)",1,NA,0.10905125408942204,NA
"Exon (ENSMUST00000167804.8/23877, exon 3 of 3)",1,NA,0.10905125408942204,NA
"Exon (ENSMUST00000168093.8/101540, exon 11 of 19)",1,NA,NA,0.042354934349851756
"Exon (ENSMUST00000168386.8/73072, exon 6 of 7)",1,NA,NA,0.042354934349851756
"Exon (ENSMUST00000169437.8/12406, exon 2 of 5)",1,NA,NA,0.042354934349851756
"Exon (ENSMUST00000169486.8/13593, exon 5 of 16)",1,NA,NA,0.042354934349851756
"Exon (ENSMUST00000170760.2/620235, exon 3 of 6)",1,NA,0.10905125408942204,NA
"Exon (ENSMUST00000170760.2/620235, exon 4 of 6)",1,NA,0.10905125408942204,NA
"Exon (ENSMUST00000171238.7/329003, exon 2 of 6)",1,NA,0.10905125408942204,NA
"Exon (ENSMUST00000171366.6/68897, exon 8 of 8)",1,NA,0.10905125408942204,NA
"Exon (ENSMUST00000172500.1/74971, exon 3 of 3)",1,NA,NA,0.042354934349851756
"Exon (ENSMUST00000172583.1/ENSMUST00000172583.1, exon 2 of 3)",1,NA,NA,0.042354934349851756
"Exon (ENSMUST00000173002.7/69183, exon 3 of 3)",1,NA,NA,0.042354934349851756
"Exon (ENSMUST00000173141.1/ENSMUST00000173141.1, exon 1 of 4)",1,NA,0.10905125408942204,NA
"Exon (ENSMUST00000177457.7/209630, exon 22 of 25)",1,NA,0.10905125408942204,NA
"Exon (ENSMUST00000178135.2/ENSMUST00000178135.2, exon 1 of 1)",1,NA,0.10905125408942204,NA
"Exon (ENSMUST00000178843.2/242707, exon 8 of 8)",1,NA,NA,0.042354934349851756
"Exon (ENSMUST00000180248.7/19653, exon 3 of 4)",1,NA,0.10905125408942204,NA
"Exon (ENSMUST00000180472.1/ENSMUST00000180472.1, exon 1 of 3)",1,NA,NA,0.042354934349851756
"Exon (ENSMUST00000181194.1/ENSMUST00000181194.1, exon 1 of 2)",1,NA,0.10905125408942204,NA
"Exon (ENSMUST00000181282.1/ENSMUST00000181282.1, exon 2 of 2)",1,NA,0.10905125408942204,NA
"Exon (ENSMUST00000181412.1/ENSMUST00000181412.1, exon 1 of 2)",1,NA,NA,0.042354934349851756
"Exon (ENSMUST00000181436.1/ENSMUST00000181436.1, exon 1 of 2)",1,NA,NA,0.042354934349851756
"Exon (ENSMUST00000181530.7/68790, exon 2 of 6)",1,NA,0.10905125408942204,NA
"Exon (ENSMUST00000182774.1/ENSMUST00000182774.1, exon 1 of 1)",1,NA,NA,0.042354934349851756
"Exon (ENSMUST00000182897.7/240055, exon 2 of 4)",1,NA,NA,0.042354934349851756
"Exon (ENSMUST00000183156.7/77531, exon 4 of 26)",1,NA,NA,0.042354934349851756
"Exon (ENSMUST00000183302.5/13518, exon 23 of 24)",1,NA,NA,0.042354934349851756
"Exon (ENSMUST00000183583.7/171171, exon 2 of 6)",1,NA,NA,0.042354934349851756
"Exon (ENSMUST00000183928.7/ENSMUST00000183928.7, exon 1 of 3)",1,NA,NA,0.042354934349851756
"Exon (ENSMUST00000185678.1/98452, exon 3 of 3)",1,NA,0.10905125408942204,NA
"Exon (ENSMUST00000186604.1/ENSMUST00000186604.1, exon 3 of 3)",1,NA,NA,0.042354934349851756
"Exon (ENSMUST00000187705.1/ENSMUST00000187705.1, exon 1 of 1)",1,NA,0.10905125408942204,NA
"Exon (ENSMUST00000188740.1/ENSMUST00000188740.1, exon 1 of 1)",1,NA,NA,0.042354934349851756
"Exon (ENSMUST00000191428.6/14107, exon 19 of 27)",1,NA,NA,0.042354934349851756
"Exon (ENSMUST00000191428.6/14107, exon 5 of 27)",1,NA,NA,0.042354934349851756
"Exon (ENSMUST00000191634.1/ENSMUST00000191634.1, exon 1 of 1)",1,NA,NA,0.042354934349851756
"Exon (ENSMUST00000191906.5/72825, exon 4 of 4)",1,NA,NA,0.042354934349851756
"Exon (ENSMUST00000192183.1/ENSMUST00000192183.1, exon 1 of 1)",1,NA,0.10905125408942204,NA
"Exon (ENSMUST00000193092.1/ENSMUST00000193092.1, exon 1 of 1)",1,NA,NA,0.042354934349851756
"Exon (ENSMUST00000193663.1/ENSMUST00000193663.1, exon 1 of 1)",1,NA,0.10905125408942204,NA
"Exon (ENSMUST00000193847.1/ENSMUST00000193847.1, exon 1 of 1)",1,NA,0.10905125408942204,NA
"Exon (ENSMUST00000194287.1/ENSMUST00000194287.1, exon 1 of 1)",1,NA,NA,0.042354934349851756
"Exon (ENSMUST00000194541.2/ENSMUST00000194541.2, exon 1 of 1)",1,NA,NA,0.042354934349851756
"Exon (ENSMUST00000194542.5/50868, exon 3 of 6)",1,NA,0.10905125408942204,NA
"Exon (ENSMUST00000194954.1/ENSMUST00000194954.1, exon 1 of 1)",1,NA,0.10905125408942204,NA
"Exon (ENSMUST00000195036.1/ENSMUST00000195036.1, exon 1 of 1)",1,NA,0.10905125408942204,NA
"Exon (ENSMUST00000196397.4/23921, exon 2 of 9)",1,NA,NA,0.042354934349851756
"Exon (ENSMUST00000196458.1/ENSMUST00000196458.1, exon 1 of 1)",1,NA,0.10905125408942204,NA
"Exon (ENSMUST00000197444.1/ENSMUST00000197444.1, exon 1 of 1)",1,NA,NA,0.042354934349851756
"Exon (ENSMUST00000198564.1/ENSMUST00000198564.1, exon 1 of 1)",1,NA,NA,0.042354934349851756
"Exon (ENSMUST00000198952.1/ENSMUST00000198952.1, exon 1 of 1)",1,NA,NA,0.042354934349851756
"Exon (ENSMUST00000198955.4/71481, exon 3 of 13)",1,NA,0.10905125408942204,NA
"Exon (ENSMUST00000199304.1/ENSMUST00000199304.1, exon 1 of 1)",1,NA,NA,0.042354934349851756
"Exon (ENSMUST00000199575.1/ENSMUST00000199575.1, exon 1 of 1)",1,NA,0.10905125408942204,NA
"Exon (ENSMUST00000199644.1/ENSMUST00000199644.1, exon 1 of 1)",1,NA,0.10905125408942204,NA
"Exon (ENSMUST00000199828.1/ENSMUST00000199828.1, exon 1 of 1)",1,NA,NA,0.042354934349851756
"Exon (ENSMUST00000203386.1/ENSMUST00000203386.1, exon 1 of 3)",1,NA,0.10905125408942204,NA
"Exon (ENSMUST00000204095.2/243372, exon 3 of 3)",1,NA,NA,0.042354934349851756
"Exon (ENSMUST00000204695.1/ENSMUST00000204695.1, exon 1 of 1)",1,NA,NA,0.042354934349851756
"Exon (ENSMUST00000204830.1/100502936, exon 2 of 2)",1,NA,NA,0.042354934349851756
"Exon (ENSMUST00000205501.1/ENSMUST00000205501.1, exon 4 of 4)",1,NA,NA,0.042354934349851756
"Exon (ENSMUST00000207038.1/215819, exon 7 of 7)",1,NA,NA,0.042354934349851756
"Exon (ENSMUST00000207382.1/ENSMUST00000207382.1, exon 1 of 3)",1,NA,0.10905125408942204,NA
"Exon (ENSMUST00000207754.1/100862066, exon 15 of 16)",1,NA,NA,0.042354934349851756
"Exon (ENSMUST00000207917.1/16500, exon 2 of 2)",1,NA,0.10905125408942204,NA
"Exon (ENSMUST00000208560.1/ENSMUST00000208560.1, exon 1 of 3)",1,NA,NA,0.042354934349851756
"Exon (ENSMUST00000208959.1/ENSMUST00000208959.1, exon 1 of 2)",1,NA,NA,0.042354934349851756
"Exon (ENSMUST00000210222.1/ENSMUST00000210222.1, exon 1 of 7)",1,NA,NA,0.042354934349851756
"Exon (ENSMUST00000210659.1/ENSMUST00000210659.1, exon 1 of 4)",1,NA,NA,0.042354934349851756
"Exon (ENSMUST00000210709.1/ENSMUST00000210709.1, exon 1 of 3)",1,NA,NA,0.042354934349851756
"Exon (ENSMUST00000211007.1/26356, exon 2 of 2)",1,NA,NA,0.042354934349851756
"Exon (ENSMUST00000211356.1/272465, exon 7 of 7)",1,NA,NA,0.042354934349851756
"Exon (ENSMUST00000211922.1/ENSMUST00000211922.1, exon 1 of 1)",1,NA,NA,0.042354934349851756
"Exon (ENSMUST00000212355.1/330230, exon 3 of 3)",1,NA,NA,0.042354934349851756
"Exon (ENSMUST00000212728.1/ENSMUST00000212728.1, exon 1 of 2)",1,NA,NA,0.042354934349851756
"Exon (ENSMUST00000212889.1/26457, exon 8 of 13)",1,NA,NA,0.042354934349851756
"Exon (ENSMUST00000214232.1/ENSMUST00000214232.1, exon 1 of 1)",1,NA,NA,0.042354934349851756
"Exon (ENSMUST00000214374.1/20190, exon 93 of 109)",1,NA,NA,0.042354934349851756
"Exon (ENSMUST00000214374.1/20190, exon 94 of 109)",1,NA,NA,0.042354934349851756
"Exon (ENSMUST00000214827.1/ENSMUST00000214827.1, exon 1 of 2)",1,NA,NA,0.042354934349851756
"Exon (ENSMUST00000216270.1/100503652, exon 3 of 4)",1,NA,0.10905125408942204,NA
"Exon (ENSMUST00000216671.1/ENSMUST00000216671.1, exon 1 of 1)",1,NA,NA,0.042354934349851756
"Exon (ENSMUST00000216916.1/319601, exon 6 of 7)",1,NA,NA,0.042354934349851756
"Exon (ENSMUST00000219543.1/18976, exon 4 of 4)",1,NA,NA,0.042354934349851756
"Exon (ENSMUST00000220503.1/ENSMUST00000220503.1, exon 1 of 3)",1,NA,NA,0.042354934349851756
"Exon (ENSMUST00000220518.1/11906, exon 15 of 16)",1,NA,NA,0.042354934349851756
"Exon (ENSMUST00000221427.1/ENSMUST00000221427.1, exon 1 of 3)",1,NA,NA,0.042354934349851756
"Exon (ENSMUST00000221582.1/ENSMUST00000221582.1, exon 2 of 2)",1,NA,NA,0.042354934349851756
"Exon (ENSMUST00000221586.1/ENSMUST00000221586.1, exon 1 of 1)",1,NA,0.10905125408942204,NA
"Exon (ENSMUST00000222571.1/ENSMUST00000222571.1, exon 1 of 4)",1,NA,NA,0.042354934349851756
"Exon (ENSMUST00000225130.1/102632492, exon 3 of 4)",1,NA,0.10905125408942204,NA
"Exon (ENSMUST00000225808.1/106763, exon 13 of 13)",1,NA,NA,0.042354934349851756
"Exon (ENSMUST00000227184.1/ENSMUST00000227184.1, exon 1 of 1)",1,NA,NA,0.042354934349851756
"Exon (ENSMUST00000229055.1/239546, exon 5 of 5)",1,NA,NA,0.042354934349851756
"Exon (ENSMUST00000229837.1/ENSMUST00000229837.1, exon 1 of 3)",1,NA,NA,0.042354934349851756
"Exon (ENSMUST00000229933.1/54003, exon 20 of 21)",1,NA,NA,0.042354934349851756
"Exon (ENSMUST00000232332.2/381634, exon 25 of 34)",1,NA,NA,0.042354934349851756
"Exon (ENSMUST00000232970.1/ENSMUST00000232970.1, exon 1 of 1)",1,NA,NA,0.042354934349851756
"Exon (ENSMUST00000233027.1/21873, exon 5 of 23)",1,NA,NA,0.042354934349851756
"Exon (ENSMUST00000236936.1/ENSMUST00000236936.1, exon 3 of 6)",1,NA,NA,0.042354934349851756
"Exon (ENSMUST00000236945.1/ENSMUST00000236945.1, exon 3 of 4)",1,NA,0.10905125408942204,NA
"Exon (ENSMUST00000237660.1/ENSMUST00000237660.1, exon 1 of 2)",1,NA,NA,0.042354934349851756
"Exon (ENSMUST00000237830.1/ENSMUST00000237830.1, exon 1 of 1)",1,NA,NA,0.042354934349851756
"Exon (ENSMUST00000237900.1/ENSMUST00000237900.1, exon 1 of 2)",1,NA,0.10905125408942204,NA
"Exon (ENSMUST00000238233.1/56013, exon 7 of 15)",1,NA,0.10905125408942204,NA
"Exon (ENSMUST00000238685.1/208372, exon 2 of 5)",1,NA,NA,0.042354934349851756
"Exon (ENSMUST00000238967.1/81877, exon 7 of 44)",1,NA,NA,0.042354934349851756
"Exon (ENSMUST00000239094.1/ENSMUST00000239094.1, exon 1 of 1)",1,NA,NA,0.042354934349851756
"Intron (ENSMUST00000000127.5/22415, intron 2 of 4)",1,NA,NA,0.042354934349851756
"Intron (ENSMUST00000004756.13/80707, intron 5 of 8)",1,NA,NA,0.042354934349851756
"Intron (ENSMUST00000010044.7/22416, intron 2 of 3)",1,NA,NA,0.042354934349851756
"Intron (ENSMUST00000018407.9/21388, intron 7 of 8)",1,NA,NA,0.042354934349851756
"Intron (ENSMUST00000021665.11/12677, intron 3 of 4)",1,NA,NA,0.042354934349851756
"Intron (ENSMUST00000022327.12/24131, intron 9 of 13)",1,NA,NA,0.042354934349851756
"Intron (ENSMUST00000023361.11/94184, intron 8 of 23)",1,NA,NA,0.042354934349851756
"Intron (ENSMUST00000023776.12/59033, intron 1 of 24)",1,NA,NA,0.042354934349851756
"Intron (ENSMUST00000026625.6/69634, intron 1 of 7)",1,NA,NA,0.042354934349851756
"Intron (ENSMUST00000026698.7/27205, intron 1 of 7)",1,NA,0.10905125408942204,NA
"Intron (ENSMUST00000026994.13/107448, intron 1 of 15)",1,NA,NA,0.042354934349851756
"Intron (ENSMUST00000027740.13/16872, intron 1 of 5)",1,NA,NA,0.042354934349851756
"Intron (ENSMUST00000028113.9/70981, intron 6 of 10)",1,NA,0.10905125408942204,NA
"Intron (ENSMUST00000028950.8/228765, intron 1 of 8)",1,NA,NA,0.042354934349851756
"Intron (ENSMUST00000030508.13/18509, intron 4 of 8)",2,NA,NA,0.08470986869970351
"Intron (ENSMUST00000030687.7/192199, intron 1 of 5)",1,NA,NA,0.042354934349851756
"Intron (ENSMUST00000031591.9/16873, intron 4 of 4)",1,NA,0.10905125408942204,NA
"Intron (ENSMUST00000036113.3/207592, intron 3 of 11)",1,NA,0.10905125408942204,NA
"Intron (ENSMUST00000040261.6/107227, intron 3 of 10)",1,NA,0.10905125408942204,NA
"Intron (ENSMUST00000040536.5/53314, intron 2 of 2)",1,NA,NA,0.042354934349851756
"Intron (ENSMUST00000041730.10/16917, intron 2 of 7)",1,NA,NA,0.042354934349851756
"Intron (ENSMUST00000042148.5/66230, intron 2 of 2)",1,NA,0.10905125408942204,NA
"Intron (ENSMUST00000043441.12/71458, intron 1 of 13)",2,NA,NA,0.08470986869970351
"Intron (ENSMUST00000045262.10/229949, intron 10 of 13)",1,NA,0.10905125408942204,NA
"Intron (ENSMUST00000048194.7/332937, intron 3 of 6)",1,NA,NA,0.042354934349851756
"Intron (ENSMUST00000050519.7/243312, intron 1 of 1)",1,NA,0.10905125408942204,NA
"Intron (ENSMUST00000056042.5/233810, intron 18 of 30)",1,NA,NA,0.042354934349851756
"Intron (ENSMUST00000059433.7/239647, intron 3 of 5)",1,NA,NA,0.042354934349851756
"Intron (ENSMUST00000072777.13/15364, intron 3 of 4)",1,NA,NA,0.042354934349851756
"Intron (ENSMUST00000076715.12/18032, intron 1 of 8)",1,NA,NA,0.042354934349851756
"Intron (ENSMUST00000088629.3/22773, intron 2 of 2)",1,NA,NA,0.042354934349851756
"Intron (ENSMUST00000093956.3/327992, intron 5 of 5)",1,NA,0.10905125408942204,NA
"Intron (ENSMUST00000097275.8/18754, intron 1 of 14)",1,NA,0.10905125408942204,NA
"Intron (ENSMUST00000098614.8/622675, intron 5 of 14)",1,NA,NA,0.042354934349851756
"Intron (ENSMUST00000098906.8/330921, intron 2 of 10)",1,NA,NA,0.042354934349851756
"Intron (ENSMUST00000099241.3/56838, intron 1 of 2)",1,NA,0.10905125408942204,NA
"Intron (ENSMUST00000099462.7/14708, intron 2 of 3)",1,NA,NA,0.042354934349851756
"Intron (ENSMUST00000102656.3/329934, intron 1 of 1)",1,NA,0.10905125408942204,NA
"Intron (ENSMUST00000105497.7/14628, intron 2 of 5)",1,NA,0.10905125408942204,0.042354934349851756
"Intron (ENSMUST00000109266.10/228880, intron 16 of 21)",1,NA,NA,0.042354934349851756
"Intron (ENSMUST00000113265.7/74123, intron 1 of 16)",1,NA,0.10905125408942204,NA
"Intron (ENSMUST00000114124.8/21844, intron 2 of 11)",1,NA,NA,0.042354934349851756
"Intron (ENSMUST00000115713.8/100042150, intron 1 of 9)",1,NA,NA,0.042354934349851756
"Intron (ENSMUST00000118196.7/227449, intron 1 of 13)",1,NA,0.10905125408942204,NA
"Intron (ENSMUST00000124071.8/140477, intron 1 of 4)",1,NA,0.10905125408942204,NA
"Intron (ENSMUST00000127041.2/67293, intron 2 of 2)",1,NA,0.10905125408942204,NA
"Intron (ENSMUST00000127664.1/108148, intron 1 of 15)",1,NA,NA,0.042354934349851756
"Intron (ENSMUST00000131864.1/ENSMUST00000131864.1, intron 2 of 2)",1,NA,NA,0.042354934349851756
"Intron (ENSMUST00000132122.1/14463, intron 1 of 1)",1,NA,NA,0.042354934349851756
"Intron (ENSMUST00000136990.2/329078, intron 1 of 3)",1,NA,NA,0.042354934349851756
"Intron (ENSMUST00000137570.1/433746, intron 2 of 3)",1,NA,NA,0.042354934349851756
"Intron (ENSMUST00000152710.7/232334, intron 1 of 3)",1,NA,NA,0.042354934349851756
"Intron (ENSMUST00000155499.1/ENSMUST00000155499.1, intron 1 of 1)",1,NA,NA,0.042354934349851756
"Intron (ENSMUST00000159692.7/226090, intron 8 of 14)",1,NA,NA,0.042354934349851756
"Intron (ENSMUST00000172923.1/15371, intron 1 of 1)",1,NA,0.10905125408942204,NA
"Intron (ENSMUST00000180488.7/319970, intron 1 of 5)",1,NA,NA,0.042354934349851756
"Intron (ENSMUST00000181773.1/ENSMUST00000181773.1, intron 2 of 2)",1,NA,0.10905125408942204,NA
"Intron (ENSMUST00000181787.1/ENSMUST00000181787.1, intron 2 of 2)",2,NA,0.21810250817884408,NA
"Intron (ENSMUST00000183156.7/77531, intron 8 of 25)",1,NA,0.10905125408942204,NA
"Intron (ENSMUST00000184062.1/ENSMUST00000184062.1, intron 1 of 1)",1,NA,0.10905125408942204,NA
"Intron (ENSMUST00000185026.2/ENSMUST00000185026.2, intron 1 of 1)",1,NA,0.10905125408942204,NA
"Intron (ENSMUST00000186162.1/ENSMUST00000186162.1, intron 2 of 4)",1,NA,NA,0.042354934349851756
"Intron (ENSMUST00000198139.4/99633, intron 7 of 7)",1,NA,NA,0.042354934349851756
"Intron (ENSMUST00000199762.1/329731, intron 2 of 2)",1,NA,NA,0.042354934349851756
"Intron (ENSMUST00000206436.1/654804, intron 5 of 5)",1,NA,0.10905125408942204,NA
"Intron (ENSMUST00000207962.1/71030, intron 1 of 15)",1,NA,NA,0.042354934349851756
"Intron (ENSMUST00000208511.1/624549, intron 1 of 3)",2,NA,NA,0.08470986869970351
"Intron (ENSMUST00000210246.1/54352, intron 4 of 4)",1,NA,NA,0.042354934349851756
"Intron (ENSMUST00000211068.1/ENSMUST00000211068.1, intron 1 of 2)",1,NA,NA,0.042354934349851756
"Intron (ENSMUST00000218376.1/104798, intron 1 of 6)",1,NA,0.10905125408942204,NA
"Intron (ENSMUST00000220518.1/11906, intron 2 of 15)",1,NA,0.10905125408942204,NA
"Intron (ENSMUST00000224916.1/69955, intron 6 of 7)",1,NA,NA,0.042354934349851756
"Intron (ENSMUST00000225048.1/ENSMUST00000225048.1, intron 3 of 3)",1,NA,0.10905125408942204,NA
"Intron (ENSMUST00000226170.1/223433, intron 1 of 8)",1,NA,0.10905125408942204,NA
"Intron (ENSMUST00000231716.1/12519, intron 5 of 6)",1,NA,NA,0.042354934349851756
"Intron (ENSMUST00000236629.1/ENSMUST00000236629.1, intron 2 of 2)",1,NA,0.10905125408942204,NA
"Intron (ENSMUST00000238850.1/ENSMUST00000238850.1, intron 13 of 13)",1,NA,NA,0.042354934349851756
Promoter (<=1kb),569,NA,62.05016357688113,NA
Promoter (<=1kb),1702,NA,NA,72.08809826344769
Promoter (1-2kb),60,NA,6.543075245365322,NA
Promoter (1-2kb),94,NA,NA,3.981363828886065
Promoter (2-3kb),34,NA,3.707742639040349,NA
Promoter (2-3kb),74,NA,NA,3.1342651418890304
