entrez_id,cds_length,external_gene_name
4585,170288,MUC4
7273,115181,TTN
94025,99527,MUC16
7148,79240,TNXB
6046,69153,BRD2
9656,64139,MDC1
3805,54132,KIR2DL4
115653,52524,KIR3DL3
3812,50621,KIR3DL2
7917,48093,BAG6
7916,45394,PRRC2A
3811,44258,KIR3DL1
29072,40559,SETD2
4855,39222,NOTCH4
1302,38642,COL11A2
55655,36969,NLRP2
3802,35763,KIR2DL1
200958,35217,MUC20
4588,34840,MUC6
4586,33930,MUC5AC
23499,33213,MACF1
199713,32578,NLRP7
84033,32327,OBSCN
57683,31974,ZDBF2
667,31966,DST
3804,31830,KIR2DL3
10071,31449,MUC12
27164,30712,SALL3
23345,30689,SYNE1
26278,30562,SACS
3809,29357,KIR2DS4
8857,28833,FCGBP
10919,28669,EHMT2
4849,28403,CNOT3
338,27977,APOB
4703,26724,NEB
8085,26598,KMT2D
8449,26073,DHX16
7840,25931,ALMS1
54535,25856,CCHCR1
55814,25838,BDP1
7407,25071,VARS1
196385,24767,DNAH10
283463,24669,MUC19
8924,24511,HERC2
23224,24378,SYNE2
780,24084,DDR1
401024,23802,FSIP2
6942,23782,TCF20
6499,23528,SKIC2
4439,23214,MSH5
288,23085,ANK3
23522,22890,KAT6B
2550,22799,GABBR1
147798,22605,TMC4
57176,22427,VARS2
51206,22294,GP6
717,22252,C2
84059,22070,ADGRV1
721,21727,C4B
158471,21675,PRUNE2
7918,21532,GPANK1
58508,21254,KMT2C
643677,21246,CCDC168
346171,20477,ZFP57
54798,20416,DCHS2
1936,20281,EEF1D
7726,20134,TRIM26
6890,20031,TAP1
23,19990,ABCF1
56244,19954,BTNL2
2204,19916,FCAR
7919,19883,DDX39B
5514,19761,PPP1R10
27445,19418,PCLO
7011,19404,TEP1
56658,19383,TRIM39
26121,19266,PRPF31
57519,19111,STARD9
1616,18797,DAXX
177,18594,AGER
79143,18514,MBOAT7
6891,18344,TAP2
100532732,18224,MSH5-SAPCD1
10665,18183,TSBP1
23013,18118,SPEN
79026,18079,AHNAK
84162,17824,BLTP1
54768,17804,HYDIN
629,17679,CFB
4583,17426,MUC2
727897,17400,MUC5B
113146,17388,AHNAK2
127602,17345,DNAH14
4130,17161,MAP1A
100288142,17147,NBPF20
83872,17126,HMCN1
6263,17122,RYR3
287,17052,ANK2
2794,17010,GNL1
23352,16953,UBR4
775,16872,CACNA1C
9842,16829,PLEKHM1
23195,16791,MDN1
9919,16771,SEC16A
394263,16757,MUC21
256158,16694,HMCN2
154664,16688,ABCA13
56154,16681,TEX15
2195,16655,FAT1
5310,16559,PKD1
11259,16523,FILIP1L
126014,16494,OSCAR
8925,16476,HERC1
57674,16381,RNF213
114780,16296,PKD1L2
57578,16274,UNC79
144132,16245,DNHD1
31,16234,ACACA
720,16191,C4A
84226,16167,SPATA31H1
80737,16056,VWA7
23086,16008,EXPH5
23036,15994,ZNF292
4297,15993,KMT2A
7399,15926,USH2A
135656,15925,MUCL3
57597,15840,BAHCC1
1778,15832,DYNC1H1
124997,15813,WDR81
114823,15708,LENG8
6261,15708,RYR1
57448,15643,BIRC6
79633,15583,FAT4
10497,15552,UNC13B
474170,15452,LRRC37A2
3304,15417,HSPA1B
4776,15388,NFATC4
93432,15360,MGAM2
89870,15312,TRIM15
83481,15267,EPPK1
1130,15243,LYST
80736,15218,SLC44A4
5339,15140,PLEC
23228,15088,PLCL2
6262,15080,RYR2
442194,15072,OR10C1
283450,14971,HECTD4
3097,14959,HIVEP2
23077,14841,MYCBP2
4036,14807,LRP2
10594,14784,PRPF8
79042,14757,TSEN34
6293,14745,VPS52
55187,14743,VPS13D
79776,14679,ZFHX4
546,14639,ATRX
146754,14630,DNAH2
8972,14594,MGAM
1769,14574,DNAH8
4035,14562,LRP1
3339,14531,HSPG2
9289,14447,ADGRG1
23524,14446,SRRM2
3803,14425,KIR2DL2
56139,14422,PCDHA10
94137,14385,RP1L1
4671,14365,NAIP
1770,14336,DNAH9
53353,14318,LRP1B
3107,14314,HLA-C
100532737,14241,ATP6V1G2-DDX39B
440435,14208,GPR179
10075,14207,HUWE1
120114,14140,FAT3
282890,14007,ZNF311
1767,13887,DNAH5
7920,13815,ABHD16A
56147,13758,PCDHA1
56142,13734,PCDHA6
79659,13722,DYNC2H1
8632,13676,DNAH17
80022,13660,MYO15B
10107,13648,TRIM10
2196,13620,FAT2
8701,13601,DNAH11
140453,13549,MUC17
1462,13487,VCAN
54790,13486,TET2
5178,13484,PEG3
55567,13475,DNAH3
57716,13459,PRX
58499,13438,ZNF462
29,13427,ABR
284058,13414,KANSL1
9437,13386,NCR1
1826,13376,DSCAM
10211,13361,FLOT1
10142,13351,AKAP9
5903,13315,RANBP2
9757,13310,KMT2B
1756,13285,DMD
9665,13270,MARF1
201625,13256,DNAH12
55704,13188,CCDC88A
170954,13161,PPP1R18
9881,13154,TRANK1
25981,13138,DNAH1
9228,13083,DLGAP2
80144,13072,FRAS1
3105,13047,HLA-A
157680,13042,VPS13B
3108,13037,HLA-DMA
129446,13034,XIRP2
80352,12964,RNF39
202658,12915,TRIM39-RPP21
7936,12890,NELFE
93035,12843,PKHD1L1
5591,12736,PRKDC
4584,12728,MUC3A
84629,12728,TNRC18
100532746,12681,PPT2-EGFL8
10579,12670,TACC2
8295,12593,TRRAP
64072,12558,CDH23
9994,12509,CASP8AP2
56171,12503,DNAH7
1768,12477,DNAH6
2804,12409,GOLGB1
3113,12408,HLA-DPA1
10847,12394,SRCAP
4763,12302,NF1
5803,12275,PTPRZ1
5314,12260,PKHD1
10548,12236,TM9SF1
100132285,12235,KIR2DS2
23049,12224,SMG1
55083,12214,KIF26B
202333,12210,CMYA5
4649,12207,MYO9A
2312,12186,FLG
57492,12147,ARID1B
55729,12145,ATF7IP
23505,12100,TMEM131
8997,12038,KALRN
55777,12014,MBD5
4629,11986,MYH11
2186,11981,BPTF
9859,11975,CEP170
3134,11974,HLA-F
161,11921,AP2A2
23191,11879,CYFIP1
84627,11862,ZNF469
1293,11861,COL6A3
5430,11826,POLR2A
10290,11823,SPEG
5116,11794,PCNT
3813,11786,KIR3DS1
8927,11781,BSN
7082,11780,TJP1
100132406,11775,NBPF10
5863,11775,RGL2
9278,11765,ZBTB22
253461,11749,ZBTB38
6651,11748,SON
201176,11727,ARHGAP27
101060226,11651,NBPF19
23513,11632,SCRIB
8729,11617,GBF1
100129278,11610,TDRD15
54832,11599,VPS13C
3911,11595,LAMA5
3806,11591,KIR2DS1
29123,11588,ANKRD11
463,11586,ZFHX3
84461,11574,NEURL4
3109,11536,HLA-DMB
4795,11536,NFKBIL1
22859,11518,ADGRL1
375248,11496,ANKRD36
8500,11475,PPFIA1
114784,11469,CSMD2
56138,11466,PCDHA11
23469,11458,PHF3
2314,11454,FLII
374819,11438,LRRC37A3
91156,11384,IGFN1
9659,11370,PDE4DIP
51168,11363,MYO15A
56134,11358,PCDHAC2
114788,11357,CSMD3
79969,11333,ATAT1
85358,11325,SHANK3
3106,11314,HLA-B
26046,11312,LTN1
23164,11301,MPRIP
9651,11233,PLCH2
4134,11227,MAP4
3115,11208,HLA-DPB1
4133,11208,MAP2
203068,11192,TUBB
80863,11187,PRRT1
11190,11186,CEP250
23001,11167,WDFY3
23334,11164,SZT2
5796,11145,PTPRK
9736,11132,USP34
5987,11129,TRIM27
7402,11097,UTRN
57680,11080,CHD8
1564,11070,CYP2D7
84458,11028,LCOR
51332,11025,SPTBN5
113622,11007,ADPRHL1
675,10969,BRCA2
7984,10968,ARHGEF5
221545,10968,C6orf136
8029,10945,CUBN
259266,10944,ASPM
56850,10940,GRIPAP1
3909,10936,LAMA3
57636,10934,ARHGAP23
4926,10918,NUMA1
56136,10900,PCDHA13
56144,10900,PCDHA4
64478,10886,CSMD1
80781,10882,COL18A1
4277,10876,MICB
56143,10870,PCDHA5
79987,10836,SVEP1
65125,10834,WNK1
4308,10824,TRPM1
80725,10822,SRCIN1
8021,10800,NUP214
9620,10790,CELSR1
6305,10771,SBF1
9752,10764,PCDHA9
6299,10762,SALL1
5649,10760,RELN
57188,10742,ADAMTSL3
26960,10741,NBEA
56146,10722,PCDHA2
4131,10721,MAP1B
25758,10707,KIAA1549L
56135,10698,PCDHAC1
57661,10676,PHRF1
54843,10673,SYTL2
6257,10661,RXRB
56145,10656,PCDHA3
285175,10650,UNC80
9639,10648,ARHGEF10
23269,10640,MGA
11276,10640,SYNRG
4040,10624,LRP6
9839,10613,ZEB2
56140,10596,PCDHA8
79834,10540,PEAK1
101060684,10516,NBPF26
79168,10500,LILRA6
10990,10484,LILRB5
165904,10479,XIRP1
80208,10474,SPG11
55709,10472,KBTBD4
4758,10452,NEU1
56137,10444,PCDHA12
171024,10421,SYNPO2
55035,10414,NOL8
55870,10412,ASH1L
7204,10386,TRIO
9612,10385,NCOR2
56141,10368,PCDHA7
11214,10365,AKAP13
7922,10322,SLC39A7
400499,10319,LOC400499
346007,10311,EYS
84166,10287,NLRC5
987,10261,LRBA
54882,10255,ANKHD1
1832,10249,DSP
9884,10246,LRRC37A
3096,10238,HIVEP1
65250,10222,CPLANE1
672,10221,BRCA1
23230,10220,VPS13A
1565,10206,CYP2D6
285527,10205,FRYL
286464,10182,CFAP47
9277,10135,WDR46
6101,10117,RP1
11093,10100,ADAMTS13
128239,10098,IQGAP3
55036,10094,CCDC40
259197,10063,NCR3
3708,10048,ITPR1
3371,10045,TNC
23215,10038,PRRC2C
368,10015,ABCC6
57634,10015,EP400
9857,10002,CEP350
3064,9995,HTT
80726,9994,IQCN
1108,9979,CHD4
57705,9955,WDFY4
472,9950,ATM
57082,9947,KNL1
1951,9939,CELSR3
9611,9936,NCOR1
64397,9934,ZNF106
9169,9923,SCAF11
63895,9918,PIEZO2
1303,9917,COL12A1
11078,9917,TRIOBP
8642,9897,DCHS1
64324,9896,NSD1
3908,9872,LAMA2
144535,9868,CFAP54
5980,9842,REV3L
80205,9834,CHD9
2316,9832,FLNA
55636,9830,CHD7
10129,9806,FRY
83259,9781,PCDH11Y
26005,9775,C2CD3
4288,9771,MKI67
51366,9744,UBR5
445815,9716,PALM2AKAP2
23051,9712,ZHX3
11074,9690,TRIM31
57584,9664,ARHGAP21
1388,9662,ATF6B
163131,9656,ZNF780B
3303,9630,HSPA1A
3305,9630,HSPA1L
7038,9630,TG
3778,9624,KCNMA1
23140,9622,ZZEF1
55072,9583,RNF31
168507,9582,PKD1L1
54993,9562,ZSCAN2
85446,9543,ZFHX2
1041,9537,CDSN
25831,9534,HECTD1
341640,9510,FREM2
57690,9499,TNRC6C
23218,9492,NBEAL2
8470,9487,SORBS2
389690,9474,MROH5
6595,9471,SMARCA2
23019,9450,CNOT1
29894,9442,CPSF1
23312,9438,DMXL2
9746,9418,CLSTN3
253143,9410,PRR14L
4363,9394,ABCC1
773,9394,CACNA1A
80122,9389,MAP3K19
9320,9373,TRIP12
6892,9369,TAPBP
120892,9362,LRRK2
9374,9361,PPT2
23152,9358,CIC
56992,9354,KIF15
1063,9345,CENPF
1657,9345,DMXL1
259282,9336,BOD1L1
6764,9324,DENND2B
4666,9313,NACA
254251,9299,LCORL
80184,9291,CEP290
54906,9265,TASOR2
89795,9256,NAV3
7994,9250,KAT6A
22904,9246,SBNO2
152503,9246,SH3D19
1589,9245,CYP21A2
139378,9243,ADGRG4
8859,9238,STK19
284217,9228,LAMA1
10743,9213,RAI1
2200,9204,FBN1
57697,9202,FANCM
6709,9194,SPTAN1
340990,9183,OTOG
54856,9181,GON4L
23189,9181,KANK1
85459,9180,CEP295
54014,9175,BRWD1
57731,9171,SPTBN4
8658,9160,TNKS
375449,9154,MAST4
408050,9152,NOMO3
25836,9149,NIPBL
55125,9142,CEP192
404734,9138,ANKHD1-EIF4EBP3
55183,9134,RIF1
23564,9131,DDAH2
84498,9128,FAM120B
10859,9115,LILRB1
55627,9114,SMPD4
5460,9112,POU5F1
8831,9105,SYNGAP1
116511,9096,MAS1L
26011,9084,TENM4
10288,9068,LILRB2
25832,9062,NBPF14
27332,9058,ZNF638
2201,9051,FBN2
5089,9051,PBX2
131544,9042,CRYBG3
152273,9038,FGD5
53335,9027,BCL11A
57292,9021,KIR2DL5A
6597,9006,SMARCA4
6323,9003,SCN1A
9172,9002,MYOM2
9472,8981,AKAP6
440073,8977,IQSEC3
79925,8966,SPEF2
57451,8955,TENM2
55057,8953,CRYBG2
23389,8949,MED13L
553128,8940,KIR2DL5B
57553,8940,MICAL3
340533,8933,NEXMIF
84181,8931,CHD6
1954,8912,MEGF8
7355,8908,SLC35A2
221037,8907,JMJD1C
8913,8906,CACNA1G
1294,8901,COL7A1
65065,8895,NBEAL1
84467,8892,FBN3
284415,8892,VSTM1
79813,8891,EHMT1
23503,8875,ZFYVE26
25998,8866,IBTK
324,8852,APC
3135,8840,HLA-G
54777,8838,CFAP46
2335,8825,FN1
11006,8824,LILRB4
58496,8807,LY6G5B
57679,8805,ALS2
1281,8802,COL3A1
3376,8802,IARS1
83889,8793,WDR87
10395,8779,DLC1
1952,8772,CELSR2
23053,8772,ZSWIM8
85441,8757,HELZ2
8289,8747,ARID1A
4340,8733,MOG
56130,8724,PCDHB6
65217,8723,PCDH15
57730,8718,ANKRD36B
5930,8715,RBBP6
777,8705,CACNA1E
8912,8690,CACNA1H
399687,8673,MYO18A
79711,8656,IPO4
112724,8652,RDH13
93589,8646,CACNA2D4
51773,8624,RSF1
7455,8621,ZAN
55727,8620,BTBD7
54809,8619,SAMD9
4301,8616,AFDN
9968,8612,MED12
176,8611,ACAN
55114,8598,ARHGAP17
51196,8596,PLCE1
11180,8588,WDR6
2803,8587,GOLGA4
26057,8580,ANKRD17
7450,8570,VWF
84976,8564,DISP1
23037,8561,PDZD2
6833,8557,ABCC8
84700,8556,MYO18B
388697,8553,HRNR
1981,8545,EIF4G1
29844,8535,TFPT
2968,8534,GTF2H4
6249,8526,CLIP1
9780,8511,PIEZO1
7216,8509,TRO
11234,8506,HPS5
1387,8505,CREBBP
90102,8505,PHLDB2
4137,8488,MAPT
25878,8487,MXRA5
1755,8483,DMBT1
100132247,8478,NPIPB5
51594,8476,NBAS
11064,8474,CNTRL
776,8473,CACNA1D
2317,8449,FLNB
196883,8446,ADCY4
157285,8436,PRAG1
8239,8430,USP9X
285966,8428,TCAF2
55275,8421,VPS53
158358,8419,KIAA2026
253959,8416,RALGAPA1
2194,8411,FASN
55714,8410,TENM3
2475,8393,MTOR
4638,8391,MYLK
1062,8387,CENPE
57724,8369,EPG5
10178,8362,TENM1
27340,8358,UTP20
64783,8356,RBM15
23061,8338,TBC1D9B
2956,8324,MSH6
85301,8320,COL27A1
20,8319,ABCA2
7841,8310,MOGS
11113,8308,CIT
23261,8297,CAMTA1
83660,8295,TLN2
23113,8292,CUL9
545,8291,ATR
3709,8284,ITPR2
9863,8281,MAGI2
441864,8276,TARM1
83992,8265,CTTNBP2
114791,8248,TUBGCP5
161497,8242,STRC
90668,8238,CARMIL3
2175,8222,FANCA
80003,8219,PCNX2
4905,8215,NSF
100529144,8212,CORO7-PAM16
28227,8204,PPP2R3B
25925,8195,ZNF521
374462,8187,PTPRQ
57579,8186,FAM135A
7145,8184,TNS1
32,8179,ACACB
2318,8178,FLNC
84726,8173,PRRC2B
57062,8171,DDX24
5787,8170,PTPRB
22909,8167,FAN1
7249,8152,TSC2
9681,8145,DEPDC5
285313,8133,IGSF10
286077,8130,FAM83H
7156,8130,TOP3A
23064,8121,SETX
1107,8119,CHD3
59269,8115,HIVEP3
55576,8109,STAB2
6711,8102,SPTBN1
81846,8084,SBF2
2033,8065,EP300
5426,8063,POLE
29994,8061,BAZ2B
5493,8053,PPL
5696,8048,PSMB8
64423,8044,INF2
110599563,8043,LY6G6F-LY6G6D
79883,8040,PODNL1
55205,8032,ZNF532
56243,8030,KIAA1217
4650,8024,MYO9B
85378,8024,TUBGCP6
23348,8022,DOCK9
10985,8016,GCN1
3710,8016,ITPR3
26154,8005,ABCA12
65268,8005,WNK2
11027,8004,LILRA2
1460,7998,CSNK2B
23331,7990,TTC28
4851,7985,NOTCH1
125336,7982,LOXHD1
11176,7977,BAZ2A
23358,7977,USP24
4661,7975,MYT1
256076,7972,COL6A5
57507,7954,ZNF608
79165,7950,LENG1
65123,7942,INTS3
6904,7940,TBCD
3482,7937,IGF2R
9378,7926,NRXN1
25938,7916,HEATR5A
22990,7904,PCNX1
80179,7894,MYO19
55619,7885,DOCK10
85440,7878,DOCK7
56252,7876,YLPM1
440345,7872,NPIPB4
1106,7870,CHD2
54891,7868,INO80D
6941,7861,TCF19
10721,7845,POLQ
79820,7842,CATSPERB
100507436,7839,MICA
4854,7835,NOTCH3
121006,7825,FAM186A
7158,7821,TP53BP1
5783,7800,PTPN13
23112,7793,TNRC6B
2802,7792,GOLGA3
23255,7789,MTCL1
23420,7789,NOMO1
2157,7786,F8
50649,7785,ARHGEF4
89797,7785,NAV2
23166,7777,STAB1
8287,7777,USP9Y
80816,7775,ASXL3
4647,7759,MYO7A
375056,7758,MIA3
89796,7756,NAV1
4853,7746,NOTCH2
80344,7738,DCAF11
11026,7727,LILRA3
3120,7720,HLA-DQB2
6334,7717,SCN8A
23089,7709,PEG10
2975,7708,GTF3C1
3635,7706,INPP5D
4928,7705,NUP98
26692,7704,OR2W1
11000,7699,SLC27A3
79841,7693,AGBL2
1378,7693,CR1
10580,7689,SORBS1
23318,7683,TUT4
23095,7677,KIF1B
7094,7677,TLN1
790,7676,CAD
65249,7676,ZSWIM4
25914,7670,RTTN
255101,7668,CFAP65
4302,7656,MLLT6
7227,7655,TRPS1
100131755,7644,ARMCX4
107983988,7644,SPEM3
728888,7624,NPIPB11
9824,7619,ARHGAP11A
57348,7614,TTYH1
55823,7609,VPS11
26716,7608,OR2H1
26230,7604,TIAM2
285335,7598,SLC9C1
57169,7586,ZNFX1
26531,7584,OR11A1
23033,7583,DOP1A
221264,7579,AK9
3122,7569,HLA-DRA
9645,7565,MICAL2
11346,7560,SYNPO
774,7557,CACNA1B
9743,7556,ARHGAP32
7267,7555,TTC3
6712,7553,SPTBN2
7175,7552,TPR
64864,7550,RFX7
84465,7546,MEGF11
8471,7545,IRS4
23336,7545,SYNM
343450,7544,KCNT2
79581,7542,SLC52A2
3133,7539,HLA-E
442184,7536,OR2B3
10347,7533,ABCA7
10297,7524,APC2
283310,7521,OTOGL
1850,7512,DUSP8
3603,7504,IL16
6710,7498,SPTB
54551,7497,MAGEL2
19,7490,ABCA1
9703,7470,BLTP2
1797,7468,DXO
6098,7468,ROS1
9820,7456,CUL7
6335,7453,SCN9A
6311,7447,ATXN2
55628,7445,ZNF407
2037,7444,EPB41L2
10765,7443,KDM5B
55890,7440,GPRC5C
10525,7436,HYOU1
3785,7402,KCNQ2
5648,7402,MASP1
6328,7401,SCN3A
10194,7399,TSHZ1
4008,7398,LMO7
9969,7396,MED13
2051,7393,EPHB6
23090,7381,ZNF423
6687,7377,SPG7
729359,7375,PLIN4
55196,7373,RESF1
321,7364,APBA2
131873,7361,COL6A6
63892,7359,THADA
23040,7356,MYT1L
8621,7354,CDK13
7007,7342,TECTA
79585,7332,CORO7
6015,7326,RING1
6840,7325,SVIL
135644,7320,TRIM40
11083,7310,DIDO1
92126,7308,DSEL
9369,7308,NRXN3
5698,7303,PSMB9
7940,7301,LST1
5792,7301,PTPRF
25909,7290,AHCTF1
51199,7290,NIN
55345,7286,ZGRF1
9146,7279,HGS
283767,7269,GOLGA6L1
6708,7260,SPTA1
8672,7258,EIF4G3
55614,7258,KIF16B
55667,7256,DENND4C
6326,7253,SCN2A
85442,7250,KNDC1
3910,7243,LAMA4
9851,7237,KIAA0753
129807,7232,NEU4
23405,7223,DICER1
3833,7218,KIFC1
6872,7215,TAF1
80125,7208,CCDC33
10723,7206,SLC12A7
56105,7200,PCDHGA11
196528,7198,ARID2
340895,7177,MALRD1
388698,7176,FLG2
10973,7166,ASCC3
22852,7164,ANKRD26
63971,7158,KIF13A
63035,7157,BCORL1
158326,7151,FREM1
4940,7149,OAS3
57572,7145,DOCK6
4644,7145,MYO5A
390598,7145,SKOR1
256646,7138,NUTM1
54821,7137,ERCC6L
3903,7137,LAIR1
57231,7120,SNX14
55672,7106,NBPF1
55252,7102,ASXL2
80036,7102,TRPM3
79832,7091,QSER1
23136,7087,EPB41L3
9931,7082,HELZ
10443,7082,N4BP2L2
55229,7080,PANK4
8777,7079,MPDZ
24149,7079,ZNF318
55755,7078,CDK5RAP2
22861,7078,NLRP1
3112,7075,HLA-DOB
24,7066,ABCA4
6653,7066,SORL1
3054,7062,HCFC1
50944,7062,SHANK1
55616,7060,ASAP3
5108,7055,PCM1
285346,7053,ZNF852
3075,7049,CFH
29803,7047,REPIN1
64857,7040,PLEKHG2
51292,7029,GMPR2
3119,7028,HLA-DQB1
6453,7020,ITSN1
9700,7018,ESPL1
3899,7016,AFF3
23523,7016,CABIN1
85456,7015,TNKS1BP1
23371,6992,TNS2
7581,6979,ZNF33A
23645,6978,PPP1R15A
3191,6977,HNRNPL
23317,6975,DNAJC13
8291,6975,DYSF
284403,6973,WDR62
1464,6969,CSPG4
440279,6968,UNC13C
26038,6959,CHD5
5365,6955,PLXNB3
80864,6951,EGFL8
79897,6951,RPP21
547,6949,KIF1A
9735,6947,KNTC1
26115,6946,TANC2
23379,6943,ICE1
27327,6943,TNRC6A
23096,6941,IQSEC2
257218,6939,SHPRH
81704,6933,DOCK8
9980,6930,DOP1B
55764,6930,IFT122
8567,6928,MADD
1786,6924,DNMT1
23185,6924,LARP4B
7051,6924,TGM1
5101,6922,PCDH9
116931,6921,MED12L
5830,6918,PEX5
2903,6910,GRIN2A
9828,6906,ARHGEF17
7701,6906,ZNF142
5097,6904,PCDH1
2153,6903,F5
5788,6903,PTPRC
221527,6900,ZBTB12
55904,6897,KMT2E
6239,6894,RREB1
8911,6893,CACNA1I
23199,6888,GSE1
2074,6887,ERCC6
3912,6883,LAMB1
80739,6860,MPIG6B
399693,6859,CCDC187
200162,6855,SPAG17
22877,6849,MLXIP
57453,6847,DSCAML1
3069,6844,HDLBP
92949,6833,ADAMTSL1
9875,6816,URB1
9793,6803,CKAP5
27443,6796,CECR2
23177,6796,CEP68
26173,6796,INTS1
22897,6790,CEP164
51755,6789,CDK12
54862,6785,CC2D1A
4651,6780,MYO10
9687,6778,GREB1
64220,6776,STRA6
8425,6775,LTBP4
26149,6775,ZNF658
79937,6774,CNTNAP3
221935,6774,SDK1
128272,6772,ARHGEF19
26959,6772,HBP1
1139,6763,CHRNA7
10343,6762,PKDREJ
90342,6754,FER1L5
23654,6754,PLXNB2
205717,6749,USF3
10216,6741,PRG4
538,6731,ATP7A
1284,6724,COL4A2
4052,6724,LTBP1
200576,6720,PIKFYVE
5297,6717,PI4KA
137902,6710,PXDNL
286,6703,ANK1
400986,6701,ANKRD36C
121340,6690,SP7
5747,6689,PTK2
3810,6684,KIR2DS5
284498,6680,C1orf167
9696,6674,CROCC
11282,6674,MGAT4B
55888,6664,ZKSCAN7
55127,6656,HEATR1
3680,6650,ITGA9
23253,6636,ANKRD12
613037,6630,NPIPB13
5265,6630,SERPINA1
202,6627,CRYBG1
9379,6625,NRXN2
10207,6625,PATJ
140710,6623,MTCL2
821,6618,CANX
729540,6617,RGPD6
375748,6615,ERCC6L2
123103,6612,KLHL33
23165,6612,NUP205
1630,6610,DCC
84074,6610,QRICH2
8603,6609,FAM193A
5364,6604,PLXNB1
221400,6602,TDRD6
140699,6600,MROH8
6925,6592,TCF4
254102,6587,EHBP1L1
342184,6586,FMN1
9381,6581,OTOF
196441,6581,ZFC3H1
9654,6580,TTLL4
9786,6574,KIAA0586
9758,6573,FRMPD4
57142,6571,RTN4
284459,6569,ZNF875
7576,6556,ZNF28
79567,6550,RIPOR1
6203,6550,RPS9
57644,6549,MYH7B
9271,6547,PIWIL1
9150,6541,CTDP1
55193,6540,PBRM1
139818,6539,DOCK11
23020,6535,SNRNP200
57221,6534,ARFGEF3
718,6532,C3
6091,6532,ROBO1
54549,6531,SDK2
161436,6529,EML5
9732,6528,DOCK4
778,6523,CACNA1F
3111,6517,HLA-DOA
5106,6514,PCK2
10168,6514,ZNF197
115701,6513,ALPK2
26509,6510,MYOF
23054,6510,NCOA6
7571,6510,ZNF23
26160,6506,IFT172
79705,6500,LRRK1
80000,6498,GREB1L
197335,6497,WDR90
23347,6496,SMCHD1
25890,6488,ABI3BP
7404,6487,UTY
26130,6486,GAPVD1
3938,6486,LCT
440193,6481,CCDC88C
51735,6478,RAPGEF6
6331,6477,SCN5A
6195,6476,RPS6KA1
114821,6475,SCAND3
23363,6473,OBSL1
23263,6464,MCF2L
57701,6464,NCKAP5L
125316803,6463,POLGARF
9652,6451,SKIC3
25962,6451,VIRMA
23392,6444,ECPAS
11270,6440,NRM
23272,6438,TASOR
58525,6437,WIZ
4648,6435,MYO7B
23129,6428,PLXND1
23022,6426,PALLD
339327,6422,ZNF546
23547,6421,LILRA4
6238,6421,RRBP1
166752,6420,FREM3
57498,6415,KIDINS220
8165,6411,AKAP1
473,6411,RERE
80312,6411,TET1
130507,6411,UBR3
375790,6404,AGRN
3808,6399,KIR2DS3
55209,6399,SETD5
80233,6396,FAAP100
23394,6393,ADNP
11152,6392,WDR45
57520,6385,HECW2
9625,6383,AATK
9726,6383,ZNF646
4627,6375,MYH9
9256,6369,TSPOAP1
81,6365,ACTN4
1213,6360,CLTC
90381,6359,TICRR
55728,6355,N4BP2
64759,6354,TNS3
79784,6352,MYH14
84215,6352,ZNF541
54497,6350,HEATR5B
5789,6350,PTPRD
779,6349,CACNA1S
140803,6348,TRPM6
388963,6344,C2orf81
23360,6340,FNBP4
1080,6336,CFTR
51339,6335,DACT1
643836,6334,ZFP62
83715,6329,ESPN
3691,6325,ITGB4
27154,6323,BRPF3
9024,6322,BRSK2
3164,6319,NR4A1
9258,6318,MFHAS1
22837,6313,COBLL1
90850,6313,ZNF598
6297,6308,SALL2
9648,6307,GCC2
49854,6303,ZBTB21
338322,6298,NLRP10
6336,6295,SCN10A
9321,6293,TRIP11
80005,6292,DOCK5
1301,6290,COL11A1
22999,6281,RIMS1
5098,6277,PCDHGC3
2125,6266,EVPL
388558,6265,ZNF808
27030,6263,MLH3
54822,6260,TRPM7
259215,6258,LY6G6F
22941,6258,SHANK2
8714,6250,ABCC3
51279,6248,C1RL
7316,6247,UBC
389197,6245,C4orf50
27151,6244,CPAMD8
57187,6243,THOC2
9514,6241,GAL3ST1
2651,6240,GCNT2
5125,6240,PCSK5
55102,6237,ATG2B
22872,6234,SEC31A
9344,6233,TAOK2
3508,6228,IGHMBP2
645359,6228,PRAMEF26
8888,6225,MCM3AP
57194,6216,ATP10A
84875,6209,PARP10
57649,6204,PHF12
9831,6204,ZNF623
55779,6203,CFAP44
3192,6197,HNRNPU
57827,6195,C6orf47
10313,6194,RTN3
56905,6193,C15orf39
84894,6191,LINGO1
728317,6186,PWWP4
7776,6186,ZNF236
90060,6180,CCDC120
9698,6176,PUM1
6949,6167,TCOF1
56999,6165,ADAMTS9
162540,6165,SPPL2C
50628,6161,GEMIN4
57186,6159,RALGAPA2
56776,6156,FMN2
3118,6144,HLA-DQA2
4628,6140,MYH10
26037,6140,SIPA1L1
6103,6137,RPGR
1842,6130,ECM2
400954,6130,EML6
57718,6130,PPP4R4
8647,6129,ABCB11
4018,6123,LPA
51585,6119,PCF11
23130,6118,ATG2A
9564,6116,BCAR1
57479,6111,PRR12
53841,6110,CDHR5
9091,6107,PIGQ
23067,6107,SETD1B
26153,6105,KIF26A
399909,6105,PCNX3
9794,6102,MAML1
10565,6099,ARFGEF1
1795,6093,DOCK3
3117,6092,HLA-DQA1
57619,6091,SHROOM3
4734,6090,NEDD4
8578,6087,SCARF1
344148,6084,NCKAP5
57659,6084,ZBTB4
89845,6083,ABCC10
9699,6081,RIMS2
4053,6080,LTBP2
25904,6076,CNOT10
5073,6073,PARN
64506,6072,CPEB1
3123,6071,HLA-DRB1
715,6070,C1R
29998,6063,BICRA
51421,6062,AMOTL2
57670,6060,KIAA1549
5371,6060,PML
80070,6055,ADAMTS20
55605,6052,KIF21A
84669,6051,USP32
11024,6050,LILRA1
23122,6044,CLASP2
25894,6044,PLEKHG4
7373,6043,COL14A1
79747,6039,ADGB
54914,6035,FOCAD
4122,6035,MAN2A2
319089,6035,TTC6
2825,6034,CMKLR2
8476,6029,CDC42BPA
64763,6028,ZNF574
54897,6024,CASZ1
9727,6018,RAB11FIP3
23268,6014,DNMBP
7791,6010,ZYX
54796,6009,BNC2
78987,6009,CRELD1
54625,6008,PARP14
4620,6005,MYH2
54464,5998,XRN1
1523,5997,CUX1
2548,5994,GAA
91584,5991,PLXNA4
65267,5990,WNK3
23042,5988,PDXDC1
9414,5988,TJP2
89766,5988,UMODL1
170960,5988,ZNF721
7862,5987,BRPF1
27043,5986,PELP1
197131,5981,UBR1
7692,5978,ZNF133
9782,5970,MATR3
5989,5970,RFX1
55023,5969,PHIP
64682,5966,ANAPC1
10554,5964,AGPAT1
4645,5963,MYO5B
123775,5954,C16orf46
124905564,5950,LOC124905564
55701,5949,ARHGEF40
1282,5947,COL4A1
203102,5942,ADAM32
151254,5936,C2CD6
7799,5935,PRDM2
10260,5934,DENND4A
284071,5934,MEIOC
56979,5934,PRDM9
9231,5933,DLG5
5896,5928,RAG1
10128,5927,LRPPRC
23116,5923,TOGARAM1
84132,5920,USP42
340527,5918,NHSL2
153562,5916,MARVELD2
1636,5914,ACE
22989,5914,MYH15
285025,5909,CCDC141
23461,5908,ABCA5
26137,5905,ZBTB20
341019,5904,DCDC1
91351,5903,DDX60L
84220,5903,RGPD5
256006,5901,ANKRD31
55914,5898,ERBIN
576,5896,ADGRB2
3800,5894,KIF5C
284697,5892,BTBD8
80230,5892,RUFY1
26053,5887,AUTS2
9362,5886,CPNE6
94059,5886,LENG9
114783,5886,LMTK3
23026,5886,MYO16
3737,5883,KCNA2
22984,5882,PDCD11
4050,5880,LTB
387104,5874,MTCL3
23078,5874,VWA8
10564,5871,ARFGEF2
54880,5871,BCOR
9772,5869,TMEM94
29113,5868,C6orf15
54455,5866,FBXO42
84624,5864,FNDC1
63940,5864,GPSM3
54884,5864,RETSAT
2041,5862,EPHA1
64283,5861,ARHGEF28
7468,5860,NSD2
54502,5859,RBM47
5802,5855,PTPRS
283768,5841,GOLGA8G
50618,5839,ITSN2
440243,5838,GOLGA6L22
22998,5835,LIMCH1
23303,5833,KIF13B
23094,5833,SIPA1L3
7062,5832,TCHH
5287,5827,PIK3C2B
79809,5824,TTC21B
4621,5823,MYH3
6874,5821,TAF4
4619,5820,MYH1
4622,5820,MYH4
4624,5820,MYH6
84444,5817,DOT1L
8735,5817,MYH13
91409,5816,CCDC74B
6614,5816,SIGLEC1
4626,5814,MYH8
57575,5814,PCDH10
7639,5812,ZNF85
4625,5808,MYH7
9189,5800,ZBED1
10531,5799,PITRM1
80741,5796,LY6G5C
7403,5795,KDM6A
80709,5787,AKNA
159195,5786,USP54
26036,5781,ZNF451
8284,5778,KDM5D
23139,5776,MAST2
10060,5775,ABCC9
91694,5774,LONRF1
11280,5771,SCN11A
255631,5769,COL24A1
5395,5768,PMS2
10902,5760,BRD8
49855,5760,SCAPER
64131,5760,XYLT1
85379,5757,KIAA1671
84125,5756,LRRIQ1
259232,5756,NALCN
57545,5755,CC2D2A
84678,5748,KDM2B
339766,5748,MROH2A
343070,5748,PRAMEF9
6018,5745,RLF
1793,5741,DOCK1
80206,5737,FHOD3
84665,5735,MYPN
11273,5733,ATXN2L
2874,5730,GPS2
374308,5730,PTCHD3
727851,5730,RGPD8
23225,5727,NUP210
9677,5724,PPIP5K1
343068,5724,PRAMEF5
60676,5723,PAPPA2
1794,5719,DOCK2
4038,5718,LRP4
394,5717,ARHGAP5
51430,5713,SUCO
55930,5711,MYO5C
11215,5706,AKAP11
91181,5706,NUP210L
81797,5706,OR12D3
222255,5705,ATXN7L1
144100,5703,PLEKHA7
9585,5702,KIF20B
26015,5702,RPAP1
645382,5700,PRAMEF33
391002,5700,PRAMEF8
540,5698,ATP7B
10607,5698,TBL3
57523,5697,NYNRIN
3163,5696,HMOX2
56098,5694,PCDHGC4
10025,5691,MED16
5361,5691,PLXNA1
153478,5688,PLEKHG4B
102724631,5688,POTEB3
8705,5685,B3GALT4
80217,5685,CFAP43
5362,5685,PLXNA2
26084,5684,ARHGEF26
23126,5684,POGZ
57592,5677,ZNF687
9940,5667,DLEC1
353514,5667,LILRA5
6654,5665,SOS1
6092,5662,ROBO2
23300,5660,ATMIN
2036,5656,EPB41L1
136332,5656,LRGUK
23418,5652,CRB1
150771,5650,ITPRIPL1
79648,5649,MCPH1
8120,5648,AP3B2
22798,5646,LAMB4
5727,5645,PTCH1
283316,5641,CD163L1
23041,5640,MON2
9869,5640,SETDB1
5187,5639,PER1
22995,5637,CEP152
10188,5637,TNK2
1105,5635,CHD1
22898,5633,DENND3
140775,5628,SMCR8
1287,5626,COL4A5
8826,5623,IQGAP1
100526664,5622,LY75-CD302
6867,5618,TACC1
55558,5616,PLXNA3
10869,5615,USP19
56112,5613,PCDHGA3
6332,5613,SCN7A
7739,5612,ZNF185
51281,5610,ANKMY1
57569,5610,ARHGAP20
9138,5610,ARHGEF1
29102,5610,DROSHA
56946,5610,EMSY
5754,5610,PTK7
375616,5606,KCP
10788,5602,IQGAP2
54806,5601,AHI1
79915,5601,ATAD5
8218,5597,CLTCL1
3913,5597,LAMB2
79670,5596,TUT7
1285,5593,COL4A3
23091,5591,ZC3H13
23198,5590,PSME4
1289,5586,COL5A1
51780,5586,KDM3B
85461,5586,TANC1
374860,5585,ANKRD30B
6650,5585,CAPN15
284434,5585,NWD1
283820,5584,NOMO2
10908,5583,PNPLA6
2735,5578,GLI1
84443,5576,FRMPD3
5286,5576,PIK3C2A
654463,5574,FER1L6
79792,5574,GSDMD
10379,5570,IRF9
57224,5568,NHSL1
8148,5565,TAF15
51676,5554,ASB2
727,5554,C5
5100,5553,PCDH8
64430,5553,PCNX4
9044,5550,BTAF1
26058,5550,GIGYF2
1286,5549,COL4A4
65981,5547,CAPRIN2
284323,5544,ZNF780A
329,5543,BIRC2
3084,5543,NRG1
9896,5540,FIG4
9462,5540,RASAL2
388960,5538,C2orf78
158401,5538,SHOC1
112574,5538,SNX18
833,5536,CARS1
4892,5535,NRAP
23245,5533,ASTN2
9742,5532,IFT140
112476,5529,PRRT2
6546,5526,SLC8A1
57509,5523,MTUS1
253260,5520,RICTOR
51604,5519,PIGT
10198,5514,MPHOSPH9
6329,5511,SCN4A
6476,5507,SI
30837,5507,SOCS7
57555,5506,NLGN2
2737,5505,GLI3
23310,5505,NCAPD3
84464,5505,SLX4
64219,5501,PJA1
374786,5500,EFCAB5
57568,5499,SIPA1L2
55832,5497,CAND1
79893,5496,GGNBP2
79147,5494,FKRP
3187,5494,HNRNPH1
113730,5493,KLHDC7B
8867,5490,SYNJ1
55937,5488,APOM
114659,5488,LRRC37B
57580,5487,PREX1
10160,5486,FARP1
400966,5486,RGPD1
81792,5484,ADAMTS12
2065,5484,ERBB3
9113,5484,LATS1
653247,5484,PRB2
54510,5482,PCDH18
138474,5481,TAF1L
10600,5480,USP16
55601,5479,DDX60
5927,5476,KDM5A
93100,5476,NAPRT
9149,5475,DYRK1B
238,5474,ALK
2891,5473,GRIA2
56097,5472,PCDHGC5
57096,5471,RPGRIP1
4233,5470,MET
7124,5466,TNF
5298,5463,PI4KB
607,5458,BCL9
155435,5458,RBM33
23247,5456,KATNIP
55811,5451,ADCY10
201294,5451,UNC13D
4929,5450,NR4A2
114827,5447,FHAD1
56111,5445,PCDHGA4
401399,5445,PRRT4
23362,5444,PSD3
150696,5442,PROM2
53904,5440,MYO3A
960,5439,CD44
63922,5439,CHTF18
28973,5439,MRPS18B
2778,5436,GNAS
8242,5436,KDM5C
79932,5436,KIAA0319L
79848,5434,CSPP1
9693,5434,RAPGEF2
8518,5433,ELP1
116985,5431,ARAP1
3756,5430,KCNH1
653489,5430,RGPD3
27253,5427,PCDH17
57589,5426,RIC1
100381270,5425,ZBED6
90853,5421,SPOCD1
9922,5419,IQSEC1
10024,5417,TROAP
23007,5415,PLCH1
10003,5414,NAALAD2
9821,5414,RB1CC1
26047,5412,CNTNAP2
200424,5412,TET3
254065,5409,BRWD3
116984,5408,ARAP2
57407,5408,NMRAL1
23304,5406,UBR2
22983,5401,MAST1
23293,5400,SMG6
23082,5392,PPRC1
23085,5388,ERC1
54973,5384,INTS11
6830,5384,SUPT6H
343099,5383,CCDC18
285556,5382,C4orf54
11187,5382,PKP3
9590,5378,AKAP12
100293534,5375,C4B_2
110384692,5375,LOC110384692
9223,5371,MAGI1
221806,5370,VWDE
56106,5364,PCDHGA10
5797,5363,PTPRM
64067,5361,NPAS3
23511,5358,NUP188
23332,5356,CLASP1
147945,5356,NLRP4
387707,5354,CC2D2B
146183,5354,OTOA
9236,5352,CCPG1
2124,5352,EVI2B
10351,5350,ABCA8
9353,5350,SLIT2
7155,5350,TOP2B
150709,5349,ANKAR
23387,5348,SIK3
100174949,5346,TRIM59-IFT80
57449,5342,PLEKHG5
29954,5340,POMT2
25885,5338,POLR1A
10466,5335,COG5
152485,5330,ZNF827
26013,5328,L3MBTL1
4863,5328,NPAT
115703,5324,ARHGAP33
100507679,5322,MUC22
5998,5320,RGS3
8871,5318,SYNJ2
2122,5310,MECOM
28996,5308,HIPK2
3801,5308,KIFC3
7837,5305,PXDN
23532,5304,PRAME
51112,5302,TRAPPC12
2580,5301,GAK
10725,5301,NFAT5
21,5298,ABCA3
102724862,5292,TBC1D3I
26256,5289,CABYR
79882,5289,ZC3H14
56107,5286,PCDHGA9
22848,5282,AAK1
90050,5282,FAM181A
9578,5281,CDC42BPB
54938,5280,SARS2
10350,5279,ABCA9
54436,5278,SH3TC1
285190,5277,RGPD4
163223,5275,ZNF676
6720,5274,SREBF1
54704,5272,PDP1
53905,5271,DUOX1
3981,5271,LIG4
56113,5271,PCDHGA2
729857,5271,RGPD2
23135,5270,KDM6B
23239,5269,PHLPP1
56114,5268,PCDHGA1
23528,5268,ZNF281
440275,5266,EIF2AK4
26277,5265,TINF2
26025,5262,PCDHGA12
9708,5262,PCDHGA8
66035,5262,SLC2A11
4216,5261,MAP3K4
57646,5261,USP28
4719,5260,NDUFS1
170961,5257,ANKRD24
56109,5256,PCDHGA6
56100,5256,PCDHGB6
79173,5254,BRME1
11177,5253,BAZ1A
56108,5253,PCDHGA7
1953,5252,MEGF6
23236,5252,PLCB1
357,5251,SHROOM2
147968,5249,CAPN12
5046,5246,PCSK6
2035,5244,EPB41
50509,5238,COL5A3
56110,5238,PCDHGA5
55626,5236,AMBRA1
1781,5236,DYNC1I2
56102,5235,PCDHGB3
148137,5234,PROSER3
56163,5234,RNF17
10319,5232,LAMC3
4810,5232,NHS
56103,5232,PCDHGB2
10111,5232,RAD50
91746,5232,YTHDC1
23060,5232,ZNF609
6585,5230,SLIT1
58530,5229,LY6G6D
57495,5229,NWD2
56101,5229,PCDHGB5
7074,5229,TIAM1
3683,5228,ITGAL
10846,5228,PDE10A
103,5226,ADAR
9658,5225,ZNF516
56981,5223,PRDM11
94160,5221,ABCC12
2736,5221,GLI2
3895,5221,KTN1
25942,5221,SIN3A
7297,5220,TYK2
7804,5218,LRP8
56104,5217,PCDHGB1
56099,5217,PCDHGB7
9866,5216,TRIM66
131405,5214,TRIM71
23181,5212,DIP2A
23279,5212,NUP160
6900,5210,CNTN2
6002,5208,RGS12
9400,5207,RECQL5
8975,5206,USP13
26033,5205,ATRNL1
84640,5202,USP38
284371,5202,ZNF841
342372,5199,PKD1L3
4976,5197,OPA1
26140,5194,TTLL3
284297,5192,SSC5D
728621,5191,CCDC30
57481,5191,KIAA1210
10057,5189,ABCC5
10514,5189,MYBBP1A
9739,5185,SETD1A
54893,5184,MTMR10
8641,5184,PCDHGB4
8736,5182,MYOM1
2064,5181,ERBB2
79632,5180,FAM184A
9745,5180,ZNF536
1394,5179,CRHR1
23623,5179,RUSC1
101060321,5179,TBC1D3G
127254,5177,ERICH3
10618,5176,TGOLN2
3480,5175,IGF1R
143,5175,PARP4
23174,5174,ZCCHC14
23120,5171,ATP10B
124565,5170,SLC38A10
4065,5169,LY75
23025,5169,UNC13A
23613,5168,ZMYND8
1307,5167,COL16A1
56899,5166,ANKS1B
3636,5166,INPPL1
55215,5165,FANCI
22993,5165,HMGXB3
10236,5164,HNRNPR
9765,5162,ZFYVE16
10154,5158,PLXNC1
85302,5157,FBF1
23266,5155,ADGRL2
3991,5153,LIPE
23178,5151,PASK
4741,5149,NEFM
933,5147,CD22
1739,5146,DLG1
57480,5146,PLEKHG1
80014,5146,WWC2
728763,5145,CROCC2
8893,5142,EIF2B5
9202,5142,ZMYM4
22982,5139,DIP2C
5156,5139,PDGFRA
1288,5138,COL4A6
23426,5138,GRIP1
23072,5137,HECW1
23321,5136,TRIM2
328,5130,APEX1
203447,5130,NRK
6873,5130,TAF2
10349,5127,ABCA10
1495,5124,CTNNA1
1740,5123,DLG2
54820,5122,NDE1
23301,5121,EHBP1
8499,5120,PPFIA2
10147,5119,SUGP2
57538,5118,ALPK3
25930,5117,PTPN23
64411,5115,ARAP3
100533467,5115,BIVM-ERCC5
114548,5115,NLRP3
50488,5112,MINK1
6050,5112,RNH1
23460,5111,ABCA6
9855,5111,FARP2
1308,5110,COL17A1
642475,5109,MROH6
11253,5107,MAN1B1
80309,5103,SPHKAP
85452,5101,CFAP74
4948,5100,OCA2
4927,5099,NUP88
23024,5099,PDZRN3
387357,5099,THEMIS
9862,5096,MED24
9811,5094,CTIF
575,5088,ADGRB1
23355,5087,VPS8
23644,5086,EDC4
148229,5084,ATP8B3
57496,5084,MRTFB
162966,5083,ZNF600
1192,5082,CLIC1
50614,5082,GALNT9
80343,5082,SEL1L2
7637,5081,ZNF84
9716,5080,AQR
375337,5079,TOPAZ1
340390,5079,WDR97
56975,5078,FAM20C
79890,5077,RIN3
27,5076,ABL2
10180,5076,RBM6
56302,5074,TRPV5
25782,5068,RAB3GAP2
283234,5066,CCDC88B
57666,5066,FBRSL1
56848,5064,SPHK2
55780,5062,ERMARD
11173,5061,ADAMTS7
9909,5059,DENND4B
9401,5058,RECQL4
151056,5057,PLB1
5469,5054,MED1
727957,5054,MROH1
7098,5053,TLR3
23114,5052,NFASC
7015,5049,TERT
8227,5048,AKAP17A
23328,5047,SASH1
23384,5042,SPECC1L
220929,5038,ZNF438
22890,5036,ZBTB1
8273,5034,SLC10A3
128611,5034,ZNF831
23047,5033,PDS5B
56413,5030,LTB4R2
100287898,5030,TTC34
79868,5028,ALG13
169044,5025,COL22A1
5252,5025,PHF1
51564,5024,HDAC7
204851,5023,HIPK1
200403,5021,VWA3B
23670,5020,CEMIP2
160518,5020,DENND5B
55075,5019,UACA
2017,5018,CTTN
9744,5016,ACAP1
2931,5012,GSK3A
22876,5012,INPP5F
4253,5012,MIA2
84916,5012,UTP4
171023,5011,ASXL1
4041,5010,LRP5
22821,5010,RASA3
8618,5008,CADPS
57482,5008,CRACD
5979,5007,RET
728577,5004,CNTNAP3B
57521,5000,RPTOR
164045,4998,HFM1
23367,4998,LARP1
7466,4991,WFS1
22997,4988,IGSF9B
3750,4988,KCND1
9720,4987,CCDC144A
10517,4987,FBXW10
144568,4986,A2ML1
2515,4985,ADAM2
10388,4985,SYCP2
54870,4983,QRICH1
2177,4981,FANCD2
26040,4980,SETBP1
3312,4976,HSPA8
100499483,4974,CCDC180
221981,4974,THSD7A
283638,4973,CEP170B
51710,4973,ZNF44
8749,4972,ADAM18
23046,4972,KIF21B
90523,4972,MLIP
23258,4971,DENND5A
9043,4971,SPAG9
23284,4968,ADGRL3
7100,4967,TLR5
7226,4964,TRPM2
23240,4963,TMEM131L
7750,4963,ZMYM2
22878,4962,TRAPPC8
7248,4961,TSC1
9734,4959,HDAC9
81856,4959,ZNF611
79258,4958,MMEL1
63897,4957,HEATR6
157922,4956,CAMSAP1
55718,4956,POLR3E
9928,4947,KIF14
57554,4947,LRRC7
54437,4947,SEMA5B
115,4946,ADCY9
23074,4945,BLTP3B
23335,4945,WDR7
3915,4943,LAMC1
27124,4940,INPP5J
4798,4940,NFRKB
25992,4940,SNED1
353497,4939,POLN
55607,4938,PPP1R9A
285600,4937,KIAA0825
9774,4935,BCLAF1
57582,4935,KCNT1
54904,4935,NSD3
55503,4935,TRPV6
125170,4934,MIEF2
11122,4933,PTPRT
23400,4928,ATP13A2
866,4928,SERPINA6
57205,4927,ATP10D
55144,4927,LRRC8D
64693,4926,CTAGE1
54617,4925,INO80
2533,4923,FYB1
23526,4922,ARHGAP45
90379,4922,DCAF15
23556,4922,PIGN
4103,4921,MAGEA4
84144,4921,SYDE2
85376,4920,RIMBP3
440804,4920,RIMBP3B
150221,4920,RIMBP3C
26750,4919,RPS6KC1
22985,4918,ACIN1
29930,4914,PCDHB1
55650,4913,PIGV
83990,4910,BRIP1
4299,4908,AFF1
2222,4906,FDFT1
54454,4903,ATAD2B
4217,4900,MAP3K5
55922,4900,NKRF
161424,4900,NOP9
55074,4900,OXR1
204801,4899,NLRP11
57478,4897,USP31
10499,4894,NCOA2
23242,4893,COBL
1639,4887,DCTN1
146206,4886,CARMIL2
10712,4885,ENTREP3
5602,4885,MAPK10
5442,4885,POLRMT
83860,4885,TAF3
57602,4885,USP36
5069,4884,PAPPA
8028,4882,MLLT10
4147,4876,MATN2
577,4875,ADGRB3
4033,4875,IRAG2
353299,4874,RGSL1
57835,4874,SLC4A5
11073,4874,TOPBP1
23370,4872,ARHGEF18
2045,4871,EPHA7
374654,4871,KIF7
11188,4871,NISCH
54413,4868,NLGN3
10763,4866,NES
6894,4866,TARBP1
3090,4864,HIC1
6185,4864,RPN2
9439,4862,MED23
9902,4862,MRC2
1244,4858,ABCC2
284656,4858,EPHA10
23277,4857,CLUH
9448,4857,MAP4K4
6487,4857,ST3GAL3
114785,4856,MBD6
10615,4854,SPAG5
56886,4854,UGGT1
80169,4851,CTC1
50717,4851,DCAF8
3843,4851,IPO5
3547,4848,IGSF1
492,4846,ATP2B3
286204,4845,CRB2
2618,4845,GART
9361,4845,LONP1
56995,4845,TULP4
7415,4845,VCP
342979,4844,PALM3
9520,4843,NPEPPS
8711,4842,TNK1
23214,4842,XPO6
85464,4840,SSH2
57211,4839,ADGRG6
80724,4836,ACAD10
80731,4835,THSD7B
55201,4832,MAP1S
83449,4831,PMFBP1
81696,4830,OR5V1
221223,4828,CES5A
10801,4828,SEPTIN9
441459,4827,ANKRD18B
4756,4825,NEO1
22844,4824,FRMPD1
3792,4823,KEL
51750,4822,RTEL1
80243,4821,PREX2
56987,4820,BBX
1290,4815,COL5A2
55339,4815,WDR33
57609,4814,DIP2B
22906,4813,TRAK1
27245,4812,AHDC1
56128,4812,PCDHB8
80347,4811,COASY
23271,4809,CAMSAP2
374393,4808,FAM111B
50506,4807,DUOX2
56126,4806,PCDHB10
5198,4805,PFAS
23005,4804,MAPKBP1
283149,4801,BCL9L
2260,4797,FGFR1
50485,4796,SMARCAL1
5859,4795,QARS1
6491,4795,STIL
93986,4794,FOXP2
56123,4794,PCDHB13
56122,4794,PCDHB14
56133,4794,PCDHB2
4864,4793,NPC1
3716,4791,JAK1
79370,4790,BCL2L14
3679,4790,ITGA7
5795,4790,PTPRJ
57562,4789,CEP126
56125,4788,PCDHB11
56127,4788,PCDHB9
1277,4786,COL1A1
1376,4786,CPT2
4486,4783,MST1R
56132,4782,PCDHB3
79628,4782,SH3TC2
6905,4782,TBCE
57148,4780,RALGAPB
7694,4780,ZNF135
56124,4776,PCDHB12
56131,4776,PCDHB4
26167,4776,PCDHB5
54443,4775,ANLN
56155,4772,TEX14
79741,4771,CCDC7
55749,4769,CCAR1
4882,4768,NPR2
133558,4767,MROH2B
2904,4766,GRIN2B
56129,4764,PCDHB7
54542,4762,RC3H2
23518,4761,R3HDM1
51149,4759,MRNIP
178,4758,AGL
4784,4757,NFIX
219285,4755,SAMD9L
9497,4755,SLC4A7
64800,4754,EFCAB6
2483,4752,FRG1
9282,4752,MED14
55630,4748,SLC39A4
8202,4747,NCOA3
10767,4746,HBS1L
84172,4746,POLR1B
8525,4744,DGKZ
89932,4744,PAPLN
9985,4742,REC8
8604,4742,SLC25A12
170692,4740,ADAMTS18
1002,4740,CDH4
261734,4740,NPHP4
23262,4740,PPIP5K2
29855,4738,UBN1
7153,4737,TOP2A
91748,4736,MIDEAS
374286,4735,FBXW10B
23322,4734,RPGRIP1L
23035,4733,PHLPP2
153090,4731,DAB2IP
389763,4731,SPATA31D1
5332,4730,PLCB4
56121,4728,PCDHB15
2058,4726,EPRS1
2642,4726,GCGR
109,4725,ADCY3
71,4724,ACTG1
25792,4722,CIZ1
341883,4722,LRRC9
6522,4722,SLC4A2
9203,4721,ZMYM3
23316,4718,CUX2
6586,4718,SLIT3
8189,4718,SYMPK
7923,4716,HSD17B8
147686,4715,ZNF418
56288,4714,PARD3
2908,4712,NR3C1
5288,4710,PIK3C2G
152405,4710,TEX55
84256,4708,FLYWCH1
9451,4706,EIF2AK3
676,4705,BRDT
8546,4703,AP3B1
1373,4703,CPS1
284098,4696,PIGW
165,4693,AEBP1
64127,4693,NOD2
5978,4693,REST
55778,4693,ZNF839
1314,4691,COPA
55785,4691,FGD6
130271,4691,PLEKHH2
9826,4689,ARHGEF11
23148,4689,NACAD
9816,4687,URB2
3798,4685,KIF5A
5293,4685,PIK3CD
51322,4685,WAC
27147,4684,DENND2A
91074,4683,ANKRD30A
29970,4683,SCHIP1
10806,4683,SDCCAG8
55604,4682,CARMIL1
738,4681,VPS51
2965,4680,GTF2H1
4047,4680,LSS
1501,4677,CTNND2
23365,4674,ARHGEF12
3980,4674,LIG3
1911,4672,PHC1
55320,4669,MIS18BP1
441294,4668,CTAGE15
340307,4668,CTAGE6
64221,4667,ROBO3
10127,4667,ZNF263
23587,4666,ELP5
100128553,4665,CTAGE4
100142659,4665,CTAGE8
30849,4665,PIK3R4
282973,4662,JAKMIP3
100505753,4662,KRTAP16-1
57717,4662,PCDHB16
55775,4662,TDP1
79054,4662,TRPM8
84196,4660,USP48
23131,4659,GPATCH8
55757,4659,UGGT2
79798,4658,ARMC5
5829,4657,PXN
55561,4656,CDC42BPG
54700,4656,RRN3
90987,4656,ZNF251
79443,4655,FYCO1
142678,4655,MIB2
5034,4654,P4HB
116986,4652,AGAP2
80164,4651,PRR36
57657,4650,HCN3
374868,4649,ATP9B
23144,4648,ZC3H3
8445,4646,DYRK2
6519,4644,SLC3A1
64753,4643,CCDC136
83988,4643,NCALD
256329,4640,LMNTD2
23504,4640,RIMBP2
91607,4640,SLFN11
127731,4639,VWA5B1
57493,4638,HEG1
80012,4637,PHC3
4646,4635,MYO6
55251,4635,PCMTD2
5422,4635,POLA1
9747,4634,TCAF1
57468,4633,SLC12A5
57622,4632,LRFN1
57728,4630,WDR19
26074,4629,CFAP61
80017,4629,DGLUCY
8671,4628,SLC4A4
79811,4626,SLTM
23327,4625,NEDD4L
9013,4623,TAF1C
79142,4621,PHF23
9475,4620,ROCK2
116966,4619,WDR17
55582,4618,KIF27
8648,4618,NCOA1
63891,4618,RNF123
374900,4618,ZNF568
5858,4617,PZP
6525,4614,SMTN
2321,4611,FLT1
5884,4610,RAD17
10078,4610,TSSC4
9710,4604,GARRE1
9990,4602,SLC12A6
91646,4601,TDRD12
7594,4601,ZNF43
10076,4600,PTPRU
284443,4600,ZNF493
79631,4599,EFL1
23187,4598,PHLDB1
323,4596,APBB2
57605,4596,PITPNM2
54812,4595,AFTPH
9730,4595,DCAF1
3688,4595,ITGB1
1717,4594,DHCR7
24138,4594,IFIT5
126432,4594,RINL
23380,4594,SRGAP2
285782,4592,CAGE1
85445,4591,CNTNAP4
143162,4591,FRMPD2
11128,4590,POLR3A
124925,4590,SEZ6
57623,4590,ZFAT
9882,4587,TBC1D4
2,4586,A2M
10460,4585,TACC3
9910,4584,RABGAP1L
6721,4583,SREBF2
79158,4582,GNPTAB
7553,4582,ZNF7
5728,4581,PTEN
1956,4580,EGFR
7110,4580,TMF1
5138,4579,PDE2A
8495,4578,PPFIBP2
26166,4576,RGS22
51523,4575,CXXC5
54877,4575,ZCCHC2
7783,4574,ZP2
260425,4571,MAGI3
3781,4570,KCNN2
8863,4569,PER3
9814,4568,SFI1
9332,4567,CD163
29904,4566,EEF2K
51742,4565,ARID4B
10051,4562,SMC4
57642,4561,COL20A1
51059,4561,FAM135B
6935,4561,ZEB1
16,4560,AARS1
28514,4560,DLL1
285220,4559,EPHA6
3671,4558,ISLR
10156,4558,RASA4
147923,4558,ZNF420
7874,4556,USP7
80232,4556,WDR26
166647,4555,ADGRA3
29028,4555,ATAD2
26999,4554,CYFIP2
64799,4552,IQCH
23162,4552,MAPK8IP3
92521,4552,SPECC1
9853,4551,RUSC2
7058,4548,THBS2
203238,4547,CCDC171
22850,4546,ADNP2
9887,4546,SMG7
57540,4545,DISP3
23636,4545,NUP62
5800,4543,PTPRO
5598,4542,MAPK7
84210,4541,ANKRD20A1
1066,4541,CES1
23476,4540,BRD4
4214,4539,MAP3K1
57477,4538,SHROOM4
641,4537,BLM
6508,4537,SLC4A3
752,4535,FMNL1
6621,4534,SNAPC4
56204,4532,ATOSA
23200,4532,ATP11B
55054,4530,ATG16L1
393,4529,ARHGAP4
2734,4529,GLG1
490,4528,ATP2B1
8527,4528,DGKD
25929,4527,GEMIN5
51447,4526,IP6K2
253943,4525,YTHDF3
5335,4524,PLCG1
64848,4524,YTHDC2
825,4523,CAPN3
23196,4523,FAM120A
2091,4522,FBL
9972,4521,NUP153
51222,4521,ZNF219
132949,4520,AASDH
91653,4520,BOC
7757,4519,ZNF208
115584,4518,SLC5A11
4602,4517,MYB
22925,4517,PLA2R1
284001,4514,CCDC57
8450,4514,CUL4B
4054,4513,LTBP3
5932,4513,RBBP8
8748,4512,ADAM20
22853,4512,LMTK2
4105,4512,MAGEA6
23231,4512,SEL1L3
23248,4510,RPRD2
653073,4509,GOLGA8J
26098,4508,EDRF1
132884,4506,EVC2
26030,4506,PLEKHG3
4897,4505,NRCAM
5336,4504,PLCG2
10137,4504,RBM12
87,4502,ACTN1
23244,4502,PDS5A
54462,4501,CCSER2
2909,4500,ARHGAP35
145508,4500,CEP128
8869,4499,ST3GAL5
8829,4498,NRP1
57182,4495,ANKRD50
57459,4495,GATAD2B
3831,4494,KLC1
8938,4493,BAIAP3
54800,4492,KLHL24
55206,4492,SBNO1
54477,4490,PLEKHA5
149465,4488,CFAP57
23132,4487,RAD54L2
1306,4486,COL15A1
22981,4486,NINL
10257,4484,ABCC4
1663,4476,DDX11
4245,4473,MGAT1
5244,4472,ABCB4
60626,4471,RIC8A
79092,4470,CARD14
135935,4468,NOBOX
3897,4467,L1CAM
647042,4465,GOLGA6L10
1280,4464,COL2A1
107987545,4461,LOC107987545
9631,4459,NUP155
6520,4459,SLC3A2
79728,4456,PALB2
23451,4454,SF3B1
284004,4453,HEXD
4820,4453,NKTR
9031,4452,BAZ1B
9849,4452,ZNF518A
8497,4450,PPFIA4
7174,4449,TPP2
4659,4448,PPP1R12A
219482,4446,OR5M3
51441,4446,YTHDF2
135228,4443,CD109
1362,4441,CPD
320,4433,APBA1
8943,4432,AP3D1
257106,4432,ARHGAP30
23093,4432,TTLL5
55809,4430,TRERF1
2199,4429,FBLN2
57508,4429,INTS2
6490,4429,PMEL
23031,4428,MAST3
6093,4427,ROCK1
5875,4426,RABGGTA
4750,4425,NEK1
4261,4424,CIITA
10472,4424,ZBTB18
286075,4423,ZNF707
51283,4422,BFAR
8910,4422,SGCE
55230,4422,USP40
27300,4421,ZNF544
3297,4420,HSF1
79917,4420,MAGIX
6655,4419,SOS2
6792,4418,CDKL5
221178,4418,SPATA13
57585,4417,CRAMP1
1729,4417,DIAPH1
127294,4416,MYOM3
9778,4415,KIAA0232
54875,4414,CNTLN
65059,4413,RAPH1
1508,4412,CTSB
7486,4412,WRN
7047,4411,TGM4
9175,4410,MAP3K13
4842,4407,NOS1
57475,4407,PLEKHH1
55689,4407,YEATS2
1028,4405,CDKN1C
2324,4405,FLT4
316,4404,AOX1
196513,4402,DCP1B
2334,4401,AFF2
9895,4400,TECPR2
23307,4399,FKBP15
4670,4399,HNRNPM
23530,4399,NNT
199223,4399,TTC21A
11236,4398,RNF139
1291,4397,COL6A1
23543,4397,RBFOX2
84239,4396,ATP13A4
2801,4394,GOLGA2
57514,4393,ARHGAP31
11155,4391,LDB3
9501,4391,RPH3AL
124739,4391,USP43
63893,4390,UBE2O
10735,4389,STAG2
54925,4388,ZSCAN32
8411,4385,EEA1
25956,4384,SEC31B
5099,4382,PCDH7
90957,4378,DHX57
158135,4378,TTLL11
10795,4378,ZNF268
27148,4375,STK36
149013,4374,NBPF12
9711,4374,RUBCN
4360,4371,MRC1
5080,4371,PAX6
55835,4370,CENPJ
8496,4368,PPFIBP1
9181,4366,ARHGEF2
7617,4366,ZNF66
113878,4365,DTX2
84891,4365,ZSCAN10
80223,4364,RAB11FIP1
146057,4364,TTBK2
54801,4363,HAUS6
9204,4362,ZMYM6
23274,4360,CLEC16A
129563,4358,DIS3L2
6928,4358,HNF1B
51520,4358,LARS1
57020,4356,VPS35L
57214,4354,CEMIP
10013,4353,HDAC6
374977,4353,MROH7
23368,4353,PPP1R13B
57510,4352,XPO5
22832,4350,CEP162
3581,4350,IL9R
27031,4349,NPHP3
57614,4349,RELCH
29110,4349,TBK1
84073,4346,MYCBPAP
51156,4346,SERPINA10
54505,4345,DHX29
387680,4344,WASHC2A
55294,4341,FBXW7
9440,4341,MED17
9918,4341,NCAPD2
6929,4340,TCF3
10277,4339,UBE4B
5793,4338,PTPRG
286234,4338,SPATA31E1
26873,4336,OPLAH
1500,4335,CTNND1
100527960,4335,MROH7-TTC4
22795,4334,NID2
24139,4333,EML2
284418,4333,GARIN5B
55148,4333,UBR7
347240,4332,KIF24
51586,4331,MED15
9731,4330,CEP104
4049,4326,LTA
51455,4326,REV1
816,4324,CAMK2B
54456,4324,MOV10L1
54887,4323,BLTP3A
25821,4323,MTO1
50937,4322,CDON
1258,4322,CNGB1
391003,4320,PRAMEF18
8506,4319,CNTNAP1
116988,4317,AGAP3
9098,4316,USP6
493,4314,ATP2B4
23043,4314,TNIK
57512,4313,GPR158
80824,4312,DUSP16
441873,4311,PRAMEF25
101929983,4311,PRAMEF27
25897,4311,RNF19A
116369,4310,SLC26A8
8455,4308,ATRN
118461,4308,C10orf71
11240,4308,PADI2
22828,4308,SCAF8
1612,4307,DAPK1
63827,4304,BCAN
54778,4303,RNF111
144203,4302,OVOS2
4684,4301,NCAM1
9905,4301,SGSM2
10274,4301,STAG1
25960,4300,ADGRA2
79148,4299,MMP28
256364,4297,EML3
254394,4297,MCM9
23762,4297,OSBP2
9055,4297,PRC1
57524,4296,CASKIN1
58506,4296,SCAF1
100293516,4296,ZNF587B
133522,4292,PPARGC1B
162282,4291,ANKFN1
26574,4288,AATF
6543,4287,SLC8A2
93594,4287,TBC1D31
84720,4285,PIGO
22937,4285,SCAP
126326,4284,GIPC3
23353,4284,SUN1
8733,4283,GPAA1
7514,4279,XPO1
5981,4278,RFC1
9372,4278,ZFYVE9
23250,4275,ATP11A
8313,4275,AXIN2
84630,4275,TTBK1
254048,4275,UBN2
140469,4271,MYO3B
23223,4269,RRP12
10489,4268,LRRC41
283629,4268,TSSK4
1642,4261,DDB1
54540,4261,FAM193B
23125,4258,CAMTA2
197258,4258,FCSK
55691,4257,FRMD4A
3939,4256,LDHA
9921,4256,RNF10
54972,4255,TMEM132A
25861,4255,WHRN
55783,4252,CMTR2
55690,4251,PACS1
9600,4251,PITPNM1
90338,4251,ZNF160
27125,4250,AFF4
7644,4249,ZNF91
11035,4248,RIPK3
6560,4248,SLC12A4
111,4247,ADCY5
151050,4247,KANSL1L
871,4247,SERPINH1
55355,4246,HJURP
55593,4246,OTUD5
55818,4243,KDM3A
5414,4243,SEPTIN4
9441,4242,MED26
491,4240,ATP2B2
79895,4239,ATP8B4
55719,4239,SLF2
7143,4237,TNR
114327,4236,EFHC1
54872,4234,PIGG
93436,4233,ARMC6
29881,4232,NPC1L1
10038,4232,PARP2
56980,4232,PRDM10
85320,4231,ABCC11
3993,4231,LLGL2
23281,4230,MTUS2
146177,4230,VWA3A
100506658,4229,OCLN
22839,4228,DLGAP4
9627,4226,SNCAIP
57600,4225,FNIP2
4676,4225,NAP1L4
5091,4225,PC
8848,4225,TSC22D1
57862,4222,ZNF410
317,4221,APAF1
23457,4220,ABCB9
5257,4220,PHKB
10585,4220,POMT1
79020,4219,C7orf25
400720,4219,ZNF772
9411,4217,ARHGAP29
57530,4217,CGN
2731,4217,GLDC
5923,4216,RASGRF1
10526,4215,IPO8
51232,4214,CRIM1
65010,4214,SLC26A6
23216,4214,TBC1D1
26953,4211,RANBP6
1788,4209,DNMT3A
146059,4208,CDAN1
2626,4208,GATA4
5452,4208,POU2F2
23450,4208,SF3B3
138724,4208,SPATA31G1
84067,4207,FHIP1B
85455,4206,DISP2
26,4205,AOC1
56924,4205,PAK6
1583,4204,CYP11A1
374955,4204,SPATA21
55852,4204,TEX2
63943,4200,FKBPL
94005,4200,PIGS
151246,4198,SGO2
153241,4196,CEP120
79956,4196,ERMP1
5585,4196,PKN1
9785,4195,DHX38
2047,4194,EPHB1
140691,4194,TRIM69
79772,4193,MCTP1
54434,4193,SSH1
2043,4192,EPHA4
2165,4190,F13B
253725,4190,WASHC2C
85417,4189,CCNB3
3643,4189,INSR
9737,4188,GPRASP1
55833,4188,UBAP2
9759,4185,HDAC4
80031,4185,SEMA6D
5378,4184,PMS1
124935,4184,SLC43A2
5291,4183,PIK3CB
4123,4182,MAN2C1
57167,4182,SALL4
9898,4182,UBAP2L
84808,4180,PERM1
4017,4179,LOXL2
11120,4178,BTN2A1
113230,4178,MISP3
8086,4176,AAAS
256764,4176,WDR72
150082,4175,LCA5L
122402,4174,TDRD9
10752,4172,CHL1
63976,4172,PRDM16
353238,4170,PADI6
7771,4170,ZNF112
79058,4169,ASPSCR1
23133,4168,PHF8
22874,4168,PLEKHA6
8045,4168,RASSF7
5506,4167,PPP1R3A
57529,4167,RTL9
7798,4166,LUZP1
4548,4166,MTR
2821,4165,GPI
9515,4164,STXBP5L
9632,4162,SEC24C
9728,4162,SECISBP2L
905,4160,CCNT2
389610,4160,XKR5
375775,4159,PNPLA7
84083,4159,ZRANB3
55656,4158,INTS8
10777,4156,ARPP21
11100,4156,HNRNPUL1
9688,4156,NUP93
9509,4155,ADAMTS2
8446,4154,DUSP11
6517,4154,SLC2A4
29965,4152,CDIP1
10509,4150,SEMA4B
340273,4149,ABCB5
8661,4149,EIF3A
84626,4147,KRBA1
10058,4146,ABCB6
4988,4145,OPRM1
22994,4144,CEP131
160851,4143,DGKH
7317,4143,UBA1
1763,4138,DNA2
1292,4137,COL6A2
4796,4137,TONSL
713,4136,C1QB
10014,4134,HDAC5
387338,4133,NSUN4
63967,4130,CLSPN
3483,4130,IGFALS
56829,4129,ZC3HAV1
710,4128,SERPING1
55031,4128,USP47
7091,4127,TLE4
10529,4124,NEBL
84070,4122,FAM186B
240,4121,ALOX5
57591,4121,MRTFA
4430,4121,MYO1B
400566,4120,LIAT1
1463,4119,NCAN
57198,4118,ATP8B2
54923,4118,LIME1
79136,4118,LY6G6E
11182,4118,SLC2A6
6871,4118,TADA2A
8874,4117,ARHGEF7
26610,4117,ELP4
57828,4116,CATSPERG
23294,4115,ANKS1A
81603,4115,TRIM8
8216,4114,LZTR1
460,4113,ASTN1
22866,4113,CNKSR2
8482,4112,SEMA7A
208,4110,AKT2
23514,4110,SPIDR
478,4109,ATP1A3
27107,4109,ZBTB11
121551,4108,ABTB3
1837,4107,DTNA
2873,4107,GPS1
4000,4107,LMNA
26065,4106,LSM14A
7365,4106,UGT2B10
100533177,4104,KRTAP29-1
10733,4104,PLK4
427,4102,ASAH1
868,4102,CBLB
1278,4101,COL1A2
341350,4100,OVCH1
84818,4099,IL17RC
27328,4098,PCDH11X
4330,4097,MN1
54894,4096,RNF43
121227,4095,LRIG3
29940,4094,DSE
5189,4094,PEX1
7337,4094,UBE3A
57455,4093,REXO1
23081,4092,KDM4C
389840,4091,MAP3K15
4848,4090,CNOT2
26091,4090,HERC4
91392,4090,ZNF502
7223,4089,TRPC4
5205,4088,ATP8B1
55160,4086,ARHGEF10L
4155,4086,MBP
169436,4086,STKLD1
3609,4085,ILF3
22862,4084,FNDC3A
92105,4084,INTS4
150365,4084,MEI1
10427,4082,SEC24B
57608,4080,JCAD
4846,4080,NOS3
23774,4077,BRD1
81545,4077,FBXO38
5566,4077,PRKACA
388015,4077,RTL1
22992,4075,KDM2A
2915,4074,GRM5
90113,4074,VWA5B2
3684,4073,ITGAM
23028,4073,KDM1A
10144,4072,FAM13A
182,4072,JAG1
4125,4072,MAN2B1
23569,4072,PADI4
3791,4071,KDR
55698,4071,RADIL
64421,4067,DCLRE1C
54795,4067,TRPM4
1785,4066,DNM2
129684,4065,CNTNAP5
5325,4062,PLAGL1
221322,4062,TBC1D32
170506,4061,DHX36
27185,4061,DISC1
116840,4060,CNTROB
9947,4059,MAGEC1
63977,4059,PRDM15
374920,4059,ZSWIM9
9382,4058,COG1
9843,4057,HEPH
26063,4056,DECR2
222223,4056,ELAPOR2
57539,4056,WDR35
50,4055,ACO2
9570,4055,GOSR2
8844,4055,KSR1
51517,4055,NCKIPSD
7559,4055,ZNF12
51105,4053,PHF20L1
7159,4053,TP53BP2
54878,4051,DPP8
10426,4051,TUBGCP3
8688,4050,KRT37
219578,4050,ZNF804B
256957,4046,HEATR9
165082,4045,ADGRF3
647060,4044,SPATA31A1
727830,4044,SPATA31A3
727905,4044,SPATA31A5
26165,4044,SPATA31A7
114990,4044,VASN
203054,4042,ADCK5
23149,4042,FCHO1
5424,4042,POLD1
6419,4042,SETMAR
54885,4042,TBC1D8B
7535,4042,ZAP70
221395,4041,ADGRF5
57719,4041,ANO8
1522,4041,CTSZ
9064,4041,MAP3K6
5924,4041,RASGRF2
114826,4041,SMYD4
81624,4039,DIAPH3
9848,4038,MFAP3L
5663,4038,PSEN1
2187,4036,FANCB
4542,4036,MYO1F
2066,4035,ERBB4
6744,4035,ITPRID2
1499,4034,CTNNB1
636,4033,BICD1
93664,4033,CADPS2
2895,4033,GRID2
5144,4033,PDE4D
79598,4032,CEP97
1509,4032,CTSD
389730,4032,SPATA31A6
58504,4030,ARHGAP22
57501,4030,CFAP92
1296,4029,COL8A2
55717,4029,WDR11
63925,4029,ZNF335
9924,4028,PAN2
2243,4026,FGA
3665,4026,IRF7
23338,4025,JADE2
84861,4025,KLHL22
27032,4024,ATP2C1
4920,4024,ROR2
90011,4022,KIR3DX1
100652824,4021,KIAA2012
4938,4021,OAS1
1595,4020,CYP51A1
2898,4020,GRIK2
127074,4020,OR2T4
6189,4020,RPS3A
113,4018,ADCY7
55761,4018,TTC17
8660,4017,IRS2
126206,4017,NLRP5
161357,4015,MDGA2
1438,4014,CSF2RA
6692,4014,SPINT1
2906,4011,GRIN2D
55869,4011,HDAC8
55665,4011,URGCP
9534,4011,ZNF254
4957,4010,ODF2
23309,4010,SIN3B
5159,4009,PDGFRB
9056,4009,SLC7A7
4141,4008,MARS1
259308,4008,SPATA31F1
6011,4007,GRK1
7871,4007,SLMAP
6609,4007,SMPD1
60509,4006,AGBL5
84146,4006,ZNF644
9330,4004,GTF3C3
9856,4004,KIAA0319
5066,4003,PAM
2889,4003,RAPGEF1
317781,4002,DDX51
80028,4002,FBXL18
10943,4002,MSL3
50640,4002,PNPLA8
26054,4002,SENP6
7498,4002,XDH
51479,4001,ANKFY1
