gene,chr,cpg_start,cpg_end,mecp2_enrichment,exo_signal,endo_signal,binding_type,distance_to_gene,baseMean,log2FoldChange,padj,category
2310057M21Rik,chr7,131362266,131363378,2.205232851835337,270.1848241113307,122.51986173998158,both,619,606.9535362,-0.280925471,0.018705853,non-deregulated
2510009E07Rik,chr16,21694141,21695013,2.356665781804734,377.29276459462494,160.0959998263709,both,348,3733.103657,-0.247036586,0.000877795,non-deregulated
4921524J17Rik,chr8,85432233,85432998,4.922780173965482,842.1058060967604,171.0630530589817,both,165,432.9172912,-0.365933632,0.004958496,non-deregulated
6430548M08Rik,chr8,120113643,120114695,4.074878597156063,515.6253983765911,126.53760991467476,both,509,422.8981351,0.407734522,0.00109769,non-deregulated
9930021J03Rik,chr19,29805086,29806698,4.468014745656954,537.4418760484358,120.2865045534699,both,709,2689.439506,0.18715425,0.031833048,non-deregulated
Aacs,chr5,125475677,125476161,2.142329145760174,267.2198327527604,124.73332273969572,both,137,1828.34608,-0.372424455,0.000388227,non-deregulated
Acadm,chr3,153944252,153944586,2.368743682129894,755.0339475024243,318.7486907927173,both,46,2126.310089,-0.274705388,0.000967074,non-deregulated
Adam17,chr12,21373232,21374059,2.578884536634712,658.171833838268,255.21570449879167,both,427,3939.702302,-0.42474775,3.49868e-11,non-deregulated
Adam19,chr11,46056019,46056350,3.3127503593114764,344.8347130091788,104.09317805669166,both,27,2798.570541,-0.306813395,1.33412e-05,non-deregulated
Aff1,chr5,103692195,103692992,2.3127404960457456,212.4367836377028,91.8550023233998,both,179,1594.179377,0.462872409,1.25939e-05,non-deregulated
Agfg2,chr5,137684161,137685031,4.295581300782799,503.8374751684146,117.2920356731692,both,305,1246.33317,-0.441218021,1.29211e-07,non-deregulated
Agl,chr3,116807932,116808331,2.210541729169609,687.2753058210166,310.90808952029687,both,165,2279.288275,-0.438062256,9.04034e-09,non-deregulated
Ago1,chr4,126468403,126468848,5.723568148360537,158.9629487204514,27.77340019372092,both,265,4740.542223,0.331869921,7.74717e-07,non-deregulated
Aimp2,chr5,143909446,143910295,4.725177297632958,566.5889711761412,119.90851040869296,both,448,780.5843149,-0.468231787,0.001879549,non-deregulated
Akr1a1,chr4,116651418,116651698,3.077246334317131,456.6413148806789,148.39283738460014,both,18,7687.931441,-0.362858421,8.64832e-09,non-deregulated
Aldh18a1,chr19,40588200,40588578,3.833471262404329,633.6592612085911,165.29646835311453,both,115,1609.560777,-0.272489063,0.000461925,non-deregulated
Aldoa,chr7,126808976,126809384,2.8257948317757715,96.47109220191084,34.139453833343936,both,276,14398.86851,-0.213359535,0.002799114,non-deregulated
Alg1,chr16,5233591,5233841,3.176450579292012,89.84721221427105,28.28541164783265,both,30,496.6483366,0.379011337,0.001000525,non-deregulated
Amacr,chr15,10981770,10982073,5.774256979368545,654.3327512457525,113.31895230567108,both,14,174.4079222,-0.481974135,0.02348785,non-deregulated
Anapc4,chr5,52834033,52834278,3.192121670378285,1148.7478821390712,359.8697044661639,both,21,2489.116985,-0.33621761,1.51036e-06,non-deregulated
Ankrd50,chr3,38484377,38485349,2.2629171317983894,558.9530194455766,247.00551849256823,both,505,1693.902646,0.276259172,0.001106296,non-deregulated
Api5,chr2,94437452,94438255,4.3394424110328265,168.16755125218054,38.75326259074726,both,119,7002.428549,-0.348444363,9.28404e-10,non-deregulated
Apip,chr2,103073378,103073940,2.113883336033983,852.2258341919447,403.1565127860227,both,297,353.0632391,-0.321059691,0.026406198,non-deregulated
Arf1,chr11,59227397,59228536,4.544581592811836,185.40640558656244,40.79724432273803,both,266,10617.55908,-0.480436646,4.18331e-17,non-deregulated
Arhgef26,chr3,62338718,62339974,9.622330980506533,297.7398608946137,30.942591924741738,both,374,2369.756167,0.43803717,1.90356e-07,non-deregulated
Arl6ip6,chr2,53190977,53192516,2.026414396575132,723.139574223817,356.85670978552275,both,749,2253.449735,-0.441573541,3.76072e-08,non-deregulated
Aspm,chr1,139454634,139455233,4.278966149876988,232.2060875631508,54.26686714262189,both,138,9539.135709,-0.492315088,4.70149e-18,non-deregulated
Atad2b,chr12,4917016,4918101,2.0470778342643365,348.6880960460562,170.33455700103613,both,388,3050.109678,-0.145332559,0.04626233,non-deregulated
Atad3a,chr4,155760771,155761212,4.72330847654555,170.20900692707212,36.03597092425278,both,119,1709.983244,0.261043167,0.001206429,non-deregulated
Atg3,chr16,45158612,45159270,3.024590520764256,591.741555571517,195.6435264572592,both,173,1544.991606,-0.276559051,0.000638876,non-deregulated
Atic,chr1,71556948,71557367,7.177290929617065,564.7667165591996,78.68800667236322,both,202,3246.396859,-0.404933848,2.56887e-09,non-deregulated
Atox1,chr11,55460934,55461289,4.460172553605541,353.40208343463564,79.23506976180784,both,50,955.1880192,-0.434533382,1.76166e-05,non-deregulated
Atp11b,chr3,35753871,35754721,6.626466017461921,153.8934773399392,23.224064974362264,both,235,2129.275588,-0.24389243,0.003170188,non-deregulated
Atp2c1,chr9,105494545,105495594,7.051707506177788,153.47378446104315,21.76405988572121,both,31725,2881.405037,-0.251981564,0.000207334,non-deregulated
Atpif1,chr4,132533295,132533691,10.231449302969532,334.49521754145184,32.69284806448382,both,32,380.6266352,-0.353187433,0.017465844,non-deregulated
Atrnl1,chr19,57610205,57611845,3.804981440413551,489.4316315162199,128.6291770881871,both,829,3731.302205,0.267041044,0.000585215,non-deregulated
Atxn7,chr14,14012433,14013127,3.357022901840192,250.210075573087,74.5333239865392,both,58,1403.779549,0.331590758,0.000173245,non-deregulated
B3galt1,chr2,67565649,67566279,5.626742977268155,699.2281691899311,124.268723845178,both,222,1070.036742,-0.334393306,0.000103739,non-deregulated
BC003965,chr17,25184133,25185217,3.433469392554079,64.01830076367018,18.645368123129952,both,428,916.3100313,-0.402020471,5.2825e-05,non-deregulated
Bag1,chr4,40947952,40948731,2.3911595508860843,499.2429230641089,208.78695563376607,both,437,1355.475082,-0.434030682,5.38358e-06,non-deregulated
Baz1b,chr5,135186688,135188188,3.03462461723052,779.0405823789042,256.7172815891402,both,576,6064.140769,0.21044337,0.001129625,non-deregulated
Bckdhb,chr9,83925000,83925312,2.256017952324423,269.6318616826618,119.51671812046284,both,145,742.881622,-0.443148247,7.45209e-06,non-deregulated
Bcl9,chr3,97227607,97227810,3.417271183425873,684.4952727315616,200.30463957658267,both,23945,744.0691447,0.417632772,0.000146877,non-deregulated
Bcr,chr10,75060384,75062209,2.3323267973553827,125.16855292215588,53.66681592994775,both,512,1678.234896,0.482129373,1.05482e-07,non-deregulated
Bin1,chr18,32377246,32377767,8.116579726619758,363.398167906584,44.77232777185142,both,29,2045.167353,0.37161676,3.21769e-07,non-deregulated
Bmp2k,chr5,96997052,96998110,2.081330821152099,248.0238533027901,119.16599263422196,both,637,1144.869298,0.388883477,0.000111436,non-deregulated
Borcs7,chr19,46689848,46690150,4.25288836266064,256.1750239953803,60.23553927362326,both,58,421.6783859,-0.344730771,0.00954494,non-deregulated
Bub3,chr7,131560185,131560725,2.357309220340527,196.01490377792712,83.15196923957716,both,37,5972.594215,-0.462217626,4.53869e-08,non-deregulated
C1galt1,chr6,7844531,7845147,5.992361217610139,232.64361271967928,38.82336265644242,both,311,2893.625244,-0.422829221,9.31132e-11,non-deregulated
Car2,chr3,14886138,14887025,4.773410447790503,316.885055641167,66.38546152842262,both,135,8012.410813,-0.48270193,1.54878e-14,non-deregulated
Cbfa2t2,chr2,154436129,154436995,3.970587483731188,325.6900194356387,82.02565005055261,both,352,1592.353473,0.377859598,3.24179e-06,non-deregulated
Cblb,chr16,52031424,52032329,2.491938088458816,1796.1055695448892,720.7665302213521,both,125,1429.140361,0.464262511,6.12439e-07,non-deregulated
Cbll1,chr12,31498907,31500161,2.134730861219202,786.1746468628521,368.27810996925706,both,545,824.6451002,0.389992861,0.000137068,non-deregulated
Ccnc,chr4,21727555,21727838,3.773805359234052,363.29923188575225,96.26867241491466,both,146,2226.682582,-0.221066841,0.009563586,non-deregulated
Ccp110,chr7,118712419,118712914,4.7236396836665016,370.33115721684834,78.39953553133763,both,133,1868.350129,0.182473472,0.045021202,non-deregulated
Cd151,chr7,141467373,141467911,2.665144278685772,115.311654934782,43.26657129108378,both,19,2443.031659,0.380275462,1.1803e-06,non-deregulated
Cdc27,chr11,104550009,104550838,2.597911808819651,758.2856415473684,291.88274943478234,both,218,7580.121463,-0.34087134,1.95154e-08,non-deregulated
Cdca2,chr14,67715116,67716535,2.5536552453572625,7737.708829550912,3030.052252988593,both,694,2766.437887,-0.243824585,0.000261107,non-deregulated
Cdh20,chr1,104768481,104768920,3.825051065325732,363.3515357173128,94.99259735670238,both,48,3797.681936,-0.236614826,0.000855183,non-deregulated
Cdk11b,chr4,155624524,155625149,2.992156717712481,325.3187848879052,108.72384556668976,both,330,1121.810148,0.27562441,0.0040147,non-deregulated
Cdk17,chr10,93160440,93161666,3.2203336827209497,500.7550711922684,155.49788330293975,both,436,4056.473568,0.147832461,0.029089609,non-deregulated
Cdk5rap2,chr4,70410101,70410673,7.034237902684246,833.0429376298521,118.42689274298856,both,230,9058.925855,0.331376895,3.13088e-08,non-deregulated
Cfap43,chr19,47918962,47919418,7.988555322922568,549.5857651190466,68.79664005606257,both,119,344.5537513,-0.298068049,0.047307638,non-deregulated
Chchd4,chr6,91472979,91474077,4.202867587491922,1399.2510848564268,332.9277108374084,both,531,663.3624164,-0.451721238,9.36586e-06,non-deregulated
Chd6,chr2,161108518,161109676,2.75754798151432,831.4674509323104,301.5242006689241,both,601,5949.103847,0.248583007,4.55185e-05,non-deregulated
Cisd2,chr3,135422919,135423611,2.8881475055773,380.7666939405764,131.83768945501507,both,314,2443.076863,-0.476954793,1.72236e-11,non-deregulated
Clcn3,chr8,60982714,60983709,3.8101621469540894,629.3007545208251,165.16377262944025,both,409,4298.687205,-0.24436018,0.000198229,non-deregulated
Cln8,chr8,14888714,14889037,3.3076058078424624,1880.589208919374,568.5650945649036,both,7379,1204.799113,0.295352672,0.001753059,non-deregulated
Cnot10,chr9,114639827,114640284,3.143943623619735,159.6846999543399,50.79120972611117,both,84,1998.683409,-0.298318027,0.000650948,non-deregulated
Cntrl,chr2,35109335,35109733,2.9777584676898696,454.67428575583807,152.69011596785825,both,157,1656.209781,-0.35279552,6.83393e-06,non-deregulated
Coa7,chr4,108328045,108328456,2.4586861794375308,876.9972891830336,356.6934635731603,both,95,541.7555951,-0.319733771,0.006695126,non-deregulated
Cops8,chr1,90603176,90603710,2.602048012977048,149.5519256022839,57.47469872055857,both,195,2344.189504,-0.191086175,0.018420838,non-deregulated
Coq9,chr8,94838022,94838678,5.3850248493995645,304.8961407630288,56.61926347415555,both,299,975.105716,-0.284186366,0.002988692,non-deregulated
Coro2b,chr9,62536503,62537148,5.088995555236266,126.46814387095044,24.85129776559197,both,104,2626.205447,0.496092601,1.89996e-10,non-deregulated
Csgalnact2,chr6,118138867,118139255,4.4294129604611285,416.98781098049386,94.14064904372404,both,115,814.0953015,-0.381826248,0.000165591,non-deregulated
Ctdspl2,chr2,121955799,121956772,2.46918463929327,428.4973126283967,173.53797922177304,both,202,3671.467076,-0.232303553,0.000276404,non-deregulated
Ctif,chr18,75697675,75697888,8.73537067587106,1056.0060945376272,120.88852708386368,both,192,2177.884096,0.254602099,0.012129412,non-deregulated
Ctnnb1,chr9,120933178,120934555,2.136615467965394,81.27094385833702,38.03723462496872,both,3962,24197.67409,-0.23555938,0.000320633,non-deregulated
Ctps,chr4,120569531,120570704,2.339120601727707,475.3821231051872,203.2311300041833,both,428,2437.994205,-0.248102137,0.001338572,non-deregulated
Ctr9,chr7,111028665,111029405,3.141899353282187,593.3563845331951,188.85276637310008,both,286,2688.5221,-0.303619837,1.36995e-05,non-deregulated
Ctsl,chr13,64369856,64370443,3.286649042459178,339.03197070903184,103.15429677132704,both,137,2322.957222,-0.360522451,2.24986e-05,non-deregulated
Cuedc2,chr19,46338374,46338785,3.083710163351104,809.7364722454217,262.58514236158686,both,125,1561.896333,-0.247524194,0.006986411,non-deregulated
Cwc22,chr2,77945834,77946218,2.169770148094813,514.1984170923976,236.9828977248554,both,157,1417.124053,-0.371804608,6.52567e-06,non-deregulated
Dad1,chr14,54253700,54254197,3.818966793413456,861.6853032298806,225.6330965527176,both,93,1490.222864,-0.438764444,1.02868e-05,non-deregulated
Decr1,chr4,15945147,15945621,7.270456466949799,185.35574283809,25.49437489663602,both,114,1102.660738,-0.43859279,1.60162e-06,non-deregulated
Dennd5b,chr6,149100691,149101866,10.635301942157984,302.94703149250495,28.485042845058587,both,186,2243.998703,0.315257225,1.53476e-05,non-deregulated
Dffa,chr4,149104062,149104416,2.3074462875509534,87.0793262169682,37.738397936617325,both,84,311.8096761,-0.393736242,0.007535811,non-deregulated
Dhcr7,chr7,143829997,143830360,3.925696373014397,497.6834646255582,126.77584238217727,both,6852,5054.979161,-0.273003345,8.78786e-06,non-deregulated
Dhodh,chr8,109608458,109608786,2.4928976090037,688.9818598515758,276.37792156531094,both,113,525.2814049,-0.491397849,2.05695e-05,non-deregulated
Dhrs7,chr12,72664671,72664937,3.260280917670681,616.2502610522957,189.01753456649303,both,109,537.115709,-0.4972261,0.000150719,non-deregulated
Dhx29,chr13,112927306,112927962,5.119930967171487,1270.2584936453943,248.10070717557943,both,424,1564.600588,-0.234952628,0.003129368,non-deregulated
Dhx33,chr11,71003871,71004619,7.652692351425188,209.3809204337328,27.36042569315348,both,182,2663.027966,0.225233422,0.0026565,non-deregulated
Dicer1,chr12,104751475,104752369,30.59874524195989,406.98636789229096,13.300753500643316,both,417,3354.653092,0.439984066,4.89995e-11,non-deregulated
Dip2a,chr10,76344761,76345569,5.456880592528632,265.7743788938656,48.70445200097552,both,278,1465.662006,0.428706107,2.96617e-06,non-deregulated
Dip2b,chr15,100038537,100039329,6.746468724779833,148.74607780668018,22.047990419096536,both,127,5528.644966,0.254417283,0.000696281,non-deregulated
Dmxl2,chr9,54501025,54501623,3.771804389324297,220.47609881863613,58.45374681748368,both,137,1759.11934,0.257143391,0.002416545,non-deregulated
Dnajb11,chr16,22857344,22858214,2.670506828550255,1128.942623116236,422.7447056291962,both,501,1615.747791,0.373999112,5.73688e-06,non-deregulated
Dnajc1,chr2,18392241,18392894,2.032292285844318,332.8179123833108,163.76478654252296,both,64,2513.213451,0.325075938,2.1246e-06,non-deregulated
Dnajc5,chr2,181520214,181520976,4.145480934802685,155.9378956811547,37.61635818223272,both,271,4698.52716,0.253205869,0.00051433,non-deregulated
Dolk,chr2,30285788,30286877,10.137113236472423,224.6586387965136,22.16199361256141,both,543,499.3809964,0.422497704,0.001628549,non-deregulated
Dph7,chr2,24962329,24962547,9.003617181378033,115.35465091728632,12.812034162877517,both,71,424.0103802,-0.438093722,0.000534778,non-deregulated
Dpy19l4,chr4,11321721,11322311,4.923033545573101,278.9412579636223,56.66044226216017,both,174,3148.706798,0.176430735,0.011201663,non-deregulated
Dpysl3,chr18,43437867,43438427,3.1672937194169326,280.4843385015315,88.55646597662748,both,141,3170.115238,-0.363058436,1.11699e-06,non-deregulated
Dstn,chr2,143914805,143915832,3.6092539988223487,534.6185527554995,148.12439161387323,both,515,6487.920109,-0.170166171,0.011489945,non-deregulated
Dtd2,chr12,52006341,52006583,2.4958523903235603,292.1974330837749,117.07320281304564,both,82,330.6997687,-0.426407653,0.002247857,non-deregulated
Dusp1,chr17,26507982,26508904,2.332167526736842,519.2064780860084,222.62829412279817,both,385,358.5883532,-0.408997085,0.003449877,non-deregulated
Edf1,chr2,25557657,25558140,8.082227047228779,301.7875589712876,37.3396536879973,both,190,527.3072021,-0.260516706,0.045384364,non-deregulated
Eea1,chr10,95940560,95941332,2.007775642566393,311.24260384409905,155.01861724264185,both,103,2638.766068,-0.277219634,0.000152007,non-deregulated
Efcab14,chr4,115737562,115738075,4.423806664819407,296.24904815471314,66.96699711374184,both,182,2307.703199,0.351434747,1.67621e-05,non-deregulated
Egln2,chr7,27166120,27166952,2.4271107560369054,347.25664983001974,143.07408467713927,both,150,1191.290002,0.237126697,0.012500013,non-deregulated
Elk4,chr1,132007342,132008412,4.263785023074475,155.11868740086112,36.38051322038984,both,265,3608.703166,0.243719176,0.00043506,non-deregulated
Ell2,chr13,75707246,75708619,15.53423409789531,535.9803441444276,34.50317156074313,both,238,818.9795241,-0.48654578,3.07535e-07,non-deregulated
Emc2,chr15,43477167,43477610,4.321843806449344,518.3160863584865,119.92938883747269,both,62,2333.655835,-0.355642701,0.000856387,non-deregulated
Eml6,chr11,30025815,30026104,3.773526828953936,610.5917992272933,161.80931709356796,both,71,258.871983,0.404642348,0.019206507,non-deregulated
Emp2,chr16,10313665,10314006,6.214097314052469,231.5615707537013,37.2639112409861,both,38,1061.005897,0.315983258,0.000367479,non-deregulated
Entpd5,chr12,84408397,84409190,4.82957190143254,392.1639045593447,81.20055204955571,both,161,1025.265001,0.431964456,2.11355e-06,non-deregulated
Epb41l2,chr10,25359584,25360596,7.421971788436764,384.0694848547511,51.74763469905952,both,214,3465.504934,-0.212205915,0.001663934,non-deregulated
Epb41l5,chr1,119648353,119649055,3.2192766632727463,181.7260938472293,56.44935581972782,both,55,1944.487606,-0.312396684,1.85674e-05,non-deregulated
Erich1,chr8,14090178,14090440,8.915111153483114,590.475889346514,66.23314944489687,both,139,255.4478295,0.356122424,0.029451205,non-deregulated
Esco2,chr14,65833654,65834070,3.688148088223719,590.9195590938825,160.22121264075392,both,76,1783.731806,-0.310600238,2.06407e-05,non-deregulated
Ets1,chr9,32695608,32696257,8.032190471145814,474.7451569121756,59.1053161173918,both,59387,1335.898543,-0.231289045,0.006507278,non-deregulated
Etv1,chr12,38778640,38779114,8.363636144816764,1923.097742590224,229.935605673381,both,740,9725.46682,-0.173183786,0.00320378,non-deregulated
Exo1,chr1,175880606,175881239,3.9387801191634457,122.5474695238621,31.11305171051028,both,25,1957.408616,0.192251976,0.023162261,non-deregulated
Exog,chr9,119444836,119445177,7.513967459990746,105.87606819541254,14.09056783372641,both,87,416.7127049,-0.309344902,0.017289508,non-deregulated
Extl2,chr3,116007224,116007852,2.755192955731089,449.1785061826268,163.02978172482935,both,238,1555.903747,-0.259866435,0.002172388,non-deregulated
F2r,chr13,95617986,95618798,6.127506752326288,133.9286566305668,21.856957820523203,both,339,7541.455205,-0.271393657,6.36984e-05,non-deregulated
Faf1,chr4,109676288,109677165,6.47185305979983,522.2162820725688,80.69037990314331,both,300,2296.579941,-0.487147898,2.33422e-09,non-deregulated
Fahd1,chr17,24849806,24850852,2.458214849384169,847.8177943911592,344.8916577017481,both,550,456.3612803,-0.400072627,0.003766364,non-deregulated
Fam117b,chr1,59912548,59913890,5.197363150455342,148.34608634805258,28.54256707751044,both,458,1553.531946,0.204053013,0.019821033,non-deregulated
Fam118b,chr9,35267282,35267992,4.161601848956493,487.39941665736734,117.11822378673276,both,187,945.4394647,-0.368798472,9.35004e-05,non-deregulated
Fam126b,chr1,58585919,58586427,4.137395767265621,349.5953718454651,84.49647834306903,both,104,1349.623578,-0.275213027,0.000698138,non-deregulated
Fam135a,chr1,24099641,24100556,3.3683091774451746,677.1404453869808,201.03274661401016,both,215,3243.047072,-0.1615448,0.0459519,non-deregulated
Fam204a,chr19,60226276,60226755,2.6751389539737582,100.01095812947815,37.38533207066418,both,58,1262.79766,-0.490814206,1.15603e-09,non-deregulated
Fars2,chr13,36117325,36118001,4.532563967129875,476.3438723100774,105.0936899654412,both,86,590.2111984,-0.303350919,0.007351645,non-deregulated
Fbxo4,chr15,3979154,3979562,3.432873146314434,210.15112425558496,61.21727057733119,both,11,223.8975205,-0.4082146,0.028392357,non-deregulated
Fbxw11,chr11,32642317,32643180,3.782660001274136,288.63384741667176,76.30446493193931,both,407,4530.338871,0.236898613,0.000722563,non-deregulated
Fip1l1,chr5,74535393,74536032,4.590566754723934,205.47068866380923,44.75932921623874,both,56,3464.930088,-0.380414969,5.82885e-09,non-deregulated
Fndc3b,chr3,27709973,27711161,11.128896762042077,290.87673204775456,26.137068055107083,both,146,3376.197926,0.168543458,0.020688144,non-deregulated
Foxc1,chr13,31806191,31806991,5.083448363312687,855.1693188895703,168.2262231797884,both,500,2944.03539,0.424981601,3.50412e-06,non-deregulated
Frmd4b,chr6,97487529,97488031,6.848467096130588,293.4307750898944,42.84619769228124,both,129510,1319.354827,-0.41208048,6.0898e-07,non-deregulated
Fut11,chr14,20694906,20695866,3.4735435626874125,69.2480498905884,19.935851858732,both,62,1389.318215,-0.301924834,0.000292434,non-deregulated
Fxn,chr19,24280224,24280692,6.372713607841932,247.69763968521977,38.86847188306341,both,87,394.4777807,-0.447233196,0.000542517,non-deregulated
Gdap2,chr3,100162159,100162886,7.645439179431928,321.26992848200365,42.021121474132855,both,222,949.5425566,-0.407383774,9.89683e-06,non-deregulated
Gfpt1,chr6,87042262,87043087,5.239441389131874,422.6326039128232,80.66367624409087,both,584,3634.321121,-0.3838239,1.31025e-08,non-deregulated
Ggnbp2,chr11,84869568,84870994,2.252661875147211,645.5783501945475,286.58466559805345,both,177,2260.268034,-0.189952806,0.016244684,non-deregulated
Gigyf2,chr1,87326822,87327563,2.6198438221781024,186.563140957819,71.21155061934682,both,176,3083.217352,0.159247332,0.026509809,non-deregulated
Gipc1,chr8,83652550,83652856,3.29312221112874,253.01349116707388,76.83088417187888,both,128,1149.519216,-0.247577306,0.007327459,non-deregulated
Gldc,chr19,30174874,30175472,2.10201526608301,382.98159384122187,182.1973417704464,both,54,1794.692206,-0.230641133,0.008469428,non-deregulated
Glrx3,chr7,137437514,137438103,7.071271064342119,394.5808199599105,55.8005507594865,both,100,7378.823292,-0.486910814,1.28981e-11,non-deregulated
Glrx5,chr12,105032097,105033104,3.740548248992983,1789.1262668308025,478.30589200726513,both,592,1496.382988,-0.421067219,3.37708e-06,non-deregulated
Gmeb2,chr2,181287558,181288161,2.1626983788804166,123.15116704251936,56.943292807327175,both,126,767.6802428,0.268515481,0.013910855,non-deregulated
Gpbp1l1,chr4,116557032,116558118,2.301047504351284,547.9270060119583,238.12068415616253,both,626,2391.401403,-0.187480694,0.014273621,non-deregulated
Gpc6,chr14,116925377,116926927,8.715714885354226,730.6258704380826,83.82856484507276,both,80,719.3877432,0.477926496,5.21832e-05,non-deregulated
Gpr137,chr19,6942381,6942662,5.483611053530376,339.5926261571348,61.92864935934933,both,212,637.6096391,0.443679252,0.00022628,non-deregulated
Gpr180,chr14,118136697,118137559,7.77270743535093,342.4382140104473,44.05649085066671,both,430,813.3828049,-0.491902445,8.46849e-07,non-deregulated
Gpr89,chr3,96904773,96905377,5.622203914250452,129.4617373138537,23.026866205565835,both,31,838.0136599,-0.226093642,0.024572449,non-deregulated
Gramd3,chr18,56432125,56432394,2.8612147222376367,730.559928897465,255.33208787843947,both,7,952.3034426,-0.259907857,0.008201765,non-deregulated
Gxylt1,chr15,93274814,93275775,2.1041689503247194,421.5165084967846,200.324459892698,both,614,2081.774147,-0.23279919,0.002793431,non-deregulated
Hacd3,chr9,65021060,65021817,3.852762795764054,523.1805353700064,135.79360139825394,both,100,6272.153314,0.255423688,0.000375039,non-deregulated
Haus8,chr8,71272287,71273128,7.232415761516683,604.3905440817133,83.56689714903348,both,194,627.9515741,-0.482811019,3.39946e-05,non-deregulated
Heatr6,chr11,83753679,83754018,2.029148099001348,155.89744126053532,76.82901082343905,both,17,1280.862921,0.407990865,5.66874e-06,non-deregulated
Hibadh,chr6,52640053,52640488,4.134267439480709,549.440979903685,132.89923497854275,both,99,1671.977165,-0.229108908,0.003685331,non-deregulated
Hint3,chr10,30618238,30618608,2.499225482287027,615.0406195164137,246.09248900327057,both,129,260.8685417,-0.429117454,0.013300611,non-deregulated
Hjurp,chr1,88277213,88277704,4.533075239682316,8103.238274148721,1787.580802368638,both,71,4837.794704,-0.303930645,6.94461e-07,non-deregulated
Hltf,chr3,20057627,20058195,2.3691175191106546,328.26871617277806,138.56160090192873,both,184,963.9872299,-0.374969326,0.000126885,non-deregulated
Hmgxb3,chr18,61176540,61177227,4.758781067284903,278.25741540416874,58.4724137273512,both,177,1360.576062,0.234474178,0.010637453,non-deregulated
Hnrnpul1,chr7,25754265,25755333,2.3702513183930107,2913.671957178776,1229.267096939828,both,576,7068.684546,0.250318861,0.000198037,non-deregulated
Hscb,chr5,110839442,110839856,2.4454911917256754,773.2351349263713,316.1880678788024,both,79,197.5581016,-0.382602304,0.045127202,non-deregulated
Hsd17b4,chr18,50128201,50128593,2.546829305690237,446.6893175114871,175.39036342697736,both,0,4083.904899,-0.32171699,5.44026e-07,non-deregulated
Hsf1,chr15,76477162,76477911,4.469098194971314,463.6449867269295,103.744640752944,both,283,1103.862757,0.223357426,0.025827503,non-deregulated
Hsf2,chr10,57486189,57487019,3.759679077325048,309.4961926508794,82.31984333915038,both,196,1824.67962,-0.315114492,0.000109385,non-deregulated
Hsp90aa1,chr12,110695726,110696810,2.676010553369744,204.60524598602248,76.45905795415307,both,5121,21185.71179,-0.453034011,2.94036e-16,non-deregulated
Hsph1,chr5,149635836,149636811,2.767407659164208,1949.2752905296456,704.368683838344,both,435,3202.001344,-0.296382524,3.27133e-05,non-deregulated
Ibtk,chr9,85748903,85749379,3.1388609278112822,642.8810392253854,204.8134829833523,both,45,1787.574359,-0.414471553,3.39908e-07,non-deregulated
Id3,chr4,136143591,136144904,2.12265006940017,305.1880787399679,143.77691506457754,both,94,1316.580656,-0.466817343,2.24003e-06,non-deregulated
Ift57,chr16,49699035,49699631,3.988787349758643,685.7552454382245,171.92073312198977,both,198,721.5848383,-0.246707672,0.024600987,non-deregulated
Ift88,chr14,57423968,57424412,2.1564272745932747,203.4983800609081,94.3683018938304,both,94,351.2496859,0.378897311,0.006225,non-deregulated
Inpp4a,chr1,37299840,37300507,2.6941989824802564,155.95585278945796,57.88579603941738,both,25,888.0027985,-0.215743428,0.04842461,non-deregulated
Insr,chr8,3279068,3279608,2.773424917897614,444.1772277409394,160.15476924381517,both,9,2407.860958,-0.452840031,2.84402e-09,non-deregulated
Ip6k1,chr9,108002298,108003188,7.42514420410625,467.58085251865447,62.97262917265272,both,203,1879.557031,0.406230649,2.6972e-06,non-deregulated
Ipmk,chr10,71347544,71348544,7.685951594773591,391.97053119478886,50.99830858436929,both,219,2170.874883,-0.305573594,1.29641e-05,non-deregulated
Ipp,chr4,116507428,116507968,6.323389495473872,264.54544098619385,41.8360186693464,both,121,379.3865004,-0.393351075,0.005956709,non-deregulated
Iqgap2,chr13,95891566,95892117,3.8621917763586704,142.53808258717228,36.90600851559972,both,195,2962.428437,0.367319522,1.55993e-08,non-deregulated
Irx2,chr13,72628317,72631991,7.8187185555384415,909.1284315253146,116.27588652379966,both,503,819.2733142,0.275777952,0.025557516,non-deregulated
Itfg1,chr8,85840538,85840969,3.359963978465077,350.6096236802927,104.34922098196444,both,48,4519.977729,-0.186888356,0.014444487,non-deregulated
Itgb1,chr8,128685320,128686390,3.908641248325985,480.97260098668175,123.05365737842416,both,334,31572.50968,-0.400970512,7.22363e-14,non-deregulated
Itpkb,chr1,180330555,180332867,3.569257823528261,350.5168551358517,98.2044090021384,both,70,3111.566176,0.441081233,6.35362e-07,non-deregulated
Jam3,chr9,27155027,27155508,2.562371314442534,254.3549668827786,99.26545986880738,both,87,722.7094997,-0.31555935,0.002330673,non-deregulated
Jarid2,chr13,44902779,44903193,5.980080743708504,179.46458518920997,30.0103949897366,both,18450,2322.177463,0.243637151,0.000453679,non-deregulated
Jmy,chr13,93498263,93499789,12.744924291243176,234.4849362503196,18.398299659687293,both,19,3340.39657,0.406869478,2.00578e-10,non-deregulated
Kansl1,chr11,104468799,104469547,4.693458897211861,87.81871711271343,18.71087380031856,both,686,3267.230466,0.44153894,4.13226e-11,non-deregulated
Katnbl1,chr2,112379093,112379539,5.518497368547663,99.75000763896226,18.07557401539798,both,118,1392.3363,-0.36866735,6.3983e-06,non-deregulated
Kbtbd7,chr14,79426347,79427229,2.2985915686666147,246.73513275177515,107.34187670187237,both,164,1186.309155,-0.227523661,0.035187854,non-deregulated
Kctd1,chr18,15061856,15064339,2.781575217649574,424.9065784493327,152.75753671992302,both,87107,715.3547343,0.229795575,0.033376117,non-deregulated
Kif18b,chr11,102924799,102925274,3.1291945967606365,357.41363647898044,114.21905075797378,both,150,1258.339143,0.394197954,4.19764e-05,non-deregulated
Kif23,chr9,61946290,61946975,4.691111048000135,223.3858275055377,47.61895960675866,both,176,2332.731693,-0.180517363,0.01352976,non-deregulated
Klhl25,chr7,75848192,75848706,2.3330752734412785,235.9766411667381,101.14403245064332,both,118,631.9103935,0.387611906,0.009452698,non-deregulated
Kmt5a,chr5,124439821,124440388,3.580698833227052,287.1365971752944,80.19009990754144,both,109,4677.272847,-0.178409365,0.005198124,non-deregulated
Lap3,chr5,45493174,45493767,5.487185629525894,327.1638171503397,59.62324572908744,both,200,3267.170552,-0.390951506,3.12796e-08,non-deregulated
Laptm4b,chr15,34238040,34238769,6.205300828295871,232.72806238357657,37.50471875953989,both,14,6149.514673,0.307707816,2.54054e-07,non-deregulated
Lats1,chr10,7680908,7681860,5.204239255702297,216.27547627189188,41.55755829921123,both,301,4916.416319,0.490399659,2.78514e-11,non-deregulated
Lca5,chr9,83440808,83441284,4.378021117588066,546.4578387883925,124.81845658374677,both,157,655.3805514,-0.311614889,0.003937166,non-deregulated
Letm1,chr5,33782232,33782883,4.761195853672934,257.6257470722823,54.10946220024572,both,66,1386.94818,0.471728933,6.60928e-09,non-deregulated
Letmd1,chr15,100468503,100469420,5.769377974433737,206.68131612674813,35.82384739613699,both,531,975.1055178,-0.33842675,0.001700975,non-deregulated
Limk1,chr5,134688222,134689139,3.3354885381382413,756.9202675889788,226.9293565048395,both,541,573.8033092,0.397781768,0.000355367,non-deregulated
Lsamp,chr16,39984466,39984898,6.944643624550437,530.7415262396613,76.42458777343221,both,105,3255.074742,0.359071033,1.31235e-07,non-deregulated
Lysmd2,chr9,75625456,75626335,3.8328673404263087,339.36874676903426,88.54174085015114,both,276,670.9823784,-0.297442726,0.00834808,non-deregulated
Mak16,chr8,31168504,31169102,5.91197004735962,347.4938517099122,58.7780129003036,both,338,971.5599907,-0.323805537,0.001011322,non-deregulated
Man1b1,chr2,25332185,25333096,2.613457671241863,317.26460138211235,121.396495100437,both,153,2241.237421,0.285937783,0.000156526,non-deregulated
Maoa,chrX,16618454,16618959,4.5293808413250725,382.6260478993551,84.47645744609493,both,1244,3147.667353,-0.198996007,0.006165964,non-deregulated
Mapk9,chr11,49846399,49847272,2.9841523879819207,833.4386294799074,279.288226980772,both,352,1787.498332,0.199094137,0.017710286,non-deregulated
Mapre2,chr18,23752258,23752631,3.1207938805412714,587.8714344941261,188.37240042016663,both,75,1425.790965,0.248261062,0.006346241,non-deregulated
Mars2,chr1,55236985,55237816,6.228404265424101,481.13371346819264,77.2483116003119,both,192,1814.372549,-0.268231262,0.000392912,non-deregulated
Max,chr12,76961702,76962853,2.177939157680847,1936.9439525006103,889.3471361078527,both,605,2672.356833,0.218194913,0.019979421,non-deregulated
Mbip,chr12,56345477,56345897,2.6462756381742616,187.324658896952,70.78803741933413,both,3,542.4786009,-0.48174227,0.000279799,non-deregulated
Mblac2,chr13,81710936,81711912,2.241167994406642,353.0524645428314,157.53056684012813,both,481,476.5133682,-0.332545549,0.010352299,non-deregulated
Med12l,chr3,59005377,59007530,6.055998799257156,283.17451174806337,46.759340801520345,both,448,1682.903888,0.422051511,6.69717e-09,non-deregulated
Metap2,chr10,93889173,93889865,4.3186769723275855,274.3763891478524,63.53251028172525,both,7228,7990.667221,-0.370289215,8.08485e-11,non-deregulated
Mia3,chr1,183368926,183369826,2.4467111196311864,297.59913983603457,121.63231590695275,both,273,1759.195788,0.203646523,0.04707129,non-deregulated
Mif4gd,chr11,115612386,115613023,2.3236058769740184,199.3957647252013,85.81307471337182,both,54,321.1373277,-0.351405038,0.025099346,non-deregulated
Miip,chr4,147868367,147868668,2.7234712605868503,1495.1187369836175,548.9754045215999,both,148,560.0524704,-0.415391971,0.001742862,non-deregulated
Mios,chr6,8209077,8209710,2.827419347624457,147.74490649332765,52.25433100946277,both,145,1826.435612,-0.400748977,2.11767e-06,non-deregulated
Mrpl1,chr5,96209932,96210313,3.844428600137935,374.50528309235074,97.41507049419874,both,439,1335.46868,-0.334359119,0.000276608,non-deregulated
Mrpl44,chr1,79775983,79776386,3.663172601169708,160.77154337480235,43.88860719352004,both,35,567.3801753,-0.318171476,0.013195204,non-deregulated
Mrps15,chr4,126046915,126047210,2.437041535773734,111.40754844605767,45.71425919939727,both,10,663.9113942,-0.373020904,0.000589755,non-deregulated
Mrps26,chr2,130563566,130564314,15.272307244388228,662.3691935281566,43.37060425310279,both,176,773.3896307,-0.399965602,0.002073532,non-deregulated
Mrps35,chr6,147042740,147043242,4.417175527054156,293.792555833158,66.51140622186011,both,24,955.5776395,-0.422163833,8.03237e-06,non-deregulated
Msh6,chr17,87974680,87975793,5.630992551753404,288.96564276465097,51.31699964239369,both,370,3911.652782,0.156827001,0.029329225,non-deregulated
Mtpap,chr18,4375547,4375931,2.3776924964027444,113.014676109368,47.53124143696042,both,45,1002.247673,-0.324715456,0.001189465,non-deregulated
Myo5a,chr9,75070927,75071923,5.86322113043954,194.107906887368,33.10601844430461,both,88,8213.840464,0.194024404,0.002819908,non-deregulated
Mzt2,chr16,15863195,15863494,2.82048452423694,488.2629889978128,173.11316009787663,both,125,402.6319866,-0.470444273,0.000543741,non-deregulated
Ncapg2,chr12,116405180,116405776,6.028485970621354,449.2251639124731,74.51707876599265,both,222,4324.612997,-0.400654812,1.45129e-10,non-deregulated
Nceh1,chr3,27182877,27183286,5.696998338133902,342.8557422796068,60.18182241420698,both,88,1050.132995,-0.195071627,0.042608663,non-deregulated
Ncoa2,chr1,13372746,13374794,2.77506394818883,1035.8619256806176,373.2749749268596,both,711,2287.13282,0.34536137,2.05825e-06,non-deregulated
Ndufa3,chr7,3617298,3617534,2.681950323954984,311.1440952262786,116.01411571540392,both,75,1137.731365,-0.350447254,4.67676e-05,non-deregulated
Ndufab1,chr7,122101598,122101956,5.995091342485705,220.27429545885843,36.7424419204141,both,70,1925.540858,-0.315638178,1.60283e-05,non-deregulated
Nedd8,chr14,55671858,55672103,2.2442858254125624,695.095298996765,309.7178136251817,both,197,3538.927979,-0.426936953,1.76749e-05,non-deregulated
Negr1,chr3,156561486,156562366,8.536153291377415,354.01390675248257,41.47229960245453,both,308,1571.449209,0.258941093,0.003777534,non-deregulated
Neo1,chr9,59035708,59037181,4.460268180523081,300.2006712682455,67.30552045707692,both,740,3951.165419,0.419166015,3.25221e-09,non-deregulated
Nfyb,chr10,82763362,82764321,3.967202266840062,285.5189939856713,71.96986056702664,both,177,1077.210007,-0.368075982,0.00014073,non-deregulated
Nmd3,chr3,69721871,69722735,2.9298110217379985,676.7356478705973,230.982695760749,both,114,2854.132448,-0.378842415,1.09679e-05,non-deregulated
Nol12,chr15,78934900,78935350,4.975656918699536,212.7859238609265,42.76539306020749,both,33,968.1302304,-0.354588924,0.001368488,non-deregulated
Nop56,chr2,130274053,130274815,4.871691327900825,256.3970144591896,52.62997944692631,both,377,3562.47662,-0.450156376,3.25775e-11,non-deregulated
Nop58,chr1,59684856,59685215,3.9318409839975272,64.48965157134445,16.401897186029487,both,115,4916.138601,-0.346815768,2.64704e-06,non-deregulated
Nprl3,chr11,32267338,32267732,3.604779600533802,262.5038166953154,72.82104477523212,both,25,672.9057552,0.305299936,0.009510191,non-deregulated
Nr1d2,chr14,18238224,18239412,2.3041341499903685,1645.831551993322,714.2950214075869,both,285,2514.704411,0.356678356,2.34042e-06,non-deregulated
Nr3c1,chr18,39491237,39491852,2.1926968468758923,385.6867192761548,175.8960523091338,both,551,4264.133694,0.253915357,0.000198767,non-deregulated
Nsun2,chr13,69533424,69535192,4.1284869500121575,235.9379839158505,57.14877793549905,both,322,3235.514196,-0.396882415,1.80431e-09,non-deregulated
Nubp1,chr16,10411849,10412188,6.840785692446824,163.53939231700107,23.90652180458909,both,99,646.5425681,-0.287524849,0.011382603,non-deregulated
Nudc,chr4,133545659,133546166,3.758994513995943,195.9334678473067,52.12390364438775,both,170,2096.508568,-0.214056825,0.017003085,non-deregulated
Nup93,chr8,94214505,94215014,5.115268056767493,366.8984068040433,71.72613492241861,both,92,2605.267268,0.264089478,0.000324736,non-deregulated
Nxt1,chr2,148672581,148672875,5.537259263955536,1078.9523654519433,194.85314196417,both,20,801.0433598,-0.239037552,0.027441909,non-deregulated
Ogfod1,chr8,94037247,94037528,2.421903756755369,700.4766632568948,289.22563966593174,both,49,1174.460688,0.24920833,0.009030141,non-deregulated
Opcml,chr9,28403242,28403710,3.891195218276666,241.8931357906346,62.16422518574237,both,521700,3757.292782,0.236921445,0.001639812,non-deregulated
P2ry1,chr3,61002583,61003400,4.845415815727205,402.2646014773048,83.0196244812753,both,212,586.7065331,0.470570125,3.43327e-05,non-deregulated
Pacsin2,chr15,83464171,83464553,2.8392593432425746,141.4958331809247,49.83547329612006,both,53,1620.412945,0.215818044,0.024699424,non-deregulated
Papola,chr12,105784340,105785306,23.8957754353526,168.15269590280013,7.036921499271652,both,354,10556.92814,-0.134738619,0.034220676,non-deregulated
Paqr8,chr1,20890434,20890811,3.108254357614795,502.6934220898872,161.72853449343924,both,172,3629.48546,0.341684178,0.000311019,non-deregulated
Pax6,chr2,105674671,105674893,11.174119503156373,1501.6902011887266,134.3900251616731,both,5771,1303.724665,-0.338891203,0.000100232,non-deregulated
Pcbp4,chr9,106453424,106454151,7.053717847109064,120.86331116901046,17.134696026797524,both,133,1533.398438,-0.225781037,0.007980821,non-deregulated
Pcgf6,chr19,47050305,47051048,2.4162629728340583,83.01660674750927,34.357438606998265,both,203,420.4255839,-0.467326899,0.001014045,non-deregulated
Pcmt1,chr10,7662740,7663629,6.0227691189546,488.51871616670434,81.11197798189859,both,17507,2592.095157,-0.309154921,3.15628e-05,non-deregulated
Pcnt,chr10,76442295,76443091,2.1974587769867795,711.1762989260428,323.63578619719493,both,179,981.4529926,0.365609978,6.01111e-05,non-deregulated
Pdap1,chr5,145139590,145140829,2.205103350961735,165.09222855416274,74.86824981793227,both,591,1329.531448,-0.365090049,0.000320143,non-deregulated
Pdcd6ip,chr9,113707882,113708376,2.4518358564093248,257.18893869466245,104.8964750321058,both,117,3842.760146,0.459372069,1.25778e-12,non-deregulated
Pde12,chr14,26668417,26670139,5.279092054761565,222.64802695468632,42.17543938334343,both,256,1981.134426,-0.313909324,3.50643e-05,non-deregulated
Pde4dip,chr3,97767843,97768145,2.543266681572927,1248.2352201764422,490.7999736010577,both,78019,1781.422934,0.193948657,0.025593697,non-deregulated
Pde6d,chr1,86582144,86582638,2.977754560069988,1252.0908938682371,420.48156374540434,both,9,1155.483661,-0.411203746,4.13322e-05,non-deregulated
Pdrg1,chr2,153015134,153015481,8.12471591845368,201.63220852713027,24.81713952227705,both,54,851.7991103,0.467038366,2.33377e-06,non-deregulated
Pdss2,chr10,43221048,43222034,3.012749975117636,393.1696567169964,130.50192016071452,both,438,390.99157,-0.319916542,0.026201235,non-deregulated
Pebp1,chr5,117287306,117287722,2.189935639619887,152.60888277585403,69.686469325803,both,97,6511.065437,-0.445816353,6.66972e-12,non-deregulated
Pfkfb3,chr2,11501301,11502211,2.5544837461170373,537.881587060546,210.56371483207013,both,29868,1201.154408,0.271081135,0.001780734,non-deregulated
Pgam1,chr19,41911691,41912573,2.372993180516915,178.37788403902346,75.1699943782253,both,180,3451.64905,-0.465770133,1.53843e-11,non-deregulated
Pgd,chr4,149166255,149166979,2.200461805814864,451.578034563567,205.2196649677093,both,208,2645.218936,-0.431462657,2.70741e-10,non-deregulated
Pgrmc2,chr3,41082420,41083669,3.451638914081671,613.193171510246,177.6527576533566,both,623,2312.90797,0.377825164,8.56084e-08,non-deregulated
Phf6,chrX,52912081,52912673,3.318994160392949,133.1727208528238,40.12442156181948,both,185,4932.475944,-0.494869908,5.71925e-13,non-deregulated
Pigk,chr3,152714056,152714603,3.304503000202778,144.88230494953524,43.84390177301841,both,44,1202.634121,-0.399318037,3.00887e-06,non-deregulated
Pigv,chr4,133672331,133672949,2.004723663090997,49.49385688603852,24.68861808600896,both,302,258.1355587,0.398833045,0.012524225,non-deregulated
Pinx1,chr14,63860244,63860637,3.1061724608141024,334.2753070379026,107.61646729373544,both,68,405.2505779,-0.339793306,0.01871179,non-deregulated
Pip5k1b,chr19,24555538,24556407,3.0751973395410466,298.4777402146352,97.05970292598558,both,535,646.1308574,0.360778494,0.00401208,non-deregulated
Pkd2,chr5,104459460,104460421,7.320930544751744,299.6569776122292,40.93154221044323,both,10,1449.956896,0.238271128,0.023664075,non-deregulated
Plcb1,chr2,134785987,134786804,4.117151204591355,227.8073559262324,55.3313066744274,both,80,783.4665874,0.365074252,0.000308322,non-deregulated
Plce1,chr19,38480873,38481570,8.286636374854874,190.6020687793426,23.001138237187423,both,236,1196.148266,-0.287868266,0.001871506,non-deregulated
Plcg1,chr2,160731006,160732126,5.729485963771538,135.82374857457583,23.706096748191943,both,294,2821.628049,0.38053979,9.95322e-07,non-deregulated
Plcxd2,chr16,46010395,46010642,2.140898637847421,622.5722796701192,290.7995122534564,both,424,226.8135612,0.439005429,0.009918093,non-deregulated
Plekhj1,chr10,80797686,80799049,2.473009991414012,263.5272996520929,106.56135663302108,both,423,367.4677051,-0.475413129,0.000747788,non-deregulated
Polr3f,chr2,144527315,144528079,4.085967134537534,531.8844177511693,130.17344492453194,both,403,2045.755466,-0.268552223,0.00024921,non-deregulated
Pou3f4,chrX,110814703,110814906,2.1373564701074304,174.84079842171877,81.80235766331047,both,423,4614.175295,0.263294928,2.78237e-05,non-deregulated
Ppm1d,chr11,85311035,85312038,3.626500818417364,628.9338542661422,173.42719214954275,both,209,1529.06072,0.389205814,8.70291e-06,non-deregulated
Ppp1r18,chr17,35865724,35866068,4.38536317629492,99.12316301286576,22.60318222870936,both,131,635.485614,0.395222286,0.000169384,non-deregulated
Ppp1r8,chr4,132843061,132843386,4.135949395961535,260.06927282202963,62.880187334005846,both,217,2527.331199,-0.379569759,1.09837e-05,non-deregulated
Ppp2r1b,chr9,50856807,50857475,3.1515520616861123,379.4159535806946,120.39019065980564,both,11506,4359.59559,-0.160856472,0.023759584,non-deregulated
Ppp2r3a,chr9,101251054,101251791,3.818700245252038,427.027180719114,111.82526862380888,both,4,3863.187432,-0.365630863,3.88387e-09,non-deregulated
Ppp2r5e,chr12,75595510,75596718,2.321078206746957,170.1346913605711,73.29985300194546,both,518,2442.886194,0.205485476,0.010769012,non-deregulated
Ppp3ca,chr3,136669471,136671682,2.4625263319039004,949.4492645894892,385.5590302887943,both,653,7425.638533,0.233167973,9.75578e-05,non-deregulated
Ppp3cc,chr14,70288971,70289603,2.321867301220315,365.9750995498721,157.62102311252875,both,154,373.6055116,-0.346262685,0.013159854,non-deregulated
Ppp3r1,chr11,17159070,17159983,8.671882741397454,537.1369951109738,61.94006666474083,both,193,5608.88868,-0.1992184,0.003958866,non-deregulated
Prdx3,chr19,60874354,60874605,2.1961320475477373,398.4206304863635,181.4192506918021,both,49,3026.047709,-0.393276351,2.07712e-08,non-deregulated
Prep,chr10,45066902,45067564,13.882554784197602,254.43463294979745,18.32765199957419,both,304,2957.426265,0.393746728,2.65563e-08,non-deregulated
Prkab1,chr5,116024167,116024726,3.630334909095328,273.659960708877,75.38146412422111,both,218,863.5211151,0.377628129,0.001444662,non-deregulated
Prkci,chr3,30995675,30996205,2.0674678322986657,1388.6400376729416,671.6622217667177,both,72,3964.055832,-0.360127689,2.46909e-08,non-deregulated
Prpf4b,chr13,34875440,34876142,4.903668660444577,217.05807149759744,44.264424562062175,both,54,5072.184395,-0.286546097,1.28144e-05,non-deregulated
Pspc1,chr14,56777592,56778439,3.8415077939137072,659.6955201200839,171.72827845495263,both,123,2453.510711,-0.287492498,2.80315e-05,non-deregulated
Ptar1,chr19,23687135,23687892,2.875048446276647,76.78248136721346,26.706500012774114,both,265,9462.097782,0.159644599,0.016524893,non-deregulated
Ptdss1,chr13,66932700,66933520,2.697795790820688,536.0652922228031,198.7049183065588,both,130,2002.664966,0.235099343,0.002138923,non-deregulated
Ptpn13,chr5,103424667,103425789,3.964513824493489,442.4493784130619,111.60243046184604,both,525,2188.639323,0.234141526,0.011808492,non-deregulated
Ptpro,chr6,137252334,137252899,4.701799326668708,253.70951988557445,53.96009107545883,both,15,1552.315403,-0.483397136,4.24752e-06,non-deregulated
Pum2,chr12,8673955,8674910,2.9403204508885783,166.6221863870094,56.66803641645775,both,179,14337.04863,-0.213292597,0.000177731,non-deregulated
Qdpr,chr5,45449899,45450647,2.8211720869546664,1904.8832175011544,675.2098627054664,both,411,1121.24213,-0.39232751,0.000387231,non-deregulated
Rab10,chr12,3309324,3310176,2.3057786025124334,771.5509145613067,334.61621758507334,both,207,9581.290009,0.291130189,8.19819e-07,non-deregulated
Rabepk,chr2,34799754,34799960,3.6488373375035823,377.5913482109686,103.48264756282737,both,48,468.2884742,-0.281531855,0.042909373,non-deregulated
Rbbp7,chrX,162760089,162761400,7.751674225359579,130.7028982737842,16.86124758006342,both,313,7810.287515,-0.376908238,1.87636e-11,non-deregulated
Rc3h1,chr1,160906209,160907096,3.661972194034068,289.7102299071801,79.11317032367529,both,209,4333.215039,0.198150455,0.010602528,non-deregulated
Rexo2,chr9,48480343,48480713,4.646996290707963,255.37482512968683,54.95481578935818,both,102,2180.893182,-0.309287288,0.002078995,non-deregulated
Rfx4,chr10,84754839,84755076,2.90719371110709,827.3050223645728,284.57168822421755,both,1223,10392.64132,-0.31620485,9.09361e-07,non-deregulated
Rhob,chr12,8498973,8500446,6.897529988784204,1238.7186230844952,179.58872597853517,both,461,1394.153512,0.217428009,0.02649807,non-deregulated
Rilpl2,chr5,124477856,124478432,2.256268303676125,84.40873124378588,37.41076852706711,both,66,238.4243955,-0.455303363,0.012866318,non-deregulated
Rnf114,chr2,167503283,167504249,7.47038307371004,132.07420275340235,17.679709520948293,both,10638,1429.08908,0.189550437,0.031461482,non-deregulated
Rnf14,chr18,38296566,38297185,4.230296102145699,279.8523264758107,66.15431159390083,both,69,4302.971943,0.184616583,0.015472018,non-deregulated
Rnf144a,chr12,26414462,26415348,2.973737439083551,519.3825995862235,174.65650893048823,both,92,1287.093944,-0.217910256,0.031620021,non-deregulated
Rnf157,chr11,116412291,116413429,6.239170717407512,213.9669362195276,34.294130728391856,both,397,1378.843646,0.273855728,0.005201412,non-deregulated
Rnf38,chr4,44233352,44234284,2.3150773495029986,171.25284620541922,73.97283993218794,both,495,2474.938732,0.366469745,5.12353e-07,non-deregulated
Rpap2,chr5,107597300,107597558,3.611054695081807,313.7214536486628,86.87806752856608,both,73,557.9879128,-0.482448446,1.27836e-05,non-deregulated
Rrm1,chr7,102441612,102442102,4.052462010096682,380.19461395156446,93.81818089949076,both,83,13231.34729,-0.461157018,1.28631e-12,non-deregulated
Rrm2b,chr15,37960656,37961398,3.007854598328074,760.8543299212614,252.95582118370515,both,80,953.5710225,-0.420307795,0.000178211,non-deregulated
Rrp8,chr7,105736118,105737315,3.7231266479598095,188.92112470540823,50.742599586004616,both,70,953.4218301,-0.227230079,0.029333124,non-deregulated
Rsf1,chr7,97579332,97580635,2.339266610119259,1001.169129269203,427.9841916856848,both,557,4701.621735,-0.195439527,0.001733337,non-deregulated
Rtn4,chr11,29692881,29693945,2.263509352402326,1560.950216853157,689.6150948952239,both,66,6038.442258,0.419360409,1.90521e-13,non-deregulated
Safb,chr17,56584148,56585552,2.487150299784877,325.2377248447526,130.767217756355,both,677,1311.677117,0.327107439,0.000333915,non-deregulated
Scaf8,chr17,3114402,3115694,2.296200075306923,527.5541749907651,229.7509614532389,both,570,2583.582014,0.312522466,3.86032e-06,non-deregulated
Scamp1,chr13,94284886,94285843,3.0498339567225656,113.90653528246423,37.3484382752664,both,14,1307.19358,0.244630535,0.017538151,non-deregulated
Scarb2,chr5,92505196,92505869,2.864445162569551,515.3880985252854,179.92597842681562,both,964,6950.982949,0.152736521,0.016029293,non-deregulated
Scly,chr1,91297895,91298794,3.992036417173037,639.2286280871807,160.12595109035874,both,443,284.1578516,-0.44914797,0.010683848,non-deregulated
Sdf2l1,chr16,17131581,17132606,10.009877058373206,357.14240826070704,35.67900046903767,both,223,440.36283,-0.319531329,0.036237507,non-deregulated
Sec23b,chr2,144555758,144556019,2.36562550334804,903.596306878652,381.9692954780051,both,471,2602.009784,-0.264233447,0.000203824,non-deregulated
Sec31a,chr5,100415936,100416571,2.190104000743957,209.00594888797784,95.4319743797466,both,337,3160.280444,0.263657923,0.000413878,non-deregulated
Sepsecs,chr5,52669413,52669812,3.550565133438296,125.20442089736106,35.26323731346835,both,104,843.1152069,-0.332745257,0.000749942,non-deregulated
Sept9,chr11,117332158,117332683,7.420651770397433,366.1896194124248,49.34736607277995,both,29642,19744.01599,0.292715494,1.68198e-06,non-deregulated
Serac1,chr17,6079433,6080058,4.835974859929219,365.87974064785095,75.65790791832323,both,317,407.4176974,-0.286455874,0.048365108,non-deregulated
Serbp1,chr6,67266766,67267745,2.108576285537988,321.1090533224103,152.28714062886354,both,28590,10324.08138,-0.371242096,8.85002e-08,non-deregulated
Set,chr2,30066086,30067546,2.60676926746618,168.4448993778833,64.61826195366127,both,5031,16623.60475,-0.444603631,3.77798e-16,non-deregulated
Sfxn5,chr6,85332553,85333522,7.401944266498279,1025.0197974508867,138.47980483860147,both,100,3500.868742,0.39541418,5.32862e-07,non-deregulated
Sike1,chr3,102995674,102996030,3.225063709263531,135.30538748455857,41.954330110103975,both,34,2249.478965,-0.206122131,0.010813088,non-deregulated
Slc10a7,chr8,78508509,78509789,2.9311849586699097,267.600059520886,91.29415690039411,both,837,956.0642585,-0.463665554,6.20008e-07,non-deregulated
Slc30a5,chr13,100832975,100833553,2.6754177023578243,408.1548499853341,152.55743042502505,both,126,2333.961667,-0.380808747,1.96657e-07,non-deregulated
Slc30a6,chr17,74395469,74395798,3.4526932089346163,218.5856014632883,63.308724012214334,both,139,480.124297,-0.261296581,0.038817786,non-deregulated
Slc35b4,chr6,34176681,34177168,2.279676702456028,551.2892455333258,241.82781924269784,both,57,1287.779598,0.224047017,0.014338892,non-deregulated
Slc35e4,chr11,3913417,3913970,3.7440450612595217,494.6479606101345,132.1159207532966,both,694,659.9845687,0.394740198,0.000765883,non-deregulated
Slu7,chr11,43433682,43433979,2.497951787390405,54.31905912936461,21.745439364989267,both,62,970.0360749,-0.251054772,0.013930432,non-deregulated
Slx4,chr16,4003534,4003987,2.3605681011684654,514.0461770023209,217.7637564228168,both,217,1064.237587,0.349065852,0.000885327,non-deregulated
Smarca2,chr19,26604478,26607883,4.571443227749795,1863.4937165748324,407.6379435848536,both,572,2261.169763,0.391812757,2.43356e-06,non-deregulated
Smc6,chr12,11265767,11266616,3.59156657424029,498.0857501739442,138.68203188724195,both,119,4056.276915,-0.37321188,3.82373e-09,non-deregulated
Smg6,chr11,74925445,74926404,5.966893477408001,344.26306043595514,57.69552644762512,both,378,1656.616509,0.379782662,6.27529e-07,non-deregulated
Smim4,chr14,31128722,31129151,3.2471175492633564,440.0938385757757,135.53369469966236,both,221,327.4503523,-0.322871643,0.028735828,non-deregulated
Snd1,chr6,28479815,28480665,2.3842520146100394,1254.6825503593002,526.2373871012591,both,4676,5139.319804,0.30584114,7.1397e-06,non-deregulated
Snrnp200,chr2,127208233,127208604,2.356320430123159,144.7507708455161,61.4308516766331,both,153,6438.516826,0.32030237,4.90262e-06,non-deregulated
Sntb2,chr8,106935415,106936740,3.121956108748481,248.3409001219796,79.54656999375102,both,335,2497.940359,0.292064239,0.001033488,non-deregulated
Snx21,chr2,164785608,164786389,3.9423118889279145,452.78482585961393,114.8526140540204,both,215,341.9412632,-0.49287573,0.000739608,non-deregulated
Snx30,chr4,59805711,59806548,2.9072908555971693,544.1154334175412,187.15548613583,both,129,551.5096936,0.265068765,0.032354874,non-deregulated
Sod2,chr17,13007717,13008525,4.756294305206863,740.3435373114668,155.65553555022652,both,122,4947.724243,-0.19879874,0.004134375,non-deregulated
Sox9,chr11,112781358,112783154,3.0954358439140104,789.938204202978,255.19450055994184,both,866,4554.740774,-0.241938869,0.005485337,non-deregulated
Spast,chr17,74338516,74339433,3.3471432078895584,325.3725827952535,97.2090414381784,both,471,3411.016139,-0.310041916,1.87279e-06,non-deregulated
Spred2,chr11,19924379,19925902,3.141521711098724,603.8159360993412,192.2049222089129,both,4,2642.158683,0.38971901,2.79111e-08,non-deregulated
Spryd4,chr10,128211740,128211946,3.0932057772991453,237.86464496625385,76.89906915082354,both,152,331.5909055,-0.468089727,0.001059426,non-deregulated
Srbd1,chr17,86144792,86145207,2.8623424381583176,697.8695850409949,243.81065512553303,both,32,1243.164013,-0.30035332,0.000435836,non-deregulated
Ssr3,chr3,65392275,65392745,4.628597527444529,576.584808598781,124.5700895746527,both,122,15691.98065,-0.462835229,2.04046e-15,non-deregulated
St3gal2,chr8,110919886,110920296,2.4476718658815075,1437.2364484250968,587.1850996283314,both,36,1067.089912,0.444813674,2.3745e-07,non-deregulated
Stambpl1,chr19,34192452,34192788,2.912674595920981,141.9018985113195,48.71876134397033,both,223,2210.25152,-0.1917284,0.034024465,non-deregulated
Stard3nl,chr13,19395455,19395957,3.643634672463689,502.66983969978446,137.95835337133235,both,162,677.9980911,-0.292438136,0.033135989,non-deregulated
Stard9,chr2,120730818,120731678,2.802523119295216,342.5565500994253,122.23148053300348,both,217,2059.542631,0.208560641,0.012520369,non-deregulated
Stk3,chr15,35155284,35155995,3.692409366383883,355.1237739737707,96.1767070593142,both,189,1792.083363,-0.307359717,0.000319413,non-deregulated
Stmn1,chr4,134468273,134469158,3.236890803959572,471.0169602161848,145.51524556837282,both,47,2790.7834,-0.319957689,7.67163e-05,non-deregulated
Stx17,chr4,48124848,48125340,2.5099329043122216,342.806796936244,136.58006409146654,both,67,1103.890654,0.303741144,0.002308524,non-deregulated
Sypl,chr12,32953804,32954798,3.581116781575568,690.8984046116949,192.92819719431864,both,87,2590.858906,-0.355421353,2.2188e-07,non-deregulated
Taf7,chr18,37643919,37644310,2.197564934262718,261.8082556858317,119.1356176119857,both,106,470.6270988,-0.499943474,2.30876e-05,non-deregulated
Taf8,chr17,47502082,47502388,2.158084315618187,664.1660856106797,307.7572460001074,both,101,643.4472723,-0.289149186,0.016782897,non-deregulated
Tanc1,chr2,59611853,59612747,7.492423413252888,464.45978758365374,61.990595294187365,both,189,4300.76756,-0.195646888,0.013962633,non-deregulated
Tars,chr15,11399424,11399731,2.199492382560411,682.6077630271232,310.3478640978538,both,73,2805.504994,-0.438277806,2.48233e-10,non-deregulated
Tasp1,chr2,140066396,140066950,4.479967274088095,256.08931800292737,57.16321176811605,both,145,374.1053074,-0.462415349,0.001699778,non-deregulated
Tbc1d24,chr17,24208765,24209322,8.060627449032198,359.243183631916,44.567645124828175,both,65,1083.623413,0.331175103,0.000165126,non-deregulated
Tbcc,chr17,46890516,46891181,2.057632956456591,262.4540397336597,127.55143666906784,both,105,243.4603873,-0.409072695,0.012526418,non-deregulated
Tbpl1,chr10,22730666,22732025,3.3510301112691985,382.1001093663773,114.0246720199292,both,87,1281.120556,-0.479901609,6.84494e-08,non-deregulated
Tdp1,chr12,99884434,99884855,3.438802383035396,245.02902808073304,71.25417537498868,both,83,1132.289925,-0.24779618,0.007529524,non-deregulated
Tdrd7,chr4,45972128,45972847,2.2947953324470425,273.43148310942064,119.15288446131206,both,6794,1946.527714,0.165407063,0.046807486,non-deregulated
Tfcp2,chr15,100551398,100552269,2.2521491276130234,784.4149906369067,348.2962033994088,both,261,537.8165813,0.340980976,0.00828112,non-deregulated
Tirap,chr9,35199770,35200100,6.554135510674205,341.85914926058905,52.159304412279845,both,191,522.5565653,-0.482627515,1.45292e-05,non-deregulated
Tmed4,chr11,6274673,6275009,6.239986722532811,720.5228214026557,115.46864655990731,both,139,2230.987627,-0.397720323,8.50481e-08,non-deregulated
Tmeff2,chr1,50927047,50928062,5.2997485886532045,1023.6831889695824,193.1569341159493,both,26400,2280.90343,-0.287996,8.84533e-05,non-deregulated
Tmem106b,chr6,13069762,13070109,4.228365031364653,182.03089215486463,43.049947392104976,both,3,7448.654504,-0.302548931,5.24179e-07,non-deregulated
Tmem126a,chr7,90456992,90457441,2.048147711501457,277.5787069703246,135.52670318237793,both,212,995.6151403,-0.390562034,9.32453e-06,non-deregulated
Tmem126b,chr7,90475939,90476408,2.892478698973444,326.1124097740391,112.74496503285508,both,407,490.7308089,-0.379434169,0.003378168,non-deregulated
Tmem165,chr5,76183795,76184524,13.95104696393239,218.7688709575607,15.68117945005442,both,85,1979.564068,-0.278986898,0.000821464,non-deregulated
Tmem177,chr1,119913153,119913411,2.085887582666502,79.79907866857253,38.25665358559787,both,203,356.1460926,-0.298443196,0.047844909,non-deregulated
Tmem201,chr4,149737666,149738240,8.067175973502973,202.60273221120323,25.11445552652646,both,196,1737.809298,0.446280083,9.30703e-07,non-deregulated
Tmem245,chr4,56946691,56947530,6.026335227052245,307.3887268444425,51.00757180990748,both,93,5261.268864,0.322643883,8.45312e-06,non-deregulated
Tmem30a,chr9,79793063,79793756,2.143057781542447,166.42315890496434,77.65686970193717,both,249,9741.474261,-0.446772316,3.24649e-13,non-deregulated
Tmf1,chr6,97178802,97179375,5.140463854141114,312.24908113727656,60.74336674612183,both,253,2606.938163,-0.411256392,2.16871e-08,non-deregulated
Tnip2,chr5,34513483,34514111,5.651672937194616,346.5970835260959,61.32645809085693,both,120,267.4705307,0.313870074,0.048294837,non-deregulated
Tnks2,chr19,36834155,36834907,10.570708484431076,638.7147539109909,60.42307900664495,both,77,11891.07363,-0.379713031,1.57802e-11,non-deregulated
Toe1,chr4,116807460,116807882,3.359549995231117,1210.8773164495994,360.42842588097824,both,242,316.5080965,-0.426675026,0.005886481,non-deregulated
Tpp2,chr1,43933652,43934550,3.3358156853572587,671.3819969922913,201.2647161350546,both,5,4537.502498,-0.172805397,0.016774772,non-deregulated
Trap1,chr16,4077466,4078059,4.922701606836783,153.0613046270781,31.092947907811915,both,232,2999.999113,-0.195091174,0.004236948,non-deregulated
Trappc2,chrX,166440306,166441072,6.428180158707737,140.98218869388907,21.931897553137475,both,268,811.1496153,-0.225104193,0.040273105,non-deregulated
Trim23,chr13,104178699,104179120,2.56133959364675,805.9298633158882,314.6517023025565,both,98,1731.359017,-0.425412417,2.82164e-07,non-deregulated
Trim59,chr3,69044369,69045276,3.797929724018047,293.82976722227244,77.36577255869103,both,521,3090.972199,-0.445470358,4.40732e-11,non-deregulated
Trip10,chr17,57249286,57249536,98.9212244862874,3261.9230959600595,32.97495671833533,both,165,373.9953381,0.489970039,0.00019297,non-deregulated
Trip11,chr12,101912587,101913308,3.4764997056536986,166.98080983257898,48.031302738505765,both,41,3530.69949,0.206544584,0.004727279,non-deregulated
Ttc3,chr16,94370269,94371633,2.531194624340763,314.1359786154332,124.10581770149275,both,349,21396.29893,-0.427039192,1.07186e-14,non-deregulated
Ttc39b,chr4,83323598,83324336,2.634057505610944,558.6011790680606,212.06871067854627,both,81,1232.465618,0.295091354,0.001195729,non-deregulated
Ttf2,chr3,100969403,100969705,3.135113282371877,393.6273397038789,125.55442315822133,both,42,1126.389556,-0.445619937,8.46028e-08,non-deregulated
Tubb2b,chr13,34130329,34130556,4.557599110837162,1222.0560517640788,268.135924649065,both,202,13926.73829,-0.285762855,9.48822e-07,non-deregulated
Txndc15,chr13,55714590,55715028,3.659609081172471,161.03541721013357,44.003447810480566,both,60,1356.306013,-0.31352981,0.000293846,non-deregulated
U2surp,chr9,95511289,95512305,2.15778922707013,436.7528473296866,202.4075576291177,both,309,6812.452298,-0.368293728,1.26119e-08,non-deregulated
Ube2e1,chr14,18331053,18331975,33.116069540940224,178.43045460861822,5.388032368636954,both,116,1148.257626,-0.390888845,1.24481e-05,non-deregulated
Ube2g1,chr11,72607025,72608501,2.786901802453061,297.8003673184077,106.85714403581804,both,258,2970.949737,-0.205156885,0.009427009,non-deregulated
Ube2r2,chr4,41135143,41136326,2.767800583327958,414.91056801922497,149.9062362073583,both,600,3273.996718,0.211553069,0.010518898,non-deregulated
Ube3a,chr7,59228599,59229618,5.008678544601105,550.4886215656201,109.90695782603102,both,151,9321.640451,-0.374352732,1.38317e-09,non-deregulated
Ubr5,chr15,38077944,38079117,2.1177831109846177,143.42366898987902,67.72349266832961,both,264,9591.909231,0.471105609,1.37415e-12,non-deregulated
Uchl5,chr1,143776714,143777655,4.267710578418204,263.8973529982217,61.83581293744464,both,558,946.644267,-0.444689593,1.56154e-06,non-deregulated
Uqcc1,chr2,155929944,155930265,2.704000777876011,212.7593025880191,78.68315139877336,both,45,763.5475544,-0.239720755,0.036508284,non-deregulated
Urgcp,chr11,5740728,5741332,3.937990733073688,233.22124226161387,59.22341063499142,both,21044,725.356486,0.257225787,0.033700624,non-deregulated
Uso1,chr5,92137626,92138420,2.9076674812437626,641.2685514574584,220.54397746442248,both,312,2834.052193,-0.293343803,1.41394e-05,non-deregulated
Utp6,chr11,79962139,79962682,2.3737813753670447,398.7612702380058,167.9856765142694,both,292,3407.703753,-0.322982151,7.2071e-05,non-deregulated
Vamp3,chr4,151057443,151058213,5.473446253042833,410.74429403152936,75.04308529624929,both,250,6766.187623,-0.36217733,6.41223e-07,non-deregulated
Vapa,chr17,65612617,65614037,2.243835921882249,579.7188878960151,258.360641365308,both,482,7598.007019,-0.200870279,0.004948922,non-deregulated
Vps13c,chr9,67840252,67840647,25.99061229289712,606.2320105862228,23.32503766184446,both,144,2163.988242,0.372908666,2.27059e-06,non-deregulated
Vps36,chr8,22192742,22193244,4.768185573463258,163.82269478712018,34.357449445519684,both,67,2772.252645,-0.220389765,0.001920444,non-deregulated
Wasl,chr6,24664466,24665433,2.0423350781545446,348.4142080661001,170.5960064011276,both,424,3252.522691,0.302390829,3.24588e-05,non-deregulated
Wipf1,chr2,73528866,73529809,6.433739555077285,227.9819982257902,35.435378798614046,both,75,649.4475409,-0.410503455,0.000360529,non-deregulated
Wipf2,chr11,98863489,98864070,54.86499463743044,251.5870325336334,4.585565608749621,both,149,934.8157426,0.496414753,1.72146e-07,non-deregulated
Wipi2,chr5,142629193,142630089,3.2216906264067515,152.70745886264203,47.39978991494949,both,1495,2278.523174,0.430228133,1.19762e-07,non-deregulated
Wrn,chr8,33385461,33386273,7.176050306200938,825.0077855107294,114.96683416472528,both,746,911.7296272,-0.342265033,0.000261107,non-deregulated
Wwp1,chr4,19708571,19709296,5.227576224372022,381.1741192852512,72.91603277024255,both,303,4952.781592,-0.198765109,0.002200818,non-deregulated
Yae1d1,chr13,17993052,17993423,4.413631411945791,258.0819239264342,58.473827974832254,both,72,2069.916257,-0.396693811,1.83678e-07,non-deregulated
Yap1,chr9,8003468,8004940,10.042949479454496,190.31223122347205,18.94983456929719,both,344,4562.068208,0.319600068,1.08223e-06,non-deregulated
Yars2,chr16,16302895,16303619,3.4140252479322792,435.2210299130534,127.48031965394723,both,70,862.3538099,-0.241162285,0.029915525,non-deregulated
Ythdc1,chr5,86804031,86804928,2.6103715487454258,259.5306172436454,99.42286467548222,both,190,1646.172409,0.167501381,0.043257425,non-deregulated
Ythdc2,chr18,44828213,44829021,6.152248236779198,275.1753221212486,44.727603882464166,both,467,1777.365994,-0.377525969,1.42483e-06,non-deregulated
Ywhah,chr5,33018415,33019443,2.619660371790055,270.5598180485036,103.2804942816407,both,401,5181.301237,-0.165707923,0.029218126,non-deregulated
Ywhaq,chr12,21416752,21417938,2.246844237077829,660.354782813045,293.90323188218883,both,301,13563.43144,-0.421131389,8.98108e-08,non-deregulated
Zfp148,chr16,33380612,33381449,5.281835178839031,338.92055633280006,64.16719660065125,both,163,7782.250433,-0.333057946,3.8607e-09,non-deregulated
Zfp180,chr7,24082063,24082312,5.686612021323325,287.83317893402494,50.61593403149801,both,139,1306.693634,-0.285948285,0.000573962,non-deregulated
Zfp219,chr14,52019651,52020333,2.01738722750511,625.6344706626746,310.121161734722,both,400,2262.413388,0.467910107,7.20616e-08,non-deregulated
Zfp397,chr18,23954400,23955097,2.2238731816901227,259.52695915748103,116.70043116408418,both,288,2520.395677,-0.235924691,0.001096749,non-deregulated
Zfp59,chr7,27838473,27838680,2.5257410467460355,110.88875174024751,43.90345236821003,both,134,244.0405045,-0.423441467,0.012107145,non-deregulated
Zfp60,chr7,27731313,27731629,3.2416536770339373,450.3850705521359,138.93682528240686,both,76,1518.983528,-0.251236908,0.001511793,non-deregulated
Zfp606,chr7,12478243,12478755,5.741514130002111,267.32393292362786,46.55983193122083,both,50,1649.363215,-0.194299598,0.036413222,non-deregulated
Zfp638,chr6,83867007,83867590,9.160561701375858,482.771782317894,52.70111135711085,both,102,7328.799692,-0.386436609,7.98388e-11,non-deregulated
Zfp655,chr5,145231440,145232275,5.544893140440505,176.37041283848245,31.807720793059502,both,275,1875.692564,-0.240390678,0.001774242,non-deregulated
Zfp668,chr7,127875449,127877185,2.503021160779105,224.8307821786233,89.82376405824756,both,357,969.095609,0.230874913,0.017927646,non-deregulated
Zfp68,chr5,138619444,138619770,2.068744612326772,259.3175665593952,125.35020756754206,both,9,1707.068341,-0.461915193,3.45381e-09,non-deregulated
Zfp715,chr7,43312665,43313231,2.395964924202404,669.344135335143,279.363077720331,both,63,871.6416755,-0.267898573,0.00608979,non-deregulated
Zfp746,chr6,48085916,48086847,2.872061794562543,146.89965636749184,51.14780491339213,both,254,1303.645062,0.405918238,3.6773e-06,non-deregulated
Zfp954,chr7,7121294,7121514,6.446993549497878,478.8151212125734,74.26952075202026,both,26,203.2325934,-0.378807917,0.033359359,non-deregulated
Zfyve19,chr2,119208582,119209036,2.498676893823511,1086.3633282119133,434.7754329090324,both,35,604.1992335,-0.344759825,0.0022107,non-deregulated
Zik1,chr7,10495183,10495395,11.913641505972343,551.0894095548605,46.257007924789214,both,1,945.5737751,-0.473209958,4.87347e-08,non-deregulated
Zranb2,chr3,157534040,157534824,4.345210299102519,183.021574415656,42.12030300431216,both,120,4412.516298,-0.322019294,5.5215e-07,non-deregulated
Zzz3,chr3,152395702,152396851,2.570705917686721,212.19369040857563,82.54296570784747,both,229,3655.236989,-0.185101311,0.007930385,non-deregulated
