gene,exo_peaks,endo_peaks,exo_signal,endo_signal,enrichment
Gm21057,24,17,2.3718846173403847,0.9253170116775982,2.3718846173403847
Azin2,37,32,3.753028589975463,1.955609554509182,1.919109354585556
4631405J19Rik,18,14,3.0899828827696996,1.97518981372394,1.564397943579901
Psapl1,7,3,0.9315802226705852,0.2942930364095476,0.9315802226705852
Calml4,17,10,1.3942041487110428,0.3746130845429656,1.3942041487110428
Gm17214,1,5,0.07775894101322584,0.2895226216404345,0.07775894101322584
Adamts17,218,154,17.921820192881732,8.71225059756701,2.0570827241684935
Gm15764,8,3,0.7341464455717466,0.46325994430764605,0.7341464455717466
Rapgef4os1,50,35,3.4665705674116816,1.627576588410067,2.129897045765493
Gm42968,3,2,0.2035099705769,0.06081939840578221,0.2035099705769
Prrt1,5,7,0.530936762107615,0.30640770366468517,0.530936762107615
Ifi30,11,11,0.9187544398348332,0.6401656512003844,0.9187544398348332
Gm15521,2,3,0.14205335219569992,0.10632552697800929,0.14205335219569992
Gm29480,14,8,1.5100962997866845,0.41525839009812804,1.5100962997866845
Arfgef3,74,60,5.614519065729951,2.719309710149459,2.064685403348692
Arhgap24,212,177,17.02804329886581,7.90460572796667,2.1541926169220833
Gm37932,2,4,0.07155056283359054,0.10987865921476228,0.07155056283359054
Gm42446,2,0,0.1010879045025325,0.0,0.1010879045025325
Enox1,324,263,25.599835007878657,12.460465967298287,2.054484565429882
4933413C19Rik,5,7,0.36654077657941764,0.2840157291327645,0.36654077657941764
Arhgef19,36,32,3.2219243377759144,1.7960971055376134,1.7938475196259047
4430402I18Rik,63,45,5.293525005360231,1.7480514850184743,3.028243190047853
Asap3,38,43,3.8055860769550467,2.5746812427016863,1.4780804760754527
Dach2,91,87,5.792740275099119,3.1350112781221022,1.8477573958103968
A930007I19Rik,24,28,1.956687371385141,1.2567046858324409,1.5569985482221957
Gm37720,1,0,0.04986497422959485,0.0,0.04986497422959485
Gm9987,9,3,0.6721305087752958,0.11732440370792319,0.6721305087752958
Gm44256,2,3,0.11417647409402325,0.16473796103953528,0.11417647409402325
1700003M07Rik,9,3,0.6976958861599862,0.2075313681424359,0.6976958861599862
Unc5d,251,151,21.09146653897953,7.580089068855074,2.782482678948952
Gm28884,8,6,0.7547387875959339,0.2766604711076794,0.7547387875959339
Zfpm1,54,46,3.4098412103688207,2.4363280604414217,1.3995821276019023
H2-T10,5,6,0.2514615154536729,0.30365995693315134,0.2514615154536729
Gm12786,12,7,0.6058781404115727,0.2773005341395348,0.6058781404115727
Ak5,128,130,10.050555101021882,6.70072192315682,1.4999212347983693
Camkk1,36,25,3.5173813251846004,1.6568747227321725,2.1229011927856973
Itga11,90,69,6.743913982099394,3.6630771581383588,1.8410515779380339
Gm43485,1,4,0.0929339576946859,0.13155197384402756,0.0929339576946859
Gm26711,7,7,0.5239823389757418,0.26421741782236885,0.5239823389757418
Gm43186,3,2,0.27576437523621766,0.07320725626274847,0.27576437523621766
Foxd2,9,8,0.6878879543356567,0.33459241729453815,0.6878879543356567
Ccr9,35,25,3.6250630720394987,1.9823498060190723,1.8286697236948815
Tbx2,21,22,1.707979689894053,1.3314924703898299,1.2827558006347541
Gm37382,1,4,0.0907187337819342,0.2960628581634625,0.0907187337819342
Cyp1b1,8,12,0.8421064685641624,0.952269462795581,0.8421064685641624
Gm44752,12,9,1.0501384413942663,0.38040474972908744,1.0501384413942663
Gm44109,7,5,0.706369526198098,0.268789573538756,0.706369526198098
Gm38340,6,2,0.3968955632534436,0.11406443095533647,0.3968955632534436
Gm42989,7,6,0.7102071303331545,0.4145491304693297,0.7102071303331545
Slc1a1,70,42,6.079712685219599,1.7833205667865744,3.409209089185148
Serpinb8,13,9,1.0047757598285523,0.34602802188491594,1.0047757598285523
Arhgap20os,27,25,2.3809858656935825,1.2369261961438376,1.9249215297698379
Gm43018,5,0,0.4415873181189483,0.0,0.4415873181189483
Ebf4,56,35,4.542837832109756,1.8177524272351264,2.49915101971262
Fam227a,29,29,2.4179676845742324,1.6250282002211311,1.4879542916517998
H2-DMa,9,7,0.8367863812861429,0.18588288368331435,0.8367863812861429
Thsd1,22,22,2.0738553284895924,0.9245252455918855,2.0738553284895924
9430062P05Rik,2,0,0.08181567940229661,0.0,0.08181567940229661
Kcnj4,24,23,1.6545249852996728,1.3344887191918535,1.2398193866349267
Gja5,107,98,8.172957979553308,4.373322307521994,1.8688213227495367
Gm42996,4,1,0.29135298987012437,0.02576253156359456,0.29135298987012437
Tmem151b,20,6,1.7752190864205406,0.22793082353088492,1.7752190864205406
Gm11149,42,33,4.137378151421212,2.470217631836706,1.67490430725527
Ifi35,17,19,1.5072601634895126,1.0089653926431903,1.4938670587510814
Gm44867,7,12,0.5765972073290343,0.7611346509921488,0.5765972073290343
Gm26811,23,18,1.3867301272556383,0.7267669898701133,1.3867301272556383
Gm43168,2,1,0.12717064366022734,0.02858377261667633,0.12717064366022734
Epha2,27,32,2.335691125771333,1.985001730913151,1.1766695662763258
Gm7041,2,1,0.12457015201737542,0.015554225111629683,0.12457015201737542
Gm42942,3,3,0.20449722672618376,0.07421766124293495,0.20449722672618376
Zfp811,12,10,0.8322227579609902,0.4915986082997111,0.8322227579609902
Phf11c,9,8,0.4358274863577932,0.31789073472299745,0.4358274863577932
Alpl,73,68,6.935570053652509,4.551062626425789,1.5239452020240403
Slc12a5,41,22,3.335453591180581,1.0276479814374022,3.2457160928931925
Cacna1a,174,139,13.071759491796541,7.063398998623336,1.8506330301239164
Tek,48,37,4.0677052917299275,1.7589046196838443,2.3126355154272553
Synpr,145,91,11.505684881555862,3.64050608615072,3.1604630260957394
Gm43187,6,1,0.3915061957073854,0.04908236871208339,0.3915061957073854
4930412M03Rik,5,6,1.03515179693264,0.4788191744363027,1.03515179693264
Dusp8,16,14,1.160480302477246,0.6679934205680984,1.160480302477246
Sh3yl1,14,15,1.0896979585211801,0.6001140399408902,1.0896979585211801
Gm37459,22,14,1.5515280308453172,0.5651753108791266,1.5515280308453172
Gp5,9,7,0.8571400581292775,0.38954369639413744,0.8571400581292775
Gcnt2,78,65,5.995789817895045,3.4585928821589786,1.7335922504276526
2610203C22Rik,62,61,6.905876032588173,4.822309410061183,1.4320682157349491
Als2cl,33,26,2.982827254593721,1.4618571758892724,2.0404368523752785
Gm37058,5,4,0.4599510549780549,0.1042339163745421,0.4599510549780549
Inf2,43,31,4.166162899677593,2.074550604335707,2.0082242828738526
Lipg,29,26,3.3808821706420398,2.55129059630568,1.3251654576462695
Gm13543,3,4,0.15723086333944722,0.22359343467852497,0.15723086333944722
Gm19445,4,6,0.6541166144835888,0.2973649534416776,0.6541166144835888
4933426K07Rik,6,9,0.954173248392467,0.6229298531680857,0.954173248392467
Pbx4,21,27,1.477845512462112,1.246074947871764,1.1860005010021273
Gm19265,32,30,1.9599538215566643,1.143082691217025,1.7146212051115282
Efna4,15,6,0.8471655548249736,0.2112648478261582,0.8471655548249736
B230311B06Rik,12,11,0.8275949648047032,0.7174461203705113,0.8275949648047032
Gm16072,5,3,0.4800240950679402,0.24172356645338172,0.4800240950679402
Sult6b1,18,15,1.4980984237381083,0.6805844903770957,1.4980984237381083
H2afy3,3,2,0.2927495176092052,0.08354213495167394,0.2927495176092052
Gm17396,6,6,0.349183727252783,0.2971950205766635,0.349183727252783
Slco1c1,29,28,2.2041224953100267,1.2584150056500176,1.7515068442556567
Nox4,35,28,2.124529356165715,1.0263918958287144,2.0699007511651857
BC034090,54,45,6.155636870982313,3.829057526667392,1.6076114887570916
Scn7a,22,17,1.3763450995584317,0.5341902050771228,1.3763450995584317
Pgbd5,51,48,3.7033708994285313,2.8211074552164934,1.312736561161699
Cyp4v3,10,14,0.9064323883210839,0.8190154565938387,0.9064323883210839
Tbc1d2,38,32,3.1753091578037322,1.4591504343782182,2.176135566965591
Bsn,83,65,6.563332092937158,2.85842067667922,2.296139314442034
1700030J22Rik,10,8,1.8720424208283877,0.5811172065415994,1.8720424208283877
Gm43188,2,2,0.12822441702000353,0.07880794681246535,0.12822441702000353
Bcam,21,10,2.0500968591851088,0.5827444948643892,2.0500968591851088
Cux2,133,138,9.055961507245506,6.85407329966332,1.321252503630264
Gm3693,9,9,0.6292994280425549,0.36304463164506373,0.6292994280425549
Mcf2l,139,122,12.008049171584975,5.505143608431754,2.1812417669165396
Camk2n2,7,3,0.4520513583078962,0.2718221563097535,0.4520513583078962
Foxo6,24,21,1.5717219806655318,0.7701539217828224,1.5717219806655318
Iqub,34,20,2.5083275569972194,0.6479149098731667,2.5083275569972194
Rimbp2,138,47,9.451386939822703,2.0098223008904146,4.702598302166037
Dusp15,13,11,1.1725144640767318,0.5657347724617418,1.1725144640767318
Rab3c,132,90,11.504910776011325,4.7870616807805515,2.4033345595278393
Klhdc8b,24,19,2.4032211581520433,1.3756209365813117,1.747008274041336
Lmo2,13,11,0.8177317187320763,0.4285565432962359,0.8177317187320763
Vamp2,6,2,0.2868650330994538,0.09260641793913948,0.2868650330994538
Car12,49,46,4.037589962529443,2.210026314294013,1.8269420306966981
Gm12981,8,14,0.5041255052403653,0.6307430303770223,0.5041255052403653
Col4a6,87,67,5.136680157860079,2.875042676700314,1.7866448381752182
Iglon5,10,6,0.5925467291386671,0.18602814881442592,0.5925467291386671
Snta1,27,25,2.22571846679324,1.4758327046819186,1.5081102754617042
Gm42481,2,1,0.09522595141024359,0.0205072609690603,0.09522595141024359
Slc26a11,22,22,2.0985987688543557,1.5155393889936004,1.3847207034638263
Stard10,37,31,3.8335641298236123,1.700176791767924,2.254803234807888
Sertm1,19,10,1.4223814643672144,0.5469486633806767,1.4223814643672144
Abca9,29,34,2.3575109472700557,1.4943649140561062,1.5776005747291941
Gm37956,3,0,0.1209311079620567,0.0,0.1209311079620567
Them5,3,5,0.24120182938304277,0.25770400509068503,0.24120182938304277
Sik1,27,21,2.0887954655841585,1.3824499157460675,1.5109375332826414
Ttll8,44,35,3.8098260620122777,1.3096706453961828,2.9089955367059352
Fndc5,14,17,1.5304240503320397,0.7427821605384821,1.5304240503320397
Pou4f1,3,2,0.18515273513520003,0.05615950595974443,0.18515273513520003
Ints1,26,26,1.393601929800482,1.2016093805987813,1.159779502641722
Trim25,19,21,1.3785837119112818,0.9601645832727387,1.3785837119112818
D330050G23Rik,14,10,1.2709403609540162,0.7882516539757741,1.2709403609540162
Dnah1,41,38,3.013469693485894,1.6846565872098804,1.788773876150502
Adam23,68,60,4.655982305118298,2.3257849622436404,2.0018971576059896
Gm973,86,85,6.390246776846099,3.7882293495816484,1.6868690322437323
Sec14l5,33,19,2.150517568487221,0.8719906760176651,2.150517568487221
Nipal3,31,34,2.0515220241417196,1.6285786243436142,1.2597009401179935
Slc41a3,49,37,4.865557082647399,2.2959752070684005,2.1191679542828994
St6galnac5,91,66,6.220045047022726,2.571845766344473,2.4185140214934697
Sez6l,181,134,18.173983806287062,9.003257488395489,2.0186009152478355
Camk2a,73,67,7.345264148741445,3.987219765525519,1.8422019805003984
Gm7985,1,2,0.030581979805585312,0.08536070503104082,0.030581979805585312
Smad7,38,34,3.864417875267329,2.420640887930604,1.5964441047556641
Lif,27,22,2.6026020646082384,1.316322398503872,1.9771767673074228
Pacsin3,21,19,2.293380856890736,1.4239675910697562,1.6105569194646017
1700123O21Rik,6,8,0.3377687808040163,0.30355908314291813,0.3377687808040163
Tubb4a,9,4,0.779043453913357,0.3124237095377121,0.779043453913357
Dchs2,90,61,6.68681187211112,2.413272769004321,2.77084793646016
Spata3,10,9,0.7478488080870486,0.41424013169962215,0.7478488080870486
Gm44699,29,18,2.1524543239481226,1.2063896432029666,1.784211540670519
Slc4a8,67,45,3.9381742027475233,2.607764672419124,1.5101723880223552
Gpr55,13,15,1.0569691600031648,0.7012380035466828,1.0569691600031648
Tmem51,66,42,5.796583808050975,2.038125008459886,2.844076680277417
4933407L21Rik,22,15,2.4786096896243346,0.9906430698605908,2.4786096896243346
Gm38228,3,1,0.28602555583503597,0.020273132801927406,0.28602555583503597
Atp7b,62,68,5.217080467207296,3.948937465963367,1.321135245157537
Pmepa1,51,38,4.834452312223177,1.7620357823462836,2.7436743116452145
Kcnt1,50,32,3.9929994812606413,1.1206432888723201,3.5631315699741646
Myl9,13,11,1.0429822360328718,0.5297326156973526,1.0429822360328718
Sfmbt2,92,49,6.22910089583049,2.125313854657325,2.9309087136378915
Cxxc4,22,11,1.5617735321826982,0.4442289669946627,1.5617735321826982
Insm1,5,6,0.5336590594326633,0.5366570233112107,0.5336590594326633
5730408A14Rik,2,1,0.13457132643938147,0.07895860732166655,0.13457132643938147
Phkg1,23,25,2.6778113186089496,1.5708956933487246,1.7046397987765696
Gbp5,20,14,1.864158692146684,1.342259267845966,1.388821620981059
Gm30524,48,40,4.2326719338653715,1.7237744390825378,2.455467396371285
Klf8,54,46,3.813479785517768,1.6659050250216114,2.2891339711687926
Hcn2,17,18,1.522932919808319,0.9040482492287449,1.522932919808319
Sytl2,81,54,7.230329991535084,2.731890131031032,2.6466401080362307
Gm5493,11,6,0.8390329784456477,0.3380585785094592,0.8390329784456477
Stk36,29,18,1.9981807716531776,0.8457658809633255,1.9981807716531776
Gm17201,9,8,0.3647471177237132,0.2761330783867989,0.3647471177237132
Ghr,109,91,9.643188926095963,4.527468098683159,2.129929734656936
Trim46,20,21,1.8437723093050749,1.1296821430722244,1.632116007685886
Glb1l,15,7,1.2249787037958901,0.33845729015078296,1.2249787037958901
Npy2r,8,6,0.8328384837434617,0.26862899718589645,0.8328384837434617
Ntng2,64,46,5.017444170181754,2.1835662602485173,2.2978208912289686
Serpinf1,17,14,1.6801997193896052,0.5749728011816144,1.6801997193896052
Myh15,66,55,4.922326077269677,2.975156282878791,1.654476474259962
Gm10848,20,12,1.3684426496164042,0.5463758560654512,1.3684426496164042
Impg2,28,29,1.7108452462243822,1.437760896288626,1.189937249399872
Ttll9,41,26,3.1312806476653954,1.3152664406965184,2.380719640354528
Gbx2,11,8,1.0442892775818309,0.6718400360201775,1.0442892775818309
Cast,32,22,2.5766451246574773,0.8309557523231611,2.5766451246574773
Sertad4,20,11,2.2650221615263253,0.8897932468774452,2.2650221615263253
Fgfbp3,9,5,0.8213189285531518,0.4312037846482225,0.8213189285531518
Slitrk5,9,10,0.6237655666818522,0.4589878811214101,0.6237655666818522
Man1c1,144,156,16.032822141101633,11.877241386594534,1.3498776036662328
Olfr277-ps1,1,0,0.035341446577199336,0.0,0.035341446577199336
Ahnak,83,74,9.886018275238861,4.554949293609497,2.17039041227281
Relb,21,25,2.293313834780806,1.9632212865788343,1.168138227951471
Fam131b,12,9,1.1839245450408615,0.4025012539703402,1.1839245450408615
Fhod3,202,154,15.226874028457852,6.658781630730916,2.2867357533072368
Clcn2,25,17,1.6746884154846957,0.9021726213963687,1.6746884154846957
Gm13854,2,2,0.0687256504384903,0.1069758121135578,0.0687256504384903
Gm38056,7,5,0.48779436996364733,0.21024482214032086,0.48779436996364733
Sdk2,290,223,28.388547105282694,14.113049521520566,2.0115104862343074
Tcf7l1,190,171,18.538240847692027,10.480158841825116,1.7688893009625033
Tshr,53,43,3.9807498896641,2.1027613375996994,1.8931058976993191
Trim7,25,24,2.1252499808331335,1.2219932002331588,1.7391667813107565
Eln,45,32,3.7137323386366865,1.781815930538158,2.0842401703721642
Rasl10b,16,7,1.2775300845040785,0.2510462653517682,1.2775300845040785
Gm12296,78,46,6.283089147274962,1.7556063830119804,3.578871213999275
Epb41l1,127,75,10.565597302208117,4.11048132659064,2.570403916898839
Grin3b,16,14,1.5834346441575078,0.8647543853486994,1.5834346441575078
Gm4876,79,66,6.906587379650649,3.560280929360277,1.9398995519411575
Col5a2,39,27,2.356204939150103,0.9947359290585264,2.356204939150103
Txlnb,29,18,2.671082556595871,0.9978575369252618,2.671082556595871
Slc2a13,165,173,13.174442801647233,9.916811648922982,1.3284958178143926
Gm13067,17,15,1.8081474536473299,1.1277250406311048,1.6033584326862536
Gm37006,2,4,0.1555176054249882,0.1342470875039644,0.1555176054249882
Pcdhga2,127,84,9.53507191650463,4.317021201382223,2.2087155637437434
Gm44021,3,2,0.220429330465136,0.05400056589117709,0.220429330465136
Gprin1,19,14,1.435963033731495,0.5193237825597807,1.435963033731495
Kcnh2,28,29,2.1139897935506706,1.4717846121302154,1.4363445412647353
Cep126,16,19,0.9623103001194675,0.6565020207987338,0.9623103001194675
Igfbp4,23,14,2.0121940098658584,0.7130960753523975,2.0121940098658584
Pdlim7,26,21,2.268547616347689,1.4205559672518935,1.5969434986333273
Tmem108,212,194,21.86733031930428,11.766196104147996,1.8584876646408504
Col27a1,126,93,11.086610129982434,5.900955358275414,1.878782240647649
Flrt1,30,23,2.4869282511733086,1.3709759037215847,1.8139839251896506
Nrxn2,179,152,17.199481179650636,10.245136013265494,1.6787948112529296
Irf1,17,9,1.564246894913145,0.8030172655204713,1.564246894913145
9930014A18Rik,17,7,1.673260351791364,0.7373688333886439,1.673260351791364
Naaladl2,339,286,20.7841717060428,10.394259777141219,1.9995817067946293
Lama5,62,49,5.305349882778134,2.7150774935419792,1.9540325811684258
2900035J10Rik,2,4,0.16589831901289842,0.17037970803561678,0.16589831901289842
Acot11,62,54,7.028969168917444,3.723068457210496,1.8879505573700595
Gm26775,8,6,0.29724267931147563,0.19737865508715086,0.29724267931147563
Prdm8,22,13,1.7145881772602347,0.4796504321854939,1.7145881772602347
Greb1l,106,59,8.324736340505336,2.221988138830024,3.7465260030094854
Tcirg1,16,17,1.63997005035854,1.4726156934452783,1.1136442845598946
Mmp2,34,28,2.930446306548185,1.6178934268401255,1.811272768609722
Add2,85,56,5.909666928131027,3.197133819349113,1.848426516389653
Dsc1,20,13,1.336983019677615,0.5163232912460756,1.336983019677615
Pnpla7,48,37,4.204831935473852,1.974731433001392,2.1293183798076947
Slc16a9,37,31,3.115892393585902,1.585641955109117,1.9650668194961327
Ppm1h,192,165,17.79785054576002,10.365846429032764,1.716970308947625
A630081D01Rik,0,2,0.0,0.044194678328945046,0.0
Celsr3,36,30,4.089225508677725,1.516414492350866,2.6966410102941465
Gm42528,3,2,0.22895292260673833,0.06508749071630214,0.22895292260673833
Vstm2b,28,12,2.2841717987522934,0.3945448626203995,2.2841717987522934
Dagla,74,68,8.768982313817729,5.642944906620618,1.5539726966906002
Slc26a6,14,13,1.5440429908295903,0.5157890178005855,1.5440429908295903
Otud1,8,5,1.5114670890476387,0.7270803079580019,1.5114670890476387
Bcan,26,23,2.3120373505355367,1.3751304553783432,1.6813221912821499
Mpp2,37,27,2.6586963131675536,1.7024818118738678,1.5616591581916583
Atn1,19,23,1.8199692145485973,1.7134517394795805,1.0621654363614401
Gm43019,6,1,0.5023864552472692,0.06429067911921514,0.5023864552472692
Gm18301,2,5,0.15113964488747225,0.1828834370995701,0.15113964488747225
Tm4sf1,11,9,1.3266919391441936,0.693389477259807,1.3266919391441936
Slc5a12,15,19,1.0046855406282251,0.7650869414064868,1.0046855406282251
Cpxm1,16,6,1.1660636772636406,0.36776240121134485,1.1660636772636406
Gm38273,3,0,0.12264578334950725,0.0,0.12264578334950725
Rgs17,51,35,4.513472360296168,1.479813109894383,3.050028635452691
Gm43307,1,2,0.02159971608150582,0.09228825708733607,0.02159971608150582
Ogn,4,4,0.35340756129867607,0.15347305160274938,0.35340756129867607
Itga5,24,27,2.346136992600188,1.7842839035825588,1.3148899611152223
Mpeg1,7,8,0.6291664239428005,0.4007328271823333,0.6291664239428005
Gm37795,11,8,0.7057485626571521,0.36159322332956934,0.7057485626571521
Slc22a15,39,46,3.5011581817358826,2.441246938107982,1.4341679766526831
Csrnp1,16,14,1.5113919198871346,0.7546932250469824,1.5113919198871346
Prr5,53,33,4.874378942013888,1.7752929496365482,2.7456758294521526
Gm807,11,8,0.4607510953986438,0.22563540818220768,0.4607510953986438
Rhod,19,13,1.3493210323101408,0.67579072629604,1.3493210323101408
Synpo2,129,87,12.905584166980514,5.231397850341557,2.466947560896733
Chga,8,6,0.5919396981984297,0.2191697490660239,0.5919396981984297
Fam189a2,64,43,6.9149017128310195,2.9610893356787886,2.33525602537955
S100a11,4,7,0.36045879531286157,0.4343325191283463,0.36045879531286157
Lgals9,22,14,1.8860849260601946,0.7287003120079232,1.8860849260601946
Myof,95,75,7.488392433267368,4.1768656193948654,1.7928257970512034
Ecm1,17,15,1.4530612718573561,1.1487142914918225,1.264945759463201
Il34,60,48,5.4506983435153025,2.985476211628411,1.825738326865532
A930004D18Rik,16,26,1.644035679651441,1.3466221124388316,1.220858965900962
Zbp1,3,1,0.1661640420619363,0.018139127403073073,0.1661640420619363
Srpx2,13,10,0.7674313950591405,0.4022171080505208,0.7674313950591405
Gm37536,5,3,0.3520648421302123,0.1604717056317973,0.3520648421302123
Casq2,51,32,5.988846018746571,2.544659640565704,2.3534958951976734
Il6ra,43,37,3.9532756358501686,2.0566505412328864,1.9221912311268619
Syt13,29,20,1.9480079254785192,0.8082950905201284,1.9480079254785192
Onecut2,42,26,3.4348217013568045,1.5908993761577974,2.159043967728675
Cd200,14,11,1.2453196023548183,0.48865407163314056,1.2453196023548183
Slc36a1,30,24,2.428574883041449,1.5477730633608724,1.5690768501733594
Tmem104,65,58,8.247394549033883,4.606164098666639,1.790512533285838
Sv2a,14,12,1.5058276295180604,0.5503368229092213,1.5058276295180604
Nyap2,91,73,6.4203915674754555,3.154114145896544,2.0355609437370203
Olfr1310,2,3,0.08371500343830067,0.09588016070339705,0.08371500343830067
Kazn,119,88,9.739612560035548,4.069696200556056,2.393203836371077
4933432K03Rik,92,54,6.633059727613864,2.540373461575984,2.6110569284166902
Gm43164,4,3,0.3563792556877284,0.09605401962846769,0.3563792556877284
Meis3,8,8,0.7034298042812617,0.5147942306789621,0.7034298042812617
Robo3,16,17,1.4765815136118148,0.974287214411788,1.4765815136118148
Ulbp1,7,3,0.40410393518478577,0.11574801809610169,0.40410393518478577
Reln,235,193,19.021669473139255,9.286163561392309,2.048388373453037
Parm1,54,29,3.7185592618359444,0.9417624739002424,3.7185592618359444
Nfasc,166,119,12.81877938975681,5.733809568233847,2.2356479121271735
Cntnap5a,248,159,14.957347830853738,5.644471764427589,2.649911002322212
Pml,35,23,3.2460019833591924,1.476356341384008,2.1986575275696874
Atp1b2,14,12,1.8034316869866027,1.0505339866739691,1.716680954508037
Abca7,20,14,1.6649612003279228,0.6601701213618866,1.6649612003279228
Orai2,17,11,1.126558206733215,0.3740865960123791,1.126558206733215
Dyrk1b,9,8,0.6737185604432963,0.3002571355954799,0.6737185604432963
Apba1,174,142,18.596547608857303,9.555742419256358,1.9461122739539598
Il1r1,55,41,4.396485517072245,1.6096256367593647,2.7313714547462253
Cacnb1,24,24,2.1461136221470856,1.167221864369138,1.8386509777273752
Pdlim2,21,14,1.6932445336876085,0.7457661908790952,1.6932445336876085
Ttbk1,46,37,3.6137897321072345,2.073872298615321,1.7425324281153098
Slc8a3,77,53,5.109037535656846,2.317306118421247,2.204731388331884
Ttll11,158,125,12.430210582840935,5.893651352626667,2.1090848167157144
Npy1r,9,7,0.7929711532899367,0.2677379276608287,0.7929711532899367
March9,6,9,0.40844355955320377,0.4688420157326849,0.40844355955320377
St3gal1,12,9,0.9820038986985792,0.5210448226810255,0.9820038986985792
March1,237,167,15.190005335148474,6.322080803421716,2.4026907923934075
Gpr68,34,36,3.6915078984209253,2.345990898784452,1.5735388830083001
Slc25a42,45,38,3.6685851300587506,2.01409927191887,1.8214519915712104
Rhpn1,22,11,2.0328794079064103,0.535725757653702,2.0328794079064103
Cyp4f17,16,11,1.2175249761480023,0.7201845410399951,1.2175249761480023
Nell2,121,75,7.876052308573118,3.192537299803521,2.467019667728811
Zdhhc1,16,13,1.3455710990096525,0.7182592044924807,1.3455710990096525
Oasl1,16,11,1.3640377552586633,0.5515970007636135,1.3640377552586633
Cacnb3,19,22,1.3819281868594344,0.980694241288582,1.3819281868594344
Nptxr,20,10,1.4985098665827572,0.41363343812442294,1.4985098665827572
Galnt18,221,136,18.37032332362454,7.49749622361545,2.450194408336225
Ccdc92,35,28,3.330298160125465,2.178712855966339,1.5285622201225573
Usp35,32,23,1.896405726442326,1.185233328366151,1.6000273372809464
Adamts8,28,24,2.8434598534061872,1.5763737445492236,1.803798029013289
Unc5a,64,34,4.95170910968155,1.772429361813924,2.7937413001406814
Tes,35,33,3.130619844231297,1.5947623405371205,1.9630635641777792
Cd226,21,18,1.9636598194183894,0.7728919973380857,1.9636598194183894
Trex1,8,9,1.3203426769458266,1.015399064267708,1.3003189813829894
Gal3st3,12,16,0.8278899148713884,0.7173445289265981,0.8278899148713884
Itpk1,145,145,14.122049641373465,7.858952728511852,1.796937852818409
Lmtk3,27,31,2.1180418444532405,1.5868530126851323,1.3347435632171611
Kcnn2,186,153,15.616221523784137,7.563804047155547,2.0645989010855974
Sarm1,27,15,2.25525086171947,0.770064733591933,2.25525086171947
Capn5,64,50,4.170189515235944,2.4360015636339063,1.711899358970469
Gramd1b,188,155,16.14898872987791,8.315521780441621,1.942029514956098
Dab2,79,48,6.397198437112767,2.4140952253759713,2.649936245210239
Micall1,27,28,2.2330999129866456,1.5985552463094783,1.3969488499957168
Prelp,28,20,2.6251392288975155,1.2256860795692208,2.1417712680722834
Fam181a,14,18,1.4968919209334066,1.020237082400193,1.4672000721752274
F830016B08Rik,3,4,0.15364905985826366,0.10361433915733542,0.15364905985826366
Gm13387,27,23,1.5156837919984252,0.8707814688914328,1.5156837919984252
Espn,42,41,4.437307301247623,2.8572927296106276,1.552976093510835
Fam189a1,251,206,20.521524044696523,10.519039115565118,1.9508934056848062
Pcdhga1,131,89,9.79820279187866,4.592113293091411,2.133702321024948
Olfr1314,1,0,0.0929339576946859,0.0,0.0929339576946859
Slc25a35,16,10,1.2956321904802302,0.4369662221386325,1.2956321904802302
Rhbdl3,63,62,6.252065332123895,4.416559433993497,1.4155963313892768
Sorcs2,419,292,41.25345150509715,17.51011738012648,2.3559780102855696
Plekhm3,126,110,8.96880888164273,5.509117777665452,1.6279936722360941
AW011738,9,8,1.1036370514016227,0.49547300790586324,1.1036370514016227
Cebpa,10,9,1.613837407338267,1.1539235014364002,1.3985653341225546
Slc4a3,23,16,2.2208158871062036,1.4348249638286497,1.5477956845553036
Apol9b,3,2,0.17899920053613744,0.07754305285673173,0.17899920053613744
Tpbg,10,9,0.6431130401649054,0.3600094328596096,0.6431130401649054
Gm43789,3,3,0.2720742715167939,0.17171712169629888,0.2720742715167939
Pcsk1n,15,6,1.288869763836005,0.5007528771448418,1.288869763836005
Gm26840,9,12,0.9162562490884301,0.875482928983752,0.9162562490884301
Ryr2,231,148,15.488283513300217,5.993877096674865,2.5840175338083635
Ppp4r4,38,24,2.888226351777191,0.7637449489619799,2.888226351777191
Sncaip,136,121,13.612684516185979,7.801149784481532,1.7449587422696415
Mgat5b,54,39,3.8835674081826506,1.975218980774087,1.966145245658121
Oas1a,5,3,0.2967462902143769,0.07783583470146843,0.2967462902143769
Cd80,18,21,1.1785807120619047,0.9398914077160555,1.1785807120619047
Fstl4,250,118,17.557942353828334,4.545345171610246,3.862840266454002
Lor,3,2,0.16701809928596673,0.08664260682959216,0.16701809928596673
Syn1,22,18,1.536490268602948,0.7730089730787721,1.536490268602948
Fam129b,74,66,7.817557732103962,4.414812621356724,1.7707564063503867
Caskin1,25,30,2.900606334350696,1.9809678987480075,1.4642369198329308
Zfyve28,95,74,7.208138781305935,3.434459006184728,2.0987697824681018
Shank2,265,195,20.513042111054684,8.99079970618202,2.281559236265717
Ston2,144,151,13.384708203857507,9.835497626499667,1.360857245066609
Gm37925,5,10,0.9003134004389324,0.7701128319951306,0.9003134004389324
Ppp1r13l,21,18,1.598938804498986,0.8935777955798017,1.598938804498986
Lin7a,59,37,3.9295905817476444,1.5926455407058102,2.4673353117895735
Mgmt,169,94,11.707812742401288,4.213910403461686,2.7783724904980027
Ism1,39,19,2.6880118410478757,0.8738756709879103,2.6880118410478757
Gm43196,1,2,0.09825509598192178,0.049611316043248574,0.09825509598192178
9230114K14Rik,61,36,4.628432506914269,1.7189455258092285,2.692599874411576
Gm19032,2,2,0.05975226922305757,0.08031272313018158,0.05975226922305757
Ssc5d,15,12,1.2900301076302374,0.6319980350233287,1.2900301076302374
Gdpd5,103,88,10.147065521386768,6.119934916208536,1.6580348746050304
Rfx1,38,30,3.3699151990874467,1.8578237304238279,1.8139047014533847
Jak3,16,12,0.9870598074034262,0.6335470566320939,0.9870598074034262
Mapre3,45,29,3.4471596891040357,1.5513154861413003,2.222088105159323
Gm38062,3,2,0.09306474294209736,0.15396137964975543,0.09306474294209736
Olfml2a,34,32,3.8983774751979263,2.013429541901477,1.936187680804718
Olfr1312,1,1,0.12121809474095017,0.020273132801927406,0.12121809474095017
4930594M22Rik,16,6,1.165447225980264,0.20094662084492154,1.165447225980264
3930402G23Rik,17,13,1.9776194292915714,1.3595534272548984,1.4546095722656684
Tox2,141,123,14.672012413975787,8.3732481505631,1.7522486077268709
2900092N22Rik,1,1,0.04176736303658945,0.0397255131072519,0.04176736303658945
Slc12a7,61,30,5.086035282177873,1.3973568400032752,3.6397540961447987
Gm4951,8,8,0.570000670507709,0.31999405301551476,0.570000670507709
Casp12,12,4,0.6843877104565078,0.1258772437463359,0.6843877104565078
Adgrf2,23,10,1.4523056383445756,0.32025020656288544,1.4523056383445756
Apc2,35,31,3.4640051244285233,1.916868383767304,1.8071168337705925
Pde5a,70,66,4.886471148681826,2.9366573750626306,1.6639568477332538
Klhl29,254,157,22.46898739083769,7.7795365618048,2.8882166967571954
Pdk2,19,20,1.7790082514041452,0.895352481839327,1.7790082514041452
Faah,38,37,2.9354362324960683,1.7746927097898915,1.6540532433040755
Apol9a,1,6,0.025919677737904552,0.2639962581272738,0.025919677737904552
Per2,59,43,4.803192422095307,2.5647858109808013,1.872746020946878
Hpcal4,12,14,0.9553402281970911,0.6874187451435809,0.9553402281970911
Notch3,35,33,2.6687923747569955,1.7603559508124518,1.5160526900967248
Madd,35,29,3.1254877353026536,1.4020735353559537,2.229189594188557
Syt12,28,20,2.132738189535708,1.0571751029919363,2.0173935079437597
Clstn2,223,139,15.159682554492736,5.642134499640061,2.6868701119159506
Nr1d1,21,18,1.9376082243584132,1.1330097092816072,1.7101426479274988
Thbs3,23,22,1.6358003948272655,1.3196127604817507,1.2396063783363873
Tgfb1,20,17,1.3290171535201551,1.0181157049230678,1.3053694654681514
Dlgap3,54,43,4.875073695699791,2.385196061701121,2.04388803670206
Cacna1b,110,83,9.332531232905156,3.746024347198841,2.491316224328261
Id4,8,11,2.7501037414508223,1.0879506803553824,2.5277834658391796
Miat,22,10,1.4516693662737492,0.3284356330879757,1.4516693662737492
Slc4a4,308,281,31.647287233336126,17.963540328470966,1.7617511166870246
Prkce,414,384,37.833528096283814,22.648258530190688,1.6704828782244245
Rims2,167,118,11.784310920170078,4.420053613510275,2.666101353194069
Car10,202,154,15.520422593438031,6.458993138380621,2.402916717965312
Csmd1,517,349,33.13392668030017,13.038436300341907,2.5412500331371253
Lama3,156,128,14.911312023743541,6.970063434382174,2.1393366307383226
Ifit1bl2,12,10,0.9477007252642625,0.5565613706429343,0.9477007252642625
Kif5c,131,110,13.51867974987189,6.687219368356625,2.021569654771784
Tnfsf18,12,9,0.9332068107125414,0.47408866933182003,0.9332068107125414
Pcgf2,23,17,1.6849050042387532,1.530314982915013,1.1010184328387547
Cox6b2,10,7,1.4452575629018787,0.3886899326583823,1.4452575629018787
Serpinb5,15,14,1.1222928809214863,0.5370500622172398,1.1222928809214863
Rab36,25,14,3.565086418501635,1.8788112239637895,1.897522418979516
Cmya5,62,43,5.925255370013235,2.374160304738614,2.4957267452357574
Fam43a,10,12,0.8990273366800349,0.7734530290562512,0.8990273366800349
Col22a1,160,100,11.778431152843591,4.353663601327174,2.7054068093945167
Samd14,21,15,1.576629913818259,0.8334196599199403,1.576629913818259
Csdc2,25,14,2.215268746796424,0.48567451038975823,2.215268746796424
Tmc3,32,16,1.7863563925192258,0.5886115336916559,1.7863563925192258
Wfs1,26,16,1.899052016488842,0.6698459783765685,1.899052016488842
Sod3,11,6,0.9832283565447765,0.23313342807878268,0.9832283565447765
Chrna4,25,15,1.6856784787131571,1.0086339983304078,1.6712489183424921
Spred3,11,15,1.0871522088151273,0.9275945892464816,1.0871522088151273
Layn,12,13,1.9606158765130475,0.8608003741941657,1.9606158765130475
Dnm3,298,290,24.281716293493314,15.727989687931785,1.5438537775825778
Mmp28,31,24,2.804477997750893,1.4546816253397454,1.9278981386019076
Disp2,16,20,1.4785883097052916,1.0689673248773737,1.3831931765312917
Phyhipl,68,76,5.355663129092263,3.5177071060102274,1.5224869404112042
Fn1,48,47,4.114317368036778,2.1836916519546365,1.8841109569448715
Zfp467,26,15,2.181424029934556,1.0807698658284939,2.0183982722929876
Slc12a9,27,17,3.0305573355807054,1.3721568618683655,2.2086085197680805
Erbb2,29,24,2.362275347513119,1.6492542401910903,1.4323294067986843
Gnao1,144,95,10.262771085788843,5.1328827715099665,1.9994166129708415
Ifi47,11,7,0.7930157284300572,0.22521208709026952,0.7930157284300572
Ccl7,5,6,1.5576377733590763,1.3689304039413979,1.1378502288168602
Prr7,20,20,2.105119055790494,1.336349755861292,1.5752755194194816
Me3,121,112,11.00188539879631,5.123590653532782,2.147299841608222
Plekha7,224,197,21.11297510837265,12.511084171117243,1.6875416086731718
Pde1a,123,103,8.427131879433572,4.597849537505895,1.8328420298861874
Setbp1,199,149,14.920491751910674,6.143919600922168,2.428497233211058
Col5a3,33,36,2.40378697511983,2.0351325450980884,1.1811451695908943
Gm26780,16,12,1.3581756813576198,0.8521855965179355,1.3581756813576198
Nhsl2,131,108,10.320616320056825,5.455915379388331,1.8916379016886222
Colec12,68,27,4.119391063135666,0.9446844079250832,4.119391063135666
Pkd2l2,37,30,3.0174408660872443,1.5926198695993143,1.8946397214335893
Tshz3,41,31,2.833231011292208,1.1740445565315372,2.413222731224428
Dock5,112,93,10.26058083617292,4.9145709935781685,2.0877876928790613
Tmem88b,11,11,1.3568703866769218,0.8710949822926823,1.3568703866769218
Grin2b,305,281,26.373686968320925,15.167436935587428,1.7388361052908168
Lrp1,98,105,9.711899359675328,7.082891426513964,1.371177217727775
Gpr162,13,12,0.8843615425088355,0.5800886889727482,0.8843615425088355
Mycl,16,19,1.7770088582300199,1.2818078567146232,1.3863301343655645
Tspan17,11,11,1.4840272735863052,0.592820024586158,1.4840272735863052
Tmtc4,38,33,2.977960153122687,1.7920461303285076,1.6617653433825303
Pld3,18,18,1.8876318813493158,1.384189427495183,1.3637092177225756
Atxn1,263,231,19.70662154598689,10.492035044172752,1.8782458753730427
Kcnq3,155,118,12.668412987959556,4.652817986368884,2.722739858957204
Ar,57,41,3.7543644125505606,1.6512311934937556,2.2736758046623944
Tbc1d2b,58,47,4.12004119408437,2.2605699684350773,1.8225674283979574
Atg2a,27,20,1.9362424678776562,1.4341105148655888,1.3501347684206397
Thbs1,17,13,1.4256656662820668,0.6712933643920471,1.4256656662820668
Alox5,34,26,2.3994510238904487,1.0347688630762566,2.3188280103028407
Cyfip2,89,69,6.501903779376168,3.133597574462451,2.074900693172616
Phf11d,10,10,0.6709798457433461,0.3327849331534737,0.6709798457433461
Sema5b,139,130,14.338960902867953,9.677155258514176,1.4817330630561307
Ccdc162,139,101,10.399953214021297,4.091941415035162,2.5415694310305588
Zyx,16,16,1.4738707095156223,0.7570179780110682,1.4738707095156223
Mx1,13,10,1.068138802440458,0.4184269514265194,1.068138802440458
Tgfb2,115,82,13.29110655476578,5.643151748001671,2.355263006966341
Ildr2,67,57,5.257165275772387,3.0552688128918715,1.7206882921690865
Cdh26,26,20,2.144236259344948,0.9663514244433762,2.144236259344948
Zhx2,157,135,13.873473430854876,8.73464934165356,1.5883263183440497
Szt2,40,42,3.162796187813003,2.2082015479856847,1.4322950686716514
Lamb2,25,15,1.228906429099306,0.6173609312074104,1.228906429099306
Styk1,18,23,1.2039401033661858,0.8653153457897043,1.2039401033661858
Sox13,41,28,4.01069376143808,1.5544171114881096,2.580191463280067
Ssh1,69,60,6.609227907295027,3.5679635132730643,1.8523810242756842
Slc29a3,27,14,1.9338035536952762,0.6715088944174089,1.9338035536952762
Pqlc3,15,13,1.1060528143339143,0.6306826786743029,1.1060528143339143
Parp3,14,12,1.140208715420216,0.6160600204241776,1.140208715420216
Trdn,94,83,5.880383697750118,3.0317572511654984,1.9395958220235219
B230334C09Rik,5,6,0.53193992928167,0.2823935508793868,0.53193992928167
Foxk1,75,62,5.857970972576523,3.375883874856705,1.7352406628101729
Mab21l3,33,12,2.0943491337015367,0.3963485040345077,2.0943491337015367
Mink1,58,43,5.175510677459809,2.6915463158488007,1.9228763209403181
Slc43a2,60,49,5.997292383477351,3.000606503459964,1.9986933896737025
Slc27a3,16,12,1.5573476364736116,0.6926739824538385,1.5573476364736116
Grina,10,6,1.1178816805922749,0.38933674784706485,1.1178816805922749
Aldh1l1,122,102,12.858036251063417,6.353295877479011,2.02383715460856
Fgfr2,1957,1652,171.39635258167837,89.49223728510654,1.915209159825111
Plekha4,27,23,2.8347284835872766,2.0263120525346956,1.3989594939443508
Crybb3,12,4,1.3035235460040135,0.19081093274498237,1.3035235460040135
Tns1,244,198,24.35504704621102,12.446173376228357,1.9568301284255036
Bcar1,49,43,4.922812588436807,2.244667417138836,2.1931144680273693
Ube2l6,12,10,1.3724281524327746,0.7706613049887635,1.3724281524327746
Scn1b,22,10,1.770055271481479,0.5739835843243773,1.770055271481479
Sbk1,39,26,3.6338910424734894,1.5123179348857825,2.4028618312642958
9330159F19Rik,11,7,1.2484868540135228,0.7873984597196417,1.2484868540135228
Pdgfa,29,18,2.3797625816956094,1.1262849700522697,2.112931136411389
Opn3,26,18,1.9492185301700566,1.0652554851933391,1.8298131830940838
Slc25a23,16,13,1.864148485350435,1.4701531601789315,1.2679961080541775
4833427G06Rik,12,12,0.63925080566315,0.6002811802919086,0.63925080566315
Clu,23,28,2.5843940396423193,2.077806597553497,1.2438087561591638
Psd,17,20,1.7929479157700616,1.0126300193071556,1.7705853881329747
Hs3st1,78,44,5.332978976806287,1.8063798529812352,2.952302068695452
Lrp10,12,10,0.9439077661816782,0.6336350939540925,0.9439077661816782
Mn1,36,24,2.971631503698083,1.142320985297392,2.6013979800296223
Mark4,27,23,1.9174473555282527,1.0390369299223994,1.8454082817551611
Slc14a2,40,34,3.542812948412962,2.2953608013589344,1.5434666943495297
Sidt2,24,24,3.2461006378888335,2.079317737540015,1.561137376594117
Cacng5,47,45,3.8387982081394196,2.447086538554307,1.5687218852535185
Pcdhgb2,119,76,9.073926282959142,3.9435734087671332,2.300940122678202
Grm1,174,139,13.011269031845348,6.225953309431199,2.0898436568959835
Ncdn,19,17,1.8998849721534075,1.4252510780031464,1.3330177408567538
Cacng8,39,20,2.983248060142633,1.310883611835211,2.2757535704990204
Igdcc3,51,49,4.590600153470437,3.592328513842148,1.277889852161821
Rerg,74,65,6.065480889170067,3.1429382152618324,1.929875954836345
Ahr,22,24,1.6451602504162108,1.2127728350630986,1.3565279521870357
Zfp651,16,22,1.906518262421915,1.1409088745199218,1.6710521804155047
Dusp18,10,7,1.4699752642944306,0.6542098103935751,1.4699752642944306
Kcnb1,85,52,6.12872518685092,2.2917489984512054,2.674256731864089
Dnm3os,5,7,0.33689728195827806,0.27048631372810816,0.33689728195827806
Iqsec2,43,20,2.1114630859011005,0.7505929380340215,2.1114630859011005
Tmem28,8,12,0.8183652477896256,0.5125870284510317,0.8183652477896256
Wnk2,139,90,12.239322784254803,5.773820991526788,2.119796024541856
Glis2,29,30,2.4024556896270077,1.4619888306408075,1.643279099864246
Sntb1,142,105,10.776507259193645,4.360910816612565,2.4711597444601123
Fam124a,52,44,5.857203405851931,2.987711939095266,1.9604311008729978
C130083M11Rik,10,5,0.7271043200779941,0.1429637319823842,0.7271043200779941
Tbcel,71,71,5.762320180568111,3.4700919589884522,1.660566996111496
Ttyh2,65,37,6.357303374810059,2.5767130722825593,2.4672143139237837
Camta2,31,21,2.4944099042174424,1.034618294794933,2.410947029224771
Abca1,94,102,6.681189931255787,4.437288236933622,1.505692119715173
H2-T24,11,7,1.3013242994861467,0.3151477223268844,1.3013242994861467
Rab32,8,5,0.5609912130986796,0.26104394930081976,0.5609912130986796
Plekha6,122,84,9.180731374440093,4.171570470027426,2.200785397346946
Cnksr2,73,53,4.937796724258095,1.8219792209010548,2.710127902455507
Nfkb2,14,11,0.9694720900927507,0.6327195459371414,0.9694720900927507
Ccdc85a,64,54,4.718364056043127,1.791359900525071,2.6339565012369164
Adgrl1,33,35,2.472878188438493,1.588156621895879,1.5570745065977611
Plcl1,206,163,20.070105221283647,8.80135473485908,2.2803427228984416
H2-Q4,6,7,0.423553235390828,0.3007768471473639,0.423553235390828
Rfx2,68,50,7.637165390785883,4.095853809624451,1.8646088815084285
Zswim5,56,55,5.981234794427681,3.4563283665941893,1.7305169416878912
Sipa1l3,200,140,16.63551985644052,8.38518178430518,1.9839188087225215
Dbpht2,2,2,0.0965788581420824,0.06240159152829272,0.0965788581420824
Cherp,20,11,1.2518759742259102,0.4951672989688861,1.2518759742259102
Tox3,73,49,5.750255514229397,1.8153074354664585,3.167648301265191
A930012L18Rik,15,8,1.3472616056594642,0.6640392725637245,1.3472616056594642
Cadps,243,204,22.394270098796117,10.294632065662437,2.175334674999392
Npvf,7,7,0.48346523363208155,0.26772805922294135,0.48346523363208155
Dzip1,54,40,4.778061065198055,2.918984762092798,1.6368914039045455
Mbd6,9,7,0.4860790049811485,0.24959959898369688,0.4860790049811485
Gm44022,14,4,1.2043153920398673,0.20492563406020073,1.2043153920398673
Ptchd4,67,40,4.795362740266396,1.489275307990308,3.219930334262685
Bbc3,17,14,1.9496236723373694,1.525533338464947,1.2779947990511693
Nrk,37,26,2.386955923558757,0.8824419889993748,2.386955923558757
Sept4,33,23,3.1540235852080443,1.1741560619596938,2.686204745171528
Arpp21,116,98,9.86027542407321,5.751466500670137,1.7143932635136327
Pidd1,9,11,0.545693057206994,0.6871383930542597,0.545693057206994
Dnah7b,40,33,2.5280633001036272,1.1641979319033622,2.171506434451798
Vegfc,47,26,4.161367433141189,0.9326483408905863,4.161367433141189
Ctsf,11,7,1.2373318636077173,0.6430403192628655,1.2373318636077173
Trf,30,26,2.549629263570576,1.2626200517152102,2.019316309848734
Akr1c14,11,8,0.4831998521370668,0.25401785205049376,0.4831998521370668
Nanos1,6,4,0.22330329048282027,0.09212888772373752,0.22330329048282027
Gm3716,11,12,0.8549826882866424,0.4349245784554102,0.8549826882866424
Taok2,19,18,1.5157996361792538,0.6447748894553014,1.5157996361792538
Lats2,112,88,8.883140988694306,4.307868673349415,2.062073304056311
Ryr3,280,202,19.80567558747608,8.33043627274021,2.3775076045280414
Uba7,15,10,1.0333730978986126,0.456235449559313,1.0333730978986126
Nuak2,32,24,3.1854863272849805,1.707196669515005,1.8659164372608228
Nlgn2,24,14,1.6145613883415781,0.6956644243094231,1.6145613883415781
Oas2,20,22,1.8674865105289424,1.1153518335856847,1.674347460859288
Olfr287,7,3,0.5087185781675878,0.07983765861926219,0.5087185781675878
C030034L19Rik,38,21,4.115712498065288,1.206536597457105,3.4111791608638797
Cacnb2,213,132,16.308794048198934,5.705986570392572,2.858190051273971
Prickle2,203,137,13.908965855078712,5.8597322514623436,2.3736521155224484
Btbd17,17,14,1.736870606016568,0.6789441474028823,1.736870606016568
Muc15,9,9,0.7618991421917514,0.2591504810934325,0.7618991421917514
Slc1a4,37,31,2.4053339377322316,1.5765322332195424,1.5257118675081813
Pcdh7,171,133,12.500273972651765,5.806393739406907,2.152846419596857
Dock3,109,76,7.676805247181061,4.125241805599065,1.8609346091571088
Nr4a3,22,32,1.253216505224359,1.0133051079601176,1.2367612630979492
Fat4,102,67,8.710074131488874,2.9839353240753503,2.91898891414073
Podn,59,57,4.38627812846875,2.916558036926565,1.5039227997296976
Spen,83,71,6.623858641365179,4.4538305111255205,1.4872273708707595
App,147,155,11.730998769458267,7.7368918413776875,1.5162417945045694
Rbfox1,262,158,18.21413489699495,5.833872238383205,3.1221346907732075
Ctxn1,12,8,1.914688689290046,0.4719430151798929,1.914688689290046
Dpp6,468,295,35.32043140037441,11.495509632900955,3.0725415860889593
Lrrc75b,28,21,4.075572518751932,2.364784905137434,1.7234432230592542
Pigt,8,7,0.6154082809431465,0.3996508983081509,0.6154082809431465
Dapk1,158,134,14.567863410312814,7.842277333842943,1.8576062526437254
Lmf2,9,8,0.6338885080716656,0.227240060275782,0.6338885080716656
Ttc28,378,291,33.34114127461162,16.321210699735595,2.042810541938029
Celsr1,131,115,10.910851018526198,5.664266272043388,1.9262602594051605
Ogdhl,27,19,2.387757634787794,0.7959574299836918,2.387757634787794
Dcc,309,276,19.69428131125015,10.58542876813832,1.8605086050485817
Cdc42bpg,22,18,1.7404791952513026,1.2319167947010345,1.4128220369572018
Gpr173,21,21,2.0911893877969945,1.3000896836000884,1.6084962554323683
Glipr2,34,26,4.018967862542157,2.3506550441046428,1.7097225186747762
Mdga1,125,112,10.143785802323201,6.9877012942515195,1.4516627679360101
Stim1,91,61,7.303075472401019,2.8130217266563844,2.5961674604915355
Tsc2,42,35,3.5380473525105804,1.4187496711865242,2.493778447576063
Mxra8,7,9,1.8330326988490795,0.6097822525804062,1.8330326988490795
Foxo3,97,96,9.585175806545077,6.24870049090746,1.53394706955351
Fbxl16,10,11,0.8165925065098416,0.6003302550592916,0.8165925065098416
Agap2,20,26,1.9238274799490227,1.498586443466623,1.2837614328731721
Mid1,105,102,7.76985712803905,5.066686049408735,1.533518566627148
Nid1,44,28,4.990995210416308,2.865279338288981,1.7418878305236067
Tcn2,17,8,1.6129797320286625,0.4091546896163852,1.6129797320286625
Astn2,348,268,25.94489082952302,12.020291902671401,2.1584243577110636
Atp9a,111,86,9.049363800814378,4.613763818587597,1.9613842746689714
H2-T22,5,2,0.19943613400055898,0.09651138968982895,0.19943613400055898
Rnf44,20,17,1.2351757879874203,0.4771077335892006,1.2351757879874203
Lrp1b,596,492,40.21623041114334,19.816934116559352,2.029387097650893
Lrrc7,187,112,12.987567926454798,4.17506364769082,3.1107472897181037
Ahdc1,91,74,9.291439109149383,4.98890207837834,1.862421623671074
Cachd1,186,135,15.081697247104483,6.0151183501420125,2.5072985050657257
Mapkapk3,44,31,5.653021328708155,2.4885181625027646,2.2716415792693154
Pcdh1,39,27,4.273167195340918,2.546211289443154,1.6782453259310786
Inhbb,20,15,1.75096171856269,0.8652341392238925,1.75096171856269
Atp13a1,15,18,1.1892216710478154,0.8837261518087453,1.1892216710478154
1700007K13Rik,7,6,0.31745478256442344,0.15707319395225858,0.31745478256442344
Fyco1,39,31,2.7757771082313094,1.1518082981630462,2.4099297710028997
Gm3257,3,4,0.2560958324607818,0.29539427468781637,0.2560958324607818
Cd36,35,38,2.288895981307669,1.6477845473416037,1.3890747943961366
Ccl2,7,5,0.5378321416173827,0.19982509405727836,0.5378321416173827
Dock6,71,47,6.394533116843431,2.725098828976249,2.3465325546544293
Kcnc3,23,20,2.247502359007296,1.1592358212226577,1.938779252556941
Adgrb1,66,44,4.646253175573813,2.3873721192671775,1.9461788709336258
Plec,85,77,7.702545157918334,4.616291428881992,1.668556952389766
Sh3glb2,21,29,1.5345501588671877,1.4244313806056432,1.0773071835968147
Prr12,29,33,2.348128441154259,1.9931592070174033,1.1780937683688788
Srgap1,196,181,17.258618764598236,10.30582664408686,1.6746467178836795
Sgsm2,51,40,4.851759948223761,2.70235774496933,1.7953803330649791
Trp53cor1,40,32,3.904310125702701,2.152939660665096,1.8134786575934803
Zbtb7c,314,300,31.434702038184167,17.657195621855188,1.7802771579013303
Dnmt3a,117,107,11.073070210210824,5.923158529811123,1.8694536292554575
Dlgap4,150,103,12.43866681614142,5.335288766911826,2.3313952364271326
Nfix,166,146,16.938524027791736,9.20722000663264,1.8397001500550292
Fgl2,10,12,1.0571189957945342,0.858489786579793,1.0571189957945342
Cpeb2,45,50,3.7896801288535125,3.0741894094698075,1.2327412608929333
Usp2,53,51,6.624299238227092,4.5219657126570985,1.4649158483633584
Dennd1a,353,249,29.648184617543418,13.05676028731779,2.270715243684232
Cdh22,150,115,13.547736886563275,6.190731253513203,2.1883904068481432
Gm6548,2,3,0.07190369085357554,0.1259672554441306,0.07190369085357554
Olfr617,1,3,0.06479905604402963,0.09001633332134515,0.06479905604402963
Abca3,44,53,2.869114715291252,2.485810707625387,1.1541967803461683
Dlg5,138,105,10.360278492588375,5.776496791593984,1.7935227641197267
Ptk7,56,49,5.103892313350938,2.963882146245926,1.7220294402783742
Trim21,7,4,0.5963673906513698,0.10745510155718402,0.5963673906513698
Tap2,15,16,1.22152791050952,0.6456616889407683,1.22152791050952
Efna5,118,68,8.151701722009943,2.387927918164731,3.413713479372956
Ndrg4,45,37,3.9063438276210056,2.295598034409344,1.7016671773837382
Phlda3,11,5,0.769399390824715,0.2501351593039124,0.769399390824715
Ampd2,23,15,2.1956522424973453,0.7315367425366595,2.1956522424973453
Cobll1,118,79,10.597299808845493,4.202032985279422,2.521945888090359
Amotl2,33,34,3.2491756188015737,1.9502049460985658,1.6660688023079993
Afap1,120,101,12.957229905022523,6.828726019087031,1.8974593311850054
Timp2,64,48,5.027423845126602,2.5265038499317445,1.9898738112995245
Creb3l1,51,34,6.254623184542699,3.008240033737174,2.079163602105415
Fam13b,41,35,3.149344599591927,1.5039142665348406,2.0940984932926474
Fzd8,8,13,1.0517247207550156,0.8253538530611089,1.0517247207550156
Snph,48,35,4.258969993662139,1.7368022087014694,2.4521905674258573
Hbegf,13,16,1.6925680717075706,1.1884113719236293,1.4242274280562335
Plekhg2,19,16,1.9902926727293373,1.2753914671895399,1.5605347251657233
Akap2,121,108,9.653906365381951,5.548271481757028,1.7399844973564182
Tom1l2,138,104,12.471622197022564,5.949713051124735,2.0961720489469533
Hap1,15,18,1.4175098327072646,1.6093043590154827,0.8808214709456504
Ptpn23,28,25,1.7397364287667763,1.0160099439236252,1.7123222456349843
Fras1,272,160,20.91290397163757,6.715359288131402,3.1141898853570855
Zfp609,91,95,8.129664359314333,5.58480419698515,1.4556758075248148
Smap2,42,24,2.3928348987715857,0.8562297051793557,2.3928348987715857
Axin2,41,42,3.639933400212717,2.1793005589178085,1.6702301044791297
Helz2,17,10,1.3852742182753197,0.42766594178756473,1.3852742182753197
Fgf12,97,75,7.623465143441685,2.9600895460496344,2.5754170692624903
Gm37674,4,1,0.24105517281836034,0.027927044983717977,0.24105517281836034
Oas1b,9,5,0.34316556011620497,0.1873302516673162,0.34316556011620497
Tle3,70,61,6.98328898760878,3.6278737437545203,1.9248985716856035
Msi1,33,29,2.718887259778244,2.0420460787635113,1.331452452544347
Lrp3,17,13,1.1631225641699399,0.7806584410026063,1.1631225641699399
Scmh1,65,47,4.209092659849511,1.87142131791495,2.2491421998650125
Fgd4,91,67,7.15941303112345,2.8449782291156276,2.5165088990325883
Ankrd29,43,25,3.494704978466406,1.493782722988811,2.3395001995163542
Gstm1,17,12,1.5724159849308146,1.1140600689639042,1.4114283679453565
Ylpm1,29,27,1.854003587262818,1.432145832270439,1.2945634065237552
Kdm6b,27,26,3.983303285898894,2.881156241184139,1.3825363681984073
Fam84a,13,11,1.5328726395721177,0.6792697589455272,1.5328726395721177
Fas,25,25,2.4653056258290857,1.141062783254341,2.160534601608835
Fgd3,25,27,1.5754689086988436,0.9219111974274137,1.5754689086988436
Man2b2,21,19,1.4596625550071993,0.8959429226163252,1.4596625550071993
Samd4b,140,113,12.057434911887984,5.865477914759793,2.0556611220966072
Tnrc18,94,87,7.7228977307755535,4.9824186407664115,1.5500298725575563
Ehd2,28,24,2.6255655150450785,1.481606329201403,1.7721073832482062
Flnb,140,134,16.1388957527359,9.50231181758717,1.6984178232149292
Mboat7,16,15,1.2801172670035483,0.8648981943970823,1.2801172670035483
Cnih2,12,10,0.9883799374299801,0.6796545483650108,0.9883799374299801
Zfp423,282,255,25.464129069386175,14.438576164358633,1.7636177403866125
Mapk8ip1,26,23,2.200477120863069,1.663934195850499,1.3224544133719922
Dpy19l3,49,46,4.177567193835077,2.204753662442713,1.894799979244223
Ctsd,23,15,2.089438805619534,0.9435690054339341,2.089438805619534
Trim56,14,15,1.880906420863032,0.6264022689991153,1.880906420863032
Adgra1,48,28,5.129389355575176,1.8942399770155942,2.7078878166517275
Nectin1,64,58,6.490393561655997,2.84119199423801,2.2843910495378825
Psap,41,43,3.720276489829336,2.2819168312327394,1.6303295715731956
Gria4,94,78,5.4044929410880505,2.957847600218314,1.8271708592049007
Mtss1,184,161,17.152658136590638,9.688748377681524,1.7703688307256047
Ulk1,22,16,3.69246353964089,3.035432830732546,1.2164537137030904
Dock4,233,186,24.202099993893533,11.905841059080421,2.0327921289890667
Crim1,168,130,13.652101892669132,6.355619288476676,2.148036449795168
Heg1,80,82,7.83865353079088,5.461566450638129,1.4352390658681837
Igf2bp2,72,67,5.230514739270814,3.2413543214924516,1.6136818812398368
Plxnb1,32,28,3.255731835125155,2.020673105614178,1.6112115443510022
Sesn2,21,35,1.3946427245953668,1.8333235396863816,0.7607182771645108
Sorcs1,335,244,26.15694551496723,11.427334654850103,2.2889804407596865
Ptprj,132,125,12.735072673063218,6.952273641196294,1.8317853022355812
Frrs1l,19,15,1.4752821390264839,0.7892967894804874,1.4752821390264839
Agrn,38,25,3.476571268096306,1.534429741778262,2.265708994969872
Cacna1g,78,60,5.917880122173605,2.7195862914087883,2.176022191635644
Aox1,53,47,3.462375698348153,2.0128104802638713,1.7201697488649053
Olfr618,2,1,0.12196390692387743,0.01707212470364591,0.12196390692387743
Tmem43,16,14,1.1317613683039682,0.8000097677110755,1.1317613683039682
Aff2,93,96,5.80385554585778,3.5722481172163745,1.6247067268049553
Myo18a,127,123,14.885020196821866,10.260686736990671,1.4506845963009543
Sec16a,36,29,2.863279017189405,1.8729157850517955,1.5287815074452058
Pom121,21,15,1.6169593640314646,0.7826115562249074,1.6169593640314646
Cbx6,21,19,1.8653792026826208,1.1703727965032595,1.5938333565645428
Pacs2,65,58,8.470376202700884,5.397617424226103,1.5692805801099077
Nfat5,32,32,2.252825111524963,1.6942582710761238,1.3296822273112237
Vwa1,7,11,0.7813269308740729,0.8359203059941309,0.7813269308740729
Prrc2b,100,86,9.305975184979799,5.9519163589309345,1.563525866927893
Polr2a,14,16,0.8561182903824466,0.7443002568261126,0.8561182903824466
Rrbp1,39,31,2.516716435008781,1.1745594124272696,2.14268976807899
Plxna4,229,183,18.64863674595904,9.134590366346908,2.041540561541018
Gm19514,4,4,0.3201077081054961,0.08902461994944459,0.3201077081054961
Frem2,102,82,9.94962086816975,4.480077342414091,2.2208591744553217
Nrp2,108,89,10.97051260358949,5.103246290371055,2.149712551457482
Znrf3,115,103,11.013404117495751,6.808627531151138,1.6175659583530941
Tnpo2,19,18,1.5399857292180927,0.6031228602761929,1.5399857292180927
Cic,41,34,2.4823466905050373,1.809665117341241,1.3717160521677623
Col5a1,147,104,12.294127861037524,5.47618410238084,2.245017265890038
Prrx1,56,45,5.23145184449806,3.2199122452514533,1.6247187643741263
Bace2,60,34,5.09395606510723,1.5220196613518915,3.346839856577586
Ndst1,32,35,3.7443253285317484,2.262608635518956,1.6548709616645405
Glis3,356,275,32.608774153710954,17.47279369717457,1.8662598963200683
Col9a3,23,18,1.5606272318658367,0.7830130708123628,1.5606272318658367
Spink10,53,35,4.506813874230399,1.8058183455420256,2.4957182904671713
Mamld1,61,46,4.465965815972664,2.158839121923175,2.0686885699913637
Lrrk1,150,112,15.487977174919259,6.87496080025874,2.2528095250137814
Notch2,147,134,13.107753764700362,7.191831554710564,1.8225890950011112
Slc6a8,10,11,0.7313703830642287,0.4881424020636561,0.7313703830642287
Adamts12,178,123,20.08064238084343,9.614677188526459,2.0885404665282348
Grn,12,14,2.419550318385838,3.3362188754620314,0.725237284694265
Tmem131,137,90,11.644244239318013,5.04259223068848,2.3091782374257517
Maf,29,22,2.073880450072574,1.0408138039467996,1.992556634249423
Igfbp3,18,8,2.113172460333524,0.5836676930141014,2.113172460333524
Nlrc5,52,31,4.9303403502636085,1.2135128532391142,4.0628661963517905
Atp6v0a1,53,50,4.564135361521023,3.2458225078970755,1.406156790895527
Cybrd1,27,27,3.13092866100901,1.8256117808339754,1.7150024413069576
Med25,25,19,2.6997908314722228,1.8638651253729344,1.448490448541458
Dhx58,11,13,0.6419578273317325,0.8350795031229695,0.6419578273317325
9530053A07Rik,29,23,2.397672307128686,1.435078640392473,1.670760221525531
Tnfrsf10b,21,16,1.4656568440599747,0.8591473862172877,1.4656568440599747
Dmrtb1,11,18,0.8695974320480577,0.7057337129223509,0.8695974320480577
B2m,9,9,0.364070687153926,0.42104150929738327,0.364070687153926
Adamts7,46,44,3.934573505977885,2.1230358939202696,1.8532769593040368
Ssbp3,162,155,15.525726989410293,10.186594886168105,1.5241331537088947
Foxj1,17,11,1.8264357686743766,0.7700231449862385,1.8264357686743766
Tmem63b,26,32,2.397761170126342,1.7286006252912731,1.3871111320015366
Fam120c,47,44,3.241010641834521,2.1402324715422263,1.5143264504809082
Pclo,124,95,8.62777518970293,3.958026730428979,2.179817312342364
Kmt2d,51,42,4.161050071965516,2.1966051750466815,1.894309509617306
Gm37783,3,2,0.1442308545402973,0.08130759333245632,0.1442308545402973
Hdc,18,13,1.2976364624395222,0.5317521284787184,1.2976364624395222
Sema5a,284,220,24.1810515733415,10.360093990847933,2.334057161518317
Dchs1,42,35,3.977336600168641,2.5384741624611364,1.5668217778165128
Epb41l4a,168,142,14.126221478346562,7.522766424195963,1.877796103426989
Nrxn3,555,364,37.187747094432254,14.158792923391704,2.6264772213028467
Zbtb7b,33,22,3.7186183245787987,1.9141680806428047,1.9426811899036756
Arid1a,74,67,6.359221019236758,3.3644720231181573,1.8901096444080694
Cpt1c,21,20,2.0501407473136193,1.7230216046429627,1.1898520261087735
Ski,89,57,8.334528586641794,2.8792704150003243,2.894666837550531
Nid2,53,61,4.575646119625445,2.6455226474593867,1.7295811563055952
Mamdc2,124,96,9.929559999536666,5.0717167476633245,1.9578301576308417
Zswim8,16,15,1.525201868157998,0.8641528006538265,1.525201868157998
Susd6,75,72,6.303147281129004,3.51590064895494,1.7927546624511532
Pkd1,51,46,4.049601818869773,2.2407353157050127,1.8072646914102963
Prrc2a,21,20,1.6406381388039895,0.8898658479271431,1.6406381388039895
Hmox1,6,11,0.2806054298892082,0.6186735733605201,0.2806054298892082
Nfic,47,51,4.61213452942427,2.8207848297795883,1.6350536491592855
Dag1,52,47,4.783326442798161,2.890717973832902,1.6547191687661544
Clip3,35,15,2.6140968899676653,0.9640962377711059,2.6140968899676653
Tanc2,122,132,9.216003514754368,5.365451239416286,1.7176567456341263
Prss23,17,14,1.588182558407221,0.7745653223143633,1.588182558407221
Syngap1,42,34,3.116851256620327,1.7824683991584709,1.7486151553047657
Whrn,77,54,6.902166876537117,2.7007477857218696,2.555650295457808
Arvcf,78,75,9.115909094577914,5.617847399666936,1.6226694044979517
Lamc1,120,113,9.864653830655755,5.941562889569649,1.6602792925028278
Crip2,15,18,0.9123004318142126,0.7810605357108674,0.9123004318142126
Scrn1,74,68,8.693675631451399,5.133208030183909,1.693614515587814
Pex5l,115,115,10.351330610824025,5.63880513676921,1.835731216055976
Usp18,20,17,2.468061849966147,1.0937731966602138,2.256465835423889
Hipk2,141,111,12.502417438724924,6.432757625892772,1.94355487425811
Fam84b,27,14,2.348593240005139,1.046089868742252,2.24511613216265
Gli3,170,139,15.669407296556326,7.368453445010833,2.12655307026009
Gm38036,2,1,0.25189762119728165,0.019304597578505438,0.25189762119728165
Rprm,12,7,1.6195424299031522,0.6911706767221906,1.6195424299031522
Ass1,48,41,4.142519751655742,2.2440588874029683,1.8459942272057965
Shisa6,179,117,12.580552063445545,4.544876933912179,2.7680732055854254
A330076H08Rik,21,15,1.586601862647531,0.7870520357106534,1.586601862647531
Gse1,478,477,48.70773080111731,34.37158423905368,1.4170929818758429
Sept3,22,21,2.7479593778654166,1.7188135325088607,1.5987536320210176
Thsd7a,133,109,9.804970419009722,4.55104699772576,2.154442796110311
Pcolce,11,7,0.7960413017197695,0.3655126973512701,0.7960413017197695
Mtss1l,31,32,2.591231455774648,1.7014512061137483,1.5229537270676303
Gm16386,10,8,1.233843913772286,0.6647306163704816,1.233843913772286
Shpk,27,16,3.960342118896452,2.15521029068888,1.8375664481587963
Prob1,8,7,0.7040194902948579,0.3341907121533182,0.7040194902948579
Bcl9l,19,17,2.137872626115939,1.0158935394391166,2.104425850858621
Arnt2,144,110,14.073137267071711,5.960810981638479,2.360943386801263
Mctp1,196,172,14.270114845362965,6.359580088781007,2.243876898497906
Ecm2,10,9,0.5789697917354473,0.2862231506087515,0.5789697917354473
Eda,90,72,5.322653426526867,3.0234071196374552,1.7604818722412483
Zmiz1,281,214,24.99952262021079,11.81613934281772,2.115709868926555
Mmp19,12,7,0.9410635712462396,0.2667344374741166,0.9410635712462396
Lonrf2,32,25,2.024860842946061,1.048550275968928,1.9311051547575617
Slc37a2,27,29,2.861137700170638,1.4245360566588263,2.0084698360540516
Parp10,24,19,2.567735898666319,1.300894222208372,1.9738237397252654
Bcorl1,41,29,3.9751581869417048,1.7253631787714536,2.303954457734643
Slc2a9,105,74,7.893747529899695,3.4430804785063684,2.2926410170127816
Ppp1r1a,10,15,1.342755274038965,0.7681668840733219,1.342755274038965
Ankrd52,31,29,2.117616958531916,1.4165917568792616,1.4948674861676496
Hunk,109,84,10.346345601586872,5.3273406015886255,1.9421220408737463
Nwd1,60,43,5.766971741428363,3.196238160201833,1.804299758771479
Irs2,38,32,3.5696799791519602,1.751734920326284,2.0377968936573234
Zfp385a,30,36,2.2235303507940576,2.051510865753348,1.0838501457205498
Fbxl7,160,123,11.692988862304283,4.855455053227956,2.4082168888641373
Adora1,52,46,7.248697972771322,4.453855586225527,1.6275107785688934
Pea15a,21,18,1.7011682932900705,1.0467135999582757,1.6252471481768105
Gabrb3,191,122,14.25308901885532,4.906915577972401,2.904694159165639
Ubqln2,6,4,0.39358886439625745,0.3491046460395592,0.39358886439625745
Flna,25,17,1.3966938430401523,0.7568826466180578,1.3966938430401523
Dcxr,3,4,0.28913276553959727,0.2609949966404053,0.28913276553959727
Ppm1l,157,154,12.540148619409777,7.058150528002606,1.7766904473994731
Slco3a1,198,121,14.685161069485194,4.773473922734087,3.0764096142949118
Plcd4,20,27,1.3096538463449487,1.028616936996577,1.2732182401827465
Setd1b,33,30,2.549295212425964,1.7521428295249515,1.4549585624347414
Cnr1,21,12,1.8309149480830538,0.7571291427731677,1.8309149480830538
Daam2,100,78,9.205693862951996,5.49492779239915,1.6753075219087967
Trim34a,0,3,0.0,0.12601658562244872,0.0
Unc79,110,120,7.621048894800408,5.207633811160518,1.4634379396008381
Sptan1,60,61,5.702094894684624,3.1694643843429366,1.799072083867801
Map4,75,66,7.322538053004202,3.5976860051456434,2.0353466207253867
Kif1a,49,57,4.466572257487508,3.0942026245691823,1.4435293351576826
Cemip,105,55,8.330382796558661,2.6346308463132666,3.1618785638282736
Trim26,32,27,2.314000909003327,1.3243067758853735,1.7473299624675613
Map1a,32,20,3.095939372252796,1.0278540369758333,3.0120418472662838
Pcdh19,44,33,3.284741412904878,1.4826602053627382,2.2154377658644004
Slc4a2,23,12,1.2873837414825389,0.5608965323264998,1.2873837414825389
Mapk10,207,137,15.729148507028768,6.606212805400574,2.3809630374259516
Tapbp,27,25,2.061324806224753,1.3386483548720343,1.5398553314785957
Tmtc1,135,91,11.029141379999437,3.4732303804438955,3.1754707208883333
Sema6a,156,141,14.841765322016627,8.227377490718403,1.8039485047039776
Piezo1,76,63,6.568513736531071,3.4296927430311976,1.9151901434545857
Celf5,14,17,0.8928449158869874,0.6953666125709522,0.8928449158869874
Kirrel,95,70,7.386798814763062,3.3490452321691104,2.20564319162055
Gfra2,79,56,7.784784332417037,3.22355559879429,2.4149682218382673
Palld,277,209,22.633788000711483,10.57261320449536,2.14079410292697
Lrrc8c,78,57,5.475217043243231,2.5135510940385934,2.178279588677883
Adamts4,21,16,1.6395434647168752,0.7407264106240689,1.6395434647168752
Dvl3,5,10,0.13753101716096938,0.336276699414635,0.13753101716096938
Cluh,20,23,1.803289495439456,1.4304850061231649,1.2606140488858733
Ptprs,83,73,6.9411863991648834,3.7503936668842095,1.8507887479800362
Plscr2,10,14,1.4959196117009537,0.5456901752900216,1.4959196117009537
Nmnat2,153,121,13.830041083742358,8.307055221056075,1.6648548391356603
Notch1,97,76,9.06082762815754,5.258383643152388,1.7231203052209398
Iigp1,4,5,0.2031550500799583,0.1963945467523978,0.2031550500799583
Ifi27l2a,2,3,0.10270988220314285,0.09133330933086058,0.10270988220314285
Nav2,832,666,75.79112507690009,39.44585632450183,1.921396368059637
Ubr4,126,77,11.200822186348239,5.65888390547199,1.9793341537749771
Rnf152,45,32,3.2230288966622482,1.2509660459647212,2.5764319559742406
Slfn8,9,7,0.5599738782692845,0.22853179764494977,0.5599738782692845
Abat,94,72,10.232560291404424,4.983189587332211,2.053415811715585
Samd4,187,150,15.169344710659562,6.908104376712213,2.1958765941343716
Adar,39,38,3.153957064465761,2.3686640205113476,1.3315341632051658
Zmat3,33,33,3.656430620111006,1.7694591259671615,2.0664114623797554
Kcnc1,61,57,5.432264375590118,3.539626850505795,1.5346997310786799
Svop,46,28,3.671957870384596,1.4036265283421414,2.6160504922357357
Plxnb2,26,25,2.93898844609896,1.407041635664468,2.088771484513348
Slc39a12,47,37,3.366562896728379,1.5230275510897309,2.210441232215132
Gm15261,20,14,1.311560002597793,0.6184945392164125,1.311560002597793
Cacna1h,53,47,4.690532459391754,2.564989970302919,1.828674776002268
Lrp2,97,100,8.403623297915626,4.565600320157546,1.8406392825961693
Grin2a,243,164,19.39510242687979,6.570632351422981,2.9517862801560426
Cryab,9,8,1.480502117813666,0.5063922208475231,1.480502117813666
Iqsec1,192,140,17.437295268983917,8.450751133102903,2.0634018200677247
Tor3a,18,20,1.2284204956965088,1.0396577856211549,1.1815623493480363
Cdkn1a,21,18,2.0312855433597305,1.066471328412541,1.9046790000283742
Shisa9,150,122,12.382798324785293,5.267699052647268,2.350703447753408
C4b,8,5,0.5022557373329826,0.33236402812737775,0.5022557373329826
Mup6,8,6,0.4855802404357713,0.19859471083125801,0.4855802404357713
Cep170b,40,37,3.7619179621096936,2.610815308944441,1.440897772133352
Stat2,22,22,1.268450735221486,1.141971642451863,1.1107550205870849
Megf11,272,248,23.922546338724445,14.097010403381898,1.696994302634932
Akap17b,17,14,1.335785136192643,0.7039292858609524,1.335785136192643
Cnnm3,19,16,1.728812883383001,1.0348343697814664,1.6706179596142396
Rai2,34,14,1.9612482047712088,0.4267891339889166,1.9612482047712088
H2-D1,6,8,0.3872415888134025,0.5511492865971448,0.3872415888134025
Hepacam,26,22,3.4679586960685214,1.3746461431786718,2.5228010228504076
Cyp4f14,8,11,1.3180077029717268,0.6202673805882704,1.3180077029717268
Sesn3,68,41,4.79148082537943,2.2114959403355128,2.166624291723773
Chd3,24,16,1.1588435854515113,0.47323311272092816,1.1588435854515113
Olfm1,61,37,5.1128302800880645,1.816633390128133,2.8144535423999004
Apoe,10,11,0.9016722284536863,0.4438804283194279,0.9016722284536863
Sirpa,38,25,3.8068360669987307,1.4987875715159167,2.5399437114016017
Ptprt,396,241,27.21276698873654,9.176511487893821,2.9654806213273073
Sez6,53,48,4.051176363595144,2.7978510255130566,1.4479599973884452
Adcy1,103,71,7.793311011461976,3.230655754509167,2.412300041743696
Btla,11,12,0.7415039385844857,0.3792768316294793,0.7415039385844857
Trim12a,5,3,0.2446870496679961,0.07980001260484906,0.2446870496679961
Nhs,148,104,10.079325080429609,4.440867137597984,2.269674990970661
Dync1h1,79,41,6.506255767454302,2.0460914870624496,3.179845969055499
Shroom3,281,249,24.711408383052724,13.972372542204761,1.7685907177474531
Gbp6,4,2,0.34209302063276253,0.04137322291356279,0.34209302063276253
Hspg2,103,101,7.6954888782037525,6.047207101843374,1.2725690965434162
Gm10800,1,1,0.019274541234451915,0.037740116643854876,0.019274541234451915
Plekhg5,46,34,4.402683692598465,2.088436471677306,2.1081243084509516
Cdh6,88,61,7.03755337330303,2.7151741313957745,2.5919344516166536
Map1b,93,82,9.451144710140113,4.450928208950432,2.1234098296923047
Plxdc2,120,80,8.181134314636912,3.0769388539078375,2.6588550189245845
Sulf2,114,97,10.149176218356065,6.63893240813256,1.528736187451393
Ppp2r2c,91,59,8.477800224905188,2.7993379297208576,3.0285018950000695
Plagl1,46,31,3.068992893691458,1.0331264402557108,2.970587891383214
Shisa5,24,18,2.142202601698335,1.000092971385992,2.1420034566681685
Fat1,132,104,12.151271202482755,6.19724246205408,1.9607545254014815
Rgs16,14,16,1.2486543286710863,0.8372511395879725,1.2486543286710863
Sdc2,48,42,3.004249139052092,1.7179593015712178,1.7487312629027092
Gdf11,15,10,1.1212117829068156,0.7429368236567917,1.1212117829068156
Olfr1318,1,1,0.06060904737047509,0.0234741409002089,0.06060904737047509
Jade2,48,45,5.351036370903765,3.623264020640399,1.4768552168489197
Dbn1,19,20,1.9709392057944306,1.2595063441273269,1.5648505583034864
Ptpdc1,46,32,4.13528628674863,1.46627815692659,2.8202604445915274
Pcdhgc3,62,39,5.082651431203519,1.8619137662336205,2.729799587595821
Scn3b,16,11,1.354594216071693,0.5386926602621678,1.354594216071693
Scg3,27,15,2.1391037565677586,0.7096541378048404,2.1391037565677586
Ackr4,27,20,1.7287122604930767,0.9241928589021192,1.7287122604930767
Tap1,16,12,1.6306958353195493,0.5935419873860097,1.6306958353195493
Eif2ak2,27,19,1.6926224677267272,0.9623911839623095,1.6926224677267272
Wls,45,38,2.9085444408930123,1.9447959905363887,1.4955524667092792
Igdcc4,37,54,4.613242346329094,4.933598444028593,0.9350664426110228
Axl,32,26,2.4114262907888104,1.4121031792932905,1.707684201940291
Ano3,95,68,6.051158338384465,2.6612398922972376,2.2738116754897204
Myo16,385,273,31.306129487531322,13.485562328522114,2.3214552515410136
Rhbdf1,30,23,3.776470732264109,1.5247433399303205,2.476791098780396
Slc16a2,61,39,4.516733024888439,1.52190678552743,2.967811871160773
Gm43197,0,1,0.0,0.03629310115109422,0.0
Ddr1,31,31,2.381736922157661,1.7401192541476613,1.3687205152639232
Cxcr4,11,11,1.090566118138499,0.4771356275561341,1.090566118138499
Ncor2,245,193,23.81544789060053,13.302250575797732,1.7903322264828352
Xaf1,9,7,0.5714110087331459,0.25633778733250057,0.5714110087331459
Cp,29,27,2.264300207918988,1.0906941401818129,2.0760175786234085
Nova2,37,32,3.2578737634051067,1.4417888780133783,2.259605281387721
Isg15,7,5,0.43296686238456317,0.2994865538856233,0.43296686238456317
Ifitm3,7,6,0.5271148382957193,0.5901473221787418,0.5271148382957193
Igtp,12,5,0.8340507844917495,0.20434861035885027,0.8340507844917495
Arhgap6,144,112,10.393054045232645,4.2826607672220804,2.4267749910936867
Slc22a23,180,143,16.719717054393005,9.170270174604678,1.8232523945363233
Pltp,19,22,1.416195302881335,1.1300039610745363,1.2532657863735766
Plxna1,61,51,5.300824120098891,2.744637441694237,1.9313385584460823
Osbpl5,57,35,4.690782645793349,2.058218394088026,2.2790500071649507
Abr,193,178,17.02864457299031,11.710074682324574,1.454187529537595
Ak1,21,21,2.7304410619646213,1.6822838470614365,1.6230561012245792
Herc6,18,27,1.178669491020895,1.0249668210244445,1.1499586785090528
Cacna1e,253,150,17.987030957857073,6.377224177892274,2.8205110022966036
Lpo,26,31,2.777392786104489,2.5289452746548937,1.0982415530852083
Ncam1,248,226,23.557263990160042,14.202944178694594,1.6586183606563476
Tmem200a,40,35,2.9748510485194357,1.4357192324111467,2.072028417090625
Parp12,17,22,1.5275170255741162,0.93193728594325,1.5275170255741162
Trim12c,1,2,0.02159971608150582,0.0452500424400842,0.02159971608150582
Ccnd2,33,37,2.5269242787944415,2.0504585728639344,1.2323703157118722
Sel1l3,88,76,8.199549951873621,4.060425069680295,2.0193821610207
Stat1,40,27,3.1630794885017504,1.450327779593678,2.1809411175919933
Irgm2,26,20,1.8044964694001278,0.7995597305046352,1.8044964694001278
Mx2,27,15,4.380559428556004,1.785734330878662,2.4530857433874673
Tmem47,13,15,0.6762477840660357,0.5366940362294524,0.6762477840660357
Nacc2,79,50,7.290030013305191,3.1488505587131894,2.315140041540853
Slc35f1,221,157,17.807321171958492,8.513419633509676,2.091676663260799
Gadd45g,14,10,1.5390228523136331,1.2740007540364522,1.208023501899433
Znfx1,37,21,2.8461684272884584,0.9850664834726828,2.8461684272884584
Apba2,231,169,22.62435051033831,10.305239387131166,2.195422120770026
H2-T23,4,4,0.1787549337138271,0.11237484421994193,0.1787549337138271
Samd5,35,30,3.1330296058906213,1.6471794331275678,1.9020572639993496
Igfbp5,25,24,3.1380681237718453,1.4107750586487071,2.2243575292418365
Eldr,11,18,1.3855015590510602,1.1993889432178388,1.1551728627194946
Tenm4,475,357,37.10935567607984,17.004497702896096,2.182325895445863
Ddit4l,12,3,0.7618769880273978,0.15033331724745364,0.7618769880273978
Irf2bpl,10,9,0.5355547228595039,0.346875602563883,0.5355547228595039
Zc3hav1,33,30,3.152710668160198,1.9399810384432266,1.6251244757990773
Dtx3l,16,14,1.4526890289970944,0.7712493190426702,1.4526890289970944
Nes,16,12,1.5609006308555191,0.50699308465337,1.5609006308555191
Sparc,29,21,2.786790631297378,1.2960425840255902,2.1502307606602167
Gbp4,6,6,0.4138299201880721,0.2748746975068617,0.4138299201880721
Camk2n1,10,10,0.7455633044041678,0.6583805199932955,0.7455633044041678
B3gat1,27,13,2.0746662043729645,0.5071557096141454,2.0746662043729645
Adcyap1r1,70,61,5.9613205210747635,3.557201985028125,1.67584538245658
Lynx1,17,14,2.38872109283558,1.4094071589918677,1.694841038372619
Ifi44,10,3,0.7291063754619441,0.13548493015195637,0.7291063754619441
Ifit2,26,16,2.9209030309243866,0.9911344321764597,2.9209030309243866
Samd12,188,126,12.253629218733664,4.952038167151167,2.474461788282822
Irf9,12,15,1.2764316851959574,0.9174744866762048,1.2764316851959574
Trim30d,10,5,0.7355225785934978,0.25836243107581114,0.7355225785934978
Klhdc7a,12,13,1.6098306141791359,0.9089604503718387,1.6098306141791359
Dner,183,146,14.63241535292681,7.01753357656826,2.085122243203061
Csf1,24,19,2.631739025642049,1.0912233839090388,2.411732615383014
Bst2,7,1,0.5275443701715902,0.022735471804547408,0.5275443701715902
1500015O10Rik,18,9,2.640688043857773,1.2783854890030448,2.065643005629801
Gpc4,53,48,3.521127631895537,1.8938590887504863,1.8592342232909609
Ifi27,4,6,0.4725838698635565,0.19986871930393596,0.4725838698635565
Ddx60,37,25,2.626727964920738,0.985136535899837,2.626727964920738
Gm20559,4,3,0.2764295771776597,0.11797253385221343,0.2764295771776597
Trim30a,14,12,1.061578613152026,0.36198562199684364,1.061578613152026
Ifit3b,5,6,0.27013822074934757,0.22329979116778556,0.27013822074934757
Fam167a,31,17,2.663753788363009,1.2554593025957594,2.1217364695577876
Parp9,28,26,2.5149996881970536,1.1513351561909466,2.184420127078918
Pde1b,31,29,4.101078904283538,2.2585878324679896,1.815771273239453
Cx3cl1,8,6,0.4764366083978643,0.3059415224670241,0.4764366083978643
Dtx4,49,52,6.530416961295814,3.7895625696861948,1.7232640552063991
Parp14,19,21,1.722317241216023,0.9788054344716934,1.722317241216023
Plxna2,130,100,13.212877772225864,6.5588901982983,2.0144990040622934
Gbp2,18,16,1.427313862704311,0.5504629505277197,1.427313862704311
Ifit3,1,6,0.023039703300305397,0.20178916627806706,0.023039703300305397
Apln,15,10,1.3663984778363159,0.7430583425495879,1.3663984778363159
Cmpk2,7,8,1.066419522836572,0.5442711253146524,1.066419522836572
Mecp2,36,27,3.90351265277515,2.1158893183267824,1.844856731854952
Rnf213,57,59,4.961530186748931,2.666040440811895,1.8610108499471918
Ifit1,11,8,0.7256701966879936,0.22742817841154117,0.7256701966879936
Gbp7,17,12,1.3766189257415045,0.8175161452116899,1.3766189257415045
Rsad2,16,16,1.0315053473821607,0.5919964913353224,1.0315053473821607
Plekhg1,202,140,17.30413595816313,7.323860163999,2.3627070384580726
Igsf9b,38,30,2.4841131690169522,1.8144766259225995,1.3690521737935673
Gbp3,10,13,1.8402449585852398,0.8937131953797737,1.8402449585852398
Lgals3bp,13,11,1.9123295013171016,1.0646329907529395,1.7962335545929742
Samd9l,5,8,0.6443595851163499,0.30262061497718856,0.6443595851163499
Kcnma1,476,347,37.20563471868176,15.13021422330075,2.459028944969235
Irgm1,11,12,1.7177276669337387,0.9626908655402016,1.7177276669337387
Ifih1,25,25,2.097558978286263,1.1494860813427101,1.824779797103861
Oasl2,18,9,1.3801398459346095,0.43387773916332495,1.3801398459346095
Gbp9,11,11,0.7535882967573324,0.43432210856983106,0.7535882967573324
Ddx58,25,21,1.8571247133577464,1.0182917986891158,1.823764775232886
Cxcl10,6,4,0.4144878628428962,0.21752661520886132,0.4144878628428962
Rtp4,57,33,4.159120127333491,1.330371292419074,3.12628523407986
Irf7,10,12,0.9463352847836004,0.89614743843069,0.9463352847836004
