chr,start,end,exo_signal,endo_signal,enrichment,pvalue,binding_type,peak_width_exo,peak_width_endo,significant
chr7,127745854,127746160,257.6520775342254,427.9407971379044,0.6020741169279,0.2,both,1185.6666666666667,1237.0,False
chr7,127746480,127747131,257.6520775342254,427.9407971379044,0.6020741169279,0.2,both,1185.6666666666667,1237.0,False
chr7,127769765,127770211,0.0,65.94266104384266,0.0,0.0,endo_only,0.0,721.5,False
chr7,127776587,127777720,0.0,11.200782111718354,0.0,0.0,endo_only,0.0,374.0,False
chr7,127841412,127842351,15.716659423197308,45.73700421090749,0.34363115150093615,0.3333333333333333,both,424.0,534.0,False
chr7,127875449,127877185,0.0,20.527157191770815,0.0,0.0,endo_only,0.0,488.0,False
chr7,127895403,127895688,8.80884450096083,22.484294766071542,0.391777664926064,1.0,endo_only,0.0,491.0,False
chr7,127935406,127935994,10.548608958295723,21.608342390262138,0.4881729828128549,1.0,endo_only,0.0,514.0,False
chr7,127967107,127968299,61.060287390857894,7.647245408303139,7.984611991732415,0.5,exo_only,776.6666666666666,0.0,False
chr7,128237256,128238563,63.216686008512475,87.97337378187892,0.718588855819624,0.7,both,663.0,998.0,False
chr7,128461002,128462122,107.96850830828127,102.04292249846867,1.058069542352646,1.0,both,791.3333333333334,683.3333333333334,False
chr7,128611382,128611840,51.44905629549273,71.49760173456049,0.7195913575744919,1.0,both,541.3333333333334,592.3333333333334,False
chr7,129256599,129257189,16.783371660767312,0.0,inf,0.0,exo_only,368.0,0.0,True
chr7,130264991,130266512,26.791731081120506,0.0,inf,0.0,exo_only,671.0,0.0,True
chr7,130519061,130520114,78.96019427290018,81.2973035097299,0.9712523154405729,1.0,both,654.6666666666666,657.0,False
chr7,130936044,130937049,63.39239315392559,84.43530931630573,0.7507806114199141,0.22857142857142856,both,513.3333333333334,638.3333333333334,False
chr7,131362266,131363378,31.934412930307165,16.204650865228412,1.9706942899233537,1.0,exo_only,643.0,0.0,False
chr7,131371063,131371436,19.064935888944095,0.0,inf,0.0,exo_only,322.0,0.0,True
chr7,131560185,131560725,24.05566207899479,35.57857414377036,0.6761277723437611,0.4,both,368.6666666666667,562.0,False
chr7,132154427,132154716,100.05186945111166,186.78634163606708,0.5356487448426602,0.2,both,577.6666666666666,1137.3333333333333,False
chr7,132575893,132576495,15.910547853771002,44.42856217859742,0.35811529956365756,0.6666666666666666,endo_only,0.0,934.5,False
chr7,132852377,132852664,22.499630695486207,0.0,inf,0.0,exo_only,417.5,0.0,True
chr7,132930845,132931852,8.080823443665617,32.08193033796228,0.2518808363006651,1.0,endo_only,0.0,515.3333333333334,False
chr7,133637329,133638347,7.83153040794566,35.690381421015566,0.21942972016920562,1.0,endo_only,0.0,362.3333333333333,False
chr7,133708686,133709428,22.499575340509278,30.809657996633415,0.7302766990457283,0.3333333333333333,both,436.0,506.5,False
chr7,136894392,136894605,53.579704344655084,73.67542237574011,0.7272398666600361,0.4,both,613.3333333333334,824.0,False
chr7,137410453,137411112,252.40011639893146,119.71037019828778,2.108423154826578,0.1,both,1000.6666666666666,791.0,False
chr7,138845951,138847068,42.01583211809625,0.0,inf,0.0,exo_only,539.6666666666666,0.0,True
chr7,139212955,139213485,25.095608609578033,25.45625320503368,0.9858327699465084,0.2,both,480.0,439.0,False
chr7,139388537,139388778,90.66582252784178,213.36790630113887,0.42492717906637606,0.1,both,504.3333333333333,752.0,False
chr7,139389036,139389600,90.66582252784178,213.36790630113887,0.42492717906637606,0.1,both,504.3333333333333,752.0,False
chr7,139834032,139834242,27.721886241790315,10.86305444185666,2.551942125501511,1.0,exo_only,402.0,0.0,False
chr7,140036164,140036961,12.211309595133033,11.559627833877611,1.0563756697551756,0.6666666666666666,endo_only,0.0,298.5,False
chr7,140137551,140137846,25.57602791944299,6.343389455098779,4.031918282880318,0.6666666666666666,exo_only,433.0,0.0,False
chr7,140856078,140856825,24.587605148977804,19.446453298287196,1.2643747819631166,0.6666666666666666,exo_only,473.0,0.0,False
chr7,140857047,140857659,24.587605148977804,19.446453298287196,1.2643747819631166,0.6666666666666666,exo_only,473.0,0.0,False
chr7,140881656,140882426,5.348721044361433,14.379980571945259,0.37195606889737837,0.6666666666666666,endo_only,0.0,406.5,False
chr7,141172586,141172869,22.586510366323875,35.27241840142636,0.6403448186986384,0.6666666666666666,both,406.0,602.5,False
chr7,141193623,141195161,12.945555215659752,7.948496902919204,1.628679657773447,0.6666666666666666,exo_only,312.0,0.0,False
chr7,141228401,141229106,0.0,19.542378308528665,0.0,0.0,endo_only,0.0,403.5,False
chr7,141327236,141328505,44.48602169223299,94.67102041802355,0.46990115344487937,0.2,both,493.0,652.0,False
chr7,141391888,141392415,16.50337315865478,5.897299513273359,2.7984627746157,0.6666666666666666,exo_only,373.0,0.0,False
chr7,141413991,141414203,55.20087627501255,24.256185045223756,2.2757443584840256,0.4,both,578.3333333333334,539.0,False
chr7,141447347,141448021,26.396367830205154,10.998542889550452,2.399987716125919,0.3333333333333333,both,415.0,372.5,False
chr7,143069070,143069595,73.01884922891794,98.00528483570783,0.7450501200146895,0.2,both,613.3333333333334,893.0,False
chr7,143069768,143070049,73.01884922891794,98.00528483570783,0.7450501200146895,0.2,both,613.3333333333334,893.0,False
chr7,143548410,143549352,34.215684848958965,40.09677531345441,0.853327595086629,0.8,both,426.3333333333333,666.5,False
chr7,143822804,143823106,51.327722413633495,51.97588031434009,0.9875296407336123,1.0,both,561.0,625.3333333333334,False
chr7,143829997,143830360,67.50934998172833,47.68431989627925,1.4157557479811307,1.0,both,654.6666666666666,627.3333333333334,False
chr7,144582078,144582598,50.6043467379449,14.966792627549353,3.3811082973647646,1.0,exo_only,552.3333333333334,0.0,False
chr7,144914946,144915451,63.55631967110165,51.27864373166896,1.2394305903190292,0.8,both,501.6666666666667,781.0,False
chr7,145206283,145206588,28.56070266360756,36.97405018124679,0.7724526397190191,0.8,both,512.0,576.0,False
chr8,3221033,3221283,111.67217428368063,54.72428229560757,2.040632962173064,0.4,both,775.6666666666666,717.3333333333334,False
chr8,3279068,3279608,77.486742698323,25.83947626577223,2.9987737329244686,0.8,both,689.0,649.0,False
chr8,3500174,3500966,27.089038777943383,5.446397162357482,4.973753835869334,0.5,exo_only,358.6666666666667,0.0,False
chr8,3515318,3515566,14.83584837342236,9.727509919439052,1.5251434844363423,0.3333333333333333,both,331.5,326.5,False
chr8,3621239,3621646,31.53865770523048,80.68862757903587,0.3908686843674201,0.2,both,461.0,705.3333333333334,False
chr8,4166553,4166994,757.5913488783823,975.201428632949,0.7768562746471612,0.1,both,836.6666666666666,880.6666666666666,False
chr8,4238413,4239258,19.310624917741958,70.76172409146164,0.27289647285561325,0.2,both,371.5,731.6666666666666,False
chr8,4253002,4253419,34.356789730503486,49.99323921692865,0.6872287186958198,0.6666666666666666,both,403.5,877.0,False
chr8,4258389,4259352,29.608519201831587,38.344798155934704,0.7721652121214522,0.8,both,462.5,677.25,False
chr8,4324437,4325527,27.722802094754655,29.32418030586096,0.945390520914706,1.0,both,408.0,405.0,False
chr8,4677317,4678591,372.18482621336756,399.94556305752525,0.9305887115438138,1.0,both,1792.0,1772.6666666666667,False
chr8,8659823,8661897,46.937689693022975,5.092053337124012,9.217831508326922,0.5,exo_only,519.6666666666666,0.0,False
chr8,9976120,9976554,40.358962193337,20.48087412190964,1.970568343572922,0.5,exo_only,462.3333333333333,0.0,False
chr8,10153863,10154340,10.343879425625289,21.115523490659687,0.48987084929250446,1.0,endo_only,0.0,474.5,False
chr8,11497356,11497908,0.0,17.62484223275326,0.0,0.0,endo_only,0.0,426.5,False
chr8,11555149,11558650,356.99948324778575,464.56834976620195,0.7684541648768127,0.09307359307359307,both,912.5,951.0,False
chr8,11634787,11636044,51.68641607538371,78.5806482819436,0.6577499321453207,1.0,both,511.6666666666667,1020.75,False
chr8,11636466,11636671,37.32522005457946,71.11093167086433,0.524887231506663,0.6666666666666666,both,414.5,1084.0,False
chr8,12395517,12397679,105.32339071565009,164.9260283569507,0.638609877197175,0.2,both,838.0,1152.3333333333333,False
chr8,12430460,12431350,97.5438039925782,133.8498154646077,0.7287556105624258,0.7,both,862.3333333333334,1237.6666666666667,False
chr8,13104514,13105956,15.921733307771156,26.75849636400186,0.5950159938430107,0.6666666666666666,endo_only,0.0,443.0,False
chr8,13287139,13288476,50.47851758294744,45.084610255979875,1.1196396574427996,0.2,both,877.0,550.0,False
chr8,13676991,13677921,98.82436099407249,93.25696149115784,1.059699559302525,0.6285714285714286,both,807.75,887.5,False
chr8,13785316,13786400,52.06376318379219,67.4249437602505,0.7721736241845515,1.0,both,792.0,548.6666666666666,False
chr8,14888714,14889037,165.48472190232454,66.99506707527962,2.470103085595483,0.1,both,680.6666666666666,553.3333333333334,False
chr8,14911444,14911810,21.9248849956541,17.806671655965967,1.231273615825244,1.0,both,439.5,433.5,False
chr8,15011029,15012015,76.42181989852493,23.616727443398187,3.2359191205336906,1.0,exo_only,965.6666666666666,0.0,False
chr8,18594998,18595623,0.0,23.083612065628177,0.0,0.0,endo_only,0.0,607.5,False
chr8,18845955,18846995,18.010648861729297,16.621056728587188,1.0836043192579987,0.6666666666666666,endo_only,0.0,322.5,False
chr8,22060121,22060886,76.14595979377596,93.7671670518829,0.8120748678654562,0.7,both,634.0,659.3333333333334,False
chr8,22166148,22166413,26.021840112512493,36.73375687077676,0.7083903833755146,0.6666666666666666,both,375.0,472.5,False
chr8,22185507,22185965,18.75720241647948,32.99806947192934,0.5684333270598081,0.8,both,451.5,559.0,False
chr8,22192742,22193244,21.451279330458377,14.107286306311353,1.5205815537224512,0.3333333333333333,both,518.0,440.5,False
chr8,22398153,22398736,21.519774939926137,17.788623134879167,1.2097493311739844,0.3333333333333333,both,487.5,362.0,False
chr8,22593327,22594117,72.51335779808578,92.2746951619937,0.7858422904652709,0.7,both,823.0,720.0,False
chr8,22805468,22805734,96.8228412992634,76.55246467020855,1.2647906467333292,0.7,both,675.3333333333334,625.6666666666666,False
chr8,22807865,22808378,96.25317515815816,124.08970111270169,0.7756741638916381,0.7,both,721.0,1174.3333333333333,False
chr8,22858896,22860577,9.158497283738015,25.93886580688208,0.3530800981015943,1.0,endo_only,0.0,547.0,False
chr8,23207818,23208756,61.860645742836844,70.43486180195524,0.8782674397342202,1.0,both,689.0,834.3333333333334,False
chr8,23237313,23237905,36.70232416541382,21.28327534969478,1.7244678538606684,0.3333333333333333,both,473.5,356.5,False
chr8,23256688,23257318,14.472435207016952,30.428565589442474,0.47562002765054173,1.0,endo_only,0.0,618.5,False
chr8,25016510,25017634,165.11807166227675,155.16069286926987,1.064174621863776,1.0,both,812.6666666666666,697.3333333333334,False
chr8,25200754,25201800,31.11218897448411,43.079115962159165,0.7222104790129202,1.0,both,446.5,718.5,False
chr8,25596976,25597711,20.18193050457595,23.72114209650347,0.8507992752823985,0.6666666666666666,both,532.5,615.0,False
chr8,25601477,25602706,21.00921506703474,47.02503011854537,0.44676664776338526,0.2,both,298.3333333333333,627.3333333333334,False
chr8,25719972,25720494,28.970208863523613,3.9051775768020263,7.418410121889385,0.6666666666666666,exo_only,448.0,0.0,False
chr8,25753778,25754553,19.404155576119262,14.213156997830703,1.3652248813603367,0.6666666666666666,exo_only,452.0,0.0,False
chr8,25840324,25840821,31.667537737830497,20.409128594674925,1.5516359550055985,0.2,both,500.5,374.75,False
chr8,25976371,25976797,29.20286582370608,31.78254388467209,0.9188334933060496,0.4,both,548.5,441.3333333333333,False
chr8,26118794,26119887,25.060488990864233,25.985807400892956,0.9643913927416807,0.4,both,370.0,455.3333333333333,False
chr8,26976644,26979925,116.86043040009167,87.01700529074041,1.3429608386273313,0.6857142857142857,both,930.5,807.1666666666666,False
chr8,27023452,27024077,20.679843291350817,23.713011672885727,0.8720884372100597,0.2,both,330.5,444.5,False
chr8,27042455,27043091,67.45554378510286,23.81465979038974,2.8325218323011327,0.11428571428571428,both,736.3333333333334,419.75,False
chr8,27260287,27260749,34.50458501751525,101.98898991314216,0.33831676386736165,0.8,both,586.0,918.3333333333334,False
chr8,31111750,31112293,205.46635767394093,180.08359066973614,1.1409499161461938,0.4,both,1339.0,1112.1666666666667,False
chr8,31168504,31169102,16.28700773858065,0.0,inf,0.0,exo_only,283.0,0.0,True
chr8,33385461,33386273,115.27438882750003,30.179647222513054,3.8196069018828362,0.5333333333333333,both,594.3333333333334,577.0,False
chr8,33641710,33642112,9.458313458730274,12.272248196165572,0.7707074781689549,0.6666666666666666,endo_only,0.0,346.5,False
chr8,33731779,33732587,8.884782815624286,11.995177770454466,0.7406962185678108,0.6666666666666666,endo_only,0.0,371.0,False
chr8,34108162,34108590,51.785555626524804,31.681251593774178,1.6345804859774358,0.8,both,596.3333333333334,638.0,False
chr8,34154398,34154861,21.402043900108954,7.195355062855161,2.974424988503137,1.0,exo_only,360.5,0.0,False
chr8,34806595,34809760,45.47330130380098,38.34726927960178,1.185828930144702,0.7,both,460.3333333333333,655.6666666666666,False
chr8,36094594,36095242,0.0,15.107302260189712,0.0,0.0,endo_only,0.0,482.0,False
chr8,36248079,36249336,89.2797825771073,95.49029345501795,0.9349618620573598,0.4126984126984127,both,448.8333333333333,631.8333333333334,False
chr8,36613577,36614123,39.040749660843055,15.853525498072415,2.4625910284491552,1.0,exo_only,469.6666666666667,0.0,False
chr8,39005780,39006363,10.909804539983098,17.956170065333875,0.6075797066015504,0.6666666666666666,endo_only,0.0,543.5,False
chr8,40307612,40308449,34.525390007584726,24.36318929340099,1.417112907173293,0.3333333333333333,both,509.5,558.5,False
chr8,40511096,40512319,22.20995385117709,16.703426680930352,1.3296645218632488,0.6666666666666666,exo_only,574.0,0.0,False
chr8,41239559,41240382,87.64168582286834,100.88429332208348,0.8687346953312469,0.4,both,690.6666666666666,722.0,False
chr8,41374361,41374963,90.24921196203452,32.70764971091532,2.7592692461762613,0.8,both,556.6666666666666,532.5,False
chr8,44934783,44935480,47.28669574529183,20.9918314804604,2.2526236354987508,0.6666666666666666,exo_only,956.5,0.0,False
chr8,44937941,44938767,0.0,24.569334700797086,0.0,0.0,endo_only,0.0,736.0,False
chr8,45333165,45333447,5.7113486243959395,17.89545895177676,0.31915072084970947,0.6666666666666666,endo_only,0.0,555.0,False
chr8,45975128,45975554,42.136257729369284,111.82005574631329,0.3768220061074198,0.1,both,409.6666666666667,687.6666666666666,False
chr8,45999747,46000367,39.14738901120601,11.304346431776386,3.463038685824698,0.2,both,432.3333333333333,318.0,False
chr8,46163330,46164084,19.03069710780421,6.736727058633722,2.8249173437143575,1.0,exo_only,424.0,0.0,False
chr8,46210834,46211112,51.094336923867694,30.298335614090323,1.6863743795915356,0.4,both,518.3333333333334,446.6666666666667,False
chr8,46471064,46471743,10.188822233615895,37.21702225694052,0.2737677980595507,0.5,endo_only,0.0,384.3333333333333,False
chr8,46617064,46617871,78.1427488179847,78.59569930129607,0.9942369558724201,1.0,both,595.0,734.3333333333334,False
chr8,47412402,47413926,59.99368922125438,25.361617463497577,2.365530877815738,0.6666666666666666,both,879.5,665.0,False
chr8,47533324,47534058,80.58997313522376,72.94254456709764,1.10484181232657,1.0,both,615.0,703.3333333333334,False
chr8,47673649,47675941,94.26842079060954,56.492746545593626,1.6686818495278555,0.1,both,752.6666666666666,696.0,False
chr8,47713145,47714552,35.862153446985026,57.97523958683624,0.6185770632869938,0.2,both,366.6666666666667,624.6666666666666,False
chr8,54529497,54530108,75.43439389714881,61.62010184214017,1.2241848299828912,0.6285714285714286,both,560.8333333333334,690.3333333333334,False
chr8,56550720,56551432,21.03246592382099,21.25379331312746,0.9895864523548478,1.0,both,513.0,447.5,False
chr8,57486939,57488010,49.96528818004102,32.625537024244444,1.531477877066397,1.0,both,439.6666666666667,460.5,False
chr8,57511148,57512876,88.22441923756806,109.62028849785499,0.8048183456413217,0.7,both,458.3333333333333,652.3333333333334,False
chr8,60632297,60633504,105.56663907884575,79.99921618022547,1.3195959175527538,0.8857142857142857,both,672.0,879.5,False
chr8,60890225,60890678,15.14323829511171,0.0,inf,0.0,exo_only,339.5,0.0,True
chr8,60982714,60983709,67.3801729474921,30.432432379695637,2.2140909443849717,0.1,both,703.3333333333334,493.0,False
chr8,60993138,60993589,103.78618473870712,95.92550023742653,1.0819457233147025,1.0,both,668.0,767.0,False
chr8,61487837,61488093,5.71134619991136,23.754177027588725,0.24043544818572551,0.6666666666666666,endo_only,0.0,598.0,False
chr8,61515757,61515960,4.457457334129958,44.64400210025826,0.09984448356846959,0.6666666666666666,endo_only,0.0,1003.5,False
chr8,61590932,61591254,31.512664927254406,10.082279999715931,3.1255494717605816,1.0,exo_only,490.0,0.0,False
chr8,64692606,64693169,34.327569252911154,16.031914886224993,2.1412020645397907,1.0,exo_only,375.3333333333333,0.0,False
chr8,64733419,64733904,55.282700851235745,53.03533765655474,1.0423748258045313,1.0,both,454.3333333333333,568.3333333333334,False
chr8,64947151,64947789,20.36314465548467,0.0,inf,0.0,exo_only,355.5,0.0,True
chr8,68734750,68735255,71.39050723957114,28.39164920278988,2.5144896208620393,0.4,both,804.3333333333334,580.5,False
chr8,68793601,68794246,24.109842502326345,10.06708549783077,2.394917824778728,1.0,exo_only,562.0,0.0,False
chr8,69395332,69395559,51.32131641688982,35.42916308875517,1.44856135292619,0.4,both,514.6666666666666,546.0,False
chr8,69625174,69625563,79.67959313787503,53.29510550906156,1.4950639909011423,0.4,both,533.3333333333334,428.6666666666667,False
chr8,69654445,69655083,22.503426202360853,16.8160785269126,1.338208915137151,0.6666666666666666,both,524.5,560.5,False
chr8,69716476,69716910,230.56229804636823,252.27748456087627,0.9139234063939304,1.0,both,739.6666666666666,842.0,False
chr8,69749631,69749956,60.95511099282127,71.98486497763312,0.8467767635844149,0.7,both,472.3333333333333,572.0,False
chr8,69774611,69774955,57.764114312554,66.83083913965241,0.8643332188579554,1.0,both,432.6666666666667,557.3333333333334,False
chr8,69832539,69832888,25.934685661933056,30.699378728301394,0.8447951305940982,0.4,both,304.6666666666667,372.3333333333333,False
chr8,69901464,69903472,13.541492412384066,17.069454696048307,0.7933172238665018,0.6666666666666666,endo_only,0.0,485.5,False
chr8,69995856,69996974,57.1962611292707,97.94337193112979,0.5839727589682029,0.2,both,443.0,597.3333333333334,False
chr8,70139216,70139902,54.01890170233887,42.497439489513916,1.271109562157688,0.7,both,600.3333333333334,538.0,False
chr8,70211803,70212835,346.34413110225006,431.7129525719436,0.8022555937663994,0.2,both,778.3333333333334,876.3333333333334,False
chr8,70503243,70503455,0.0,20.481531570132887,0.0,0.0,endo_only,0.0,505.0,False
chr8,70505755,70506064,0.0,10.809442434889972,0.0,0.0,endo_only,0.0,360.0,False
chr8,70506489,70506822,0.0,10.809442434889972,0.0,0.0,endo_only,0.0,360.0,False
chr8,70510148,70510819,0.0,13.170175442742234,0.0,0.0,endo_only,0.0,470.0,False
chr8,70538691,70539934,109.80964992258896,280.2648874118487,0.39180666167868505,0.1,both,673.6666666666666,1013.3333333333334,False
chr8,70611159,70611804,18.961730605720597,34.994306920217774,0.5418518689040118,0.8,both,422.5,593.25,False
chr8,70629690,70630158,0.0,14.709280787378411,0.0,0.0,endo_only,0.0,455.0,False
chr8,70673057,70673706,64.69542794768068,142.45292708211892,0.4541530263564618,0.1,both,708.3333333333334,721.6666666666666,False
chr8,70698678,70700406,45.74698083302306,102.37548325671058,0.44685484627516425,0.4,both,434.0,660.8333333333334,False
chr8,70754903,70755261,0.0,25.67333871986017,0.0,0.0,endo_only,0.0,410.0,False
chr8,70760658,70761250,28.258592537532166,70.0903108475686,0.4031740221410709,0.4,both,393.5,495.3333333333333,False
chr8,70776272,70777405,9.745417048476781,95.61423915139756,0.10192432774626473,0.5,endo_only,0.0,590.3333333333334,False
chr8,70796816,70797959,56.442692679866525,56.92006935338736,0.9916132099109534,1.0,both,438.6666666666667,589.6666666666666,False
chr8,70839006,70839676,136.78533891204546,461.7672198413483,0.29622141424209686,0.1,both,503.6666666666667,876.3333333333334,False
chr8,70865461,70865953,18.704219541891295,74.91542960879762,0.249671124353998,0.2,both,343.5,621.6666666666666,False
chr8,70873273,70873557,7.217760665985337,30.64679130629663,0.23551439998556684,0.5,endo_only,0.0,361.3333333333333,False
chr8,70897102,70897671,23.24470250246289,56.901573323472824,0.40850720190673656,0.8,both,410.5,689.6666666666666,False
chr8,71272287,71273128,56.37903250361652,18.5933314317152,3.0322179062246546,0.4,both,496.6666666666667,356.5,False
chr8,71366819,71367477,0.0,16.396985400546818,0.0,0.0,endo_only,0.0,461.0,False
chr8,71371267,71371913,10.003461208512999,47.782639913532904,0.20935346449286152,1.0,endo_only,0.0,510.6666666666667,False
chr8,71465316,71465587,78.66965095315862,188.89189478755097,0.4164797597146206,0.1,both,683.6666666666666,723.3333333333334,False
chr8,71488690,71489496,15.420630063968987,20.330378520490655,0.7585018669685263,0.6666666666666666,endo_only,0.0,612.0,False
chr8,71542724,71543287,0.0,41.16378665870999,0.0,0.0,endo_only,0.0,566.0,False
chr8,71569574,71569964,107.39021466554148,84.10109524381467,1.2769181465973791,0.8571428571428571,both,670.1666666666666,615.0,False
chr8,71570537,71570879,90.7390215843249,84.10109524381467,1.0789279416786006,0.7,both,678.6666666666666,615.0,False
chr8,71610934,71611551,27.128840385762135,62.09728934392516,0.4368764026962489,0.8,both,351.5,514.6666666666666,False
chr8,72160616,72161662,96.02107417031492,150.07394657129154,0.6398250753317852,0.2,both,529.0,622.3333333333334,False
chr8,72240014,72240639,98.89127688669878,52.14637238467311,1.8964171880873724,0.4,both,731.3333333333334,636.6666666666666,False
chr8,72420844,72421816,21.43349805913626,10.877914428211392,1.9703683275490222,1.0,exo_only,566.5,0.0,False
chr8,72443637,72443880,27.773681118814192,40.02009945913351,0.6939933057181745,0.2,both,345.6666666666667,586.5,False
chr8,72492029,72493050,10.532271876298717,44.54712065576629,0.2364299133424551,1.0,endo_only,0.0,487.0,False
chr8,72547480,72549064,0.0,24.06847858641429,0.0,0.0,endo_only,0.0,607.5,False
chr8,72570733,72571328,83.39039009406368,135.86971687149438,0.6137525860375078,0.2,both,438.6666666666667,878.0,False
chr8,72571909,72572179,0.0,104.95369727787602,0.0,0.0,endo_only,0.0,1049.5,False
chr8,73352585,73353911,56.36944032548169,24.681035946317554,2.283917111424656,1.0,exo_only,523.3333333333334,0.0,False
chr8,75033535,75034344,89.5384659484079,133.41679148342095,0.6711184173510454,0.2,both,732.0,773.6666666666666,False
chr8,76901937,76902270,57.16804891186907,37.637439289670944,1.5189144105124608,0.5,exo_only,422.0,0.0,False
chr8,77549333,77549559,19.668744925245747,0.0,inf,0.0,exo_only,344.5,0.0,True
chr8,77610288,77610521,13.95608011439625,0.0,inf,0.0,exo_only,325.5,0.0,True
chr8,78508509,78509789,25.49777661706078,11.557364705556724,2.2061929571887244,0.5,exo_only,370.0,0.0,False
chr8,79029491,79030831,0.0,14.326268117651074,0.0,0.0,endo_only,0.0,476.0,False
chr8,79294468,79295312,5.76573997324385,43.032675831623465,0.1339851603884408,0.5,endo_only,0.0,537.3333333333334,False
chr8,79398355,79399582,31.45012081010832,11.695624307838374,2.6890501936720503,1.0,exo_only,379.0,0.0,False
chr8,79639005,79640293,37.21110482997244,54.60138839799716,0.6815047368161317,0.3333333333333333,both,620.0,720.5,False
chr8,80738420,80739970,19.661913703190866,35.12625341878993,0.5597498107405103,1.0,both,347.0,686.5,False
chr8,80879375,80880327,96.32141783515972,93.46931137653576,1.030513827657662,1.0,both,767.0,904.6666666666666,False
chr8,81013964,81015321,35.68843163220748,26.792312640527324,1.3320399814319674,1.0,both,423.3333333333333,492.0,False
chr8,81342430,81342678,30.508678148780305,0.0,inf,0.0,exo_only,417.6666666666667,0.0,True
chr8,83442189,83442750,0.0,17.332384422064944,0.0,0.0,endo_only,0.0,453.5,False
chr8,83566632,83567128,0.0,14.053578666483133,0.0,0.0,endo_only,0.0,337.0,False
chr8,83594398,83594751,67.02236456661105,115.08609061747626,0.5823672018661258,0.2,both,691.3333333333334,907.0,False
chr8,83607918,83608812,31.403275707800642,49.326653448681874,0.6366390888543,1.0,both,486.0,526.0,False
chr8,83714989,83715807,72.77551856262367,26.43983217101361,2.7524954807545483,0.1,both,550.3333333333334,459.6666666666667,False
chr8,83899680,83901247,54.43552591933051,76.02474306801693,0.7160238064945351,0.7,both,505.0,667.3333333333334,False
chr8,83955192,83956192,88.60392737939442,67.81484562504784,1.3065565004643762,0.4,both,561.6666666666666,533.6666666666666,False
chr8,83972341,83973054,32.36012058900184,28.782171515751603,1.1243112970573514,1.0,both,450.5,388.5,False
chr8,84066136,84067467,139.05630502195572,137.5769538091035,1.010752899899971,0.7,both,521.6666666666666,565.0,False
chr8,84236754,84237429,99.33108351525216,61.79514080174378,1.6074254743416518,0.1,both,614.6666666666666,542.3333333333334,False
chr8,84661923,84662867,9.77996674227738,85.53670907012308,0.1143364860373545,0.5,endo_only,0.0,1107.0,False
chr8,84663998,84664384,18.247885668770593,110.03642226918264,0.16583495984748306,0.26666666666666666,both,297.0,1005.5,False
chr8,84846525,84847389,40.86029036190387,56.22992741857175,0.7266644692201477,0.6666666666666666,both,415.0,557.0,False
chr8,84908520,84909214,61.77895994482199,60.851778633678975,1.0152367166903131,1.0,both,595.3333333333334,841.0,False
chr8,84965826,84966156,28.225407829922162,5.689230156857497,4.961199855115854,1.0,exo_only,451.5,0.0,False
chr8,84976171,84978911,0.0,73.65490135163527,0.0,0.0,endo_only,0.0,932.1666666666666,False
chr8,84990547,84990799,29.40123346119311,84.56668362583532,0.3476692262319125,0.2,both,542.0,623.3333333333334,False
chr8,85036778,85038309,0.0,27.246187762923352,0.0,0.0,endo_only,0.0,605.0,False
chr8,85299056,85300113,70.72375743196093,92.48170072340592,0.7647324484600624,0.7,both,383.6666666666667,448.3333333333333,False
chr8,85432233,85432998,57.93148050607897,45.73640464480918,1.2666382711097923,0.1,both,555.6666666666666,528.3333333333334,False
chr8,85492530,85493216,52.04287558288465,129.56877630361177,0.40166216790482984,0.1,both,573.3333333333334,764.3333333333334,False
chr8,85840538,85840969,27.118321864492543,0.0,inf,0.0,exo_only,375.6666666666667,0.0,True
chr8,86624084,86624579,44.25874186616301,33.065446900911816,1.3385193915205338,0.7,both,442.0,391.3333333333333,False
chr8,86745325,86746376,17.92235577314034,8.900568329185475,2.0136192555672996,1.0,exo_only,415.0,0.0,False
chr8,88118705,88119069,0.0,22.934398668708567,0.0,0.0,endo_only,0.0,366.5,False
chr8,88198983,88200575,35.87075992359154,29.396517003434486,1.2202384357099398,0.6666666666666666,endo_only,0.0,846.5,False
chr8,88454053,88454653,20.459356720088223,9.118622341704496,2.2436894470907394,1.0,exo_only,423.5,0.0,False
chr8,88521360,88521790,17.718914728335818,11.251116539351118,1.5748583410689403,0.3333333333333333,both,382.5,347.0,False
chr8,88696699,88697446,115.32372483602147,100.958423256199,1.1422892822262893,1.0,both,774.6666666666666,657.6666666666666,False
chr8,89041007,89044345,40.94757688611566,14.796468234877226,2.76738855760166,0.6666666666666666,exo_only,926.5,0.0,False
chr8,90828686,90828982,33.33912205374495,10.675368609482176,3.1229949309789795,1.0,exo_only,526.0,0.0,False
chr8,90907807,90909447,19.51828532268019,27.744112367857685,0.7035108949923609,0.6666666666666666,both,309.0,378.0,False
chr8,91069993,91070507,54.89686499892841,18.108403304143984,3.031568497613792,0.4,exo_only,482.1666666666667,0.0,False
chr8,91133433,91134222,157.83049052660513,179.74474301716432,0.8780812605547716,0.7,both,661.6666666666666,775.6666666666666,False
chr8,91313205,91313787,175.05452590233858,150.45842079327105,1.1634744335304599,0.7,both,785.0,717.6666666666666,False
chr8,91797677,91798046,0.0,11.636563438213045,0.0,0.0,endo_only,0.0,386.0,False
chr8,91799685,91801599,112.38438169464246,79.09792900126956,1.420825843529211,1.0,both,661.1666666666666,830.6666666666666,False
chr8,91801867,91802202,104.56151148526034,79.09792900126956,1.321924768518049,0.7,both,751.3333333333334,830.6666666666666,False
chr8,92355697,92360826,245.5780381211507,149.68280979457776,1.6406562547708583,0.5887445887445888,both,852.3333333333334,676.1666666666666,False
chr8,94036620,94037114,93.89545517957299,28.608489553992683,3.2820836277414958,0.4,both,779.3333333333334,473.0,False
chr8,94037247,94037528,93.89545517957299,28.608489553992683,3.2820836277414958,0.4,both,779.3333333333334,473.0,False
chr8,94098143,94098649,45.83675193769658,62.132104009758514,0.7377305608465702,0.8,both,689.5,677.3333333333334,False
chr8,94178896,94179555,0.0,21.238984977771157,0.0,0.0,endo_only,0.0,501.0,False
chr8,94214505,94215014,29.412130388361238,0.0,inf,0.0,exo_only,407.3333333333333,0.0,True
chr8,94386178,94386763,9.998544764021633,30.13386164600219,0.33180429649142307,1.0,endo_only,0.0,597.0,False
chr8,94601104,94602522,131.12223896801694,92.95530967980811,1.410594396594211,0.4,both,691.0,719.6666666666666,False
chr8,94838022,94838678,0.0,14.349465548058946,0.0,0.0,endo_only,0.0,408.0,False
chr8,94917495,94918246,22.111024545145927,22.609835460900097,0.9779383217265433,1.0,both,385.5,500.0,False
chr8,95080877,95081149,383.9779936383977,435.53766271698595,0.8816183455709733,0.7,both,1134.0,1029.0,False
chr8,95081355,95081577,383.9779936383977,435.53766271698595,0.8816183455709733,0.7,both,1134.0,1029.0,False
chr8,95331537,95332497,25.385083813536095,57.24880017483412,0.4434168705022934,0.8,both,403.5,569.6666666666666,False
chr8,95352141,95353477,14.297058830793873,0.0,inf,0.0,exo_only,329.0,0.0,True
chr8,95434408,95435087,12.445015203853151,25.844832458877402,0.48152818261270763,1.0,endo_only,0.0,473.0,False
chr8,95806617,95808138,107.53641418259241,100.73399812494756,1.0675285026333148,1.0,both,668.0,647.6666666666666,False
chr8,95888100,95888514,0.0,16.23524522330794,0.0,0.0,endo_only,0.0,460.5,False
chr8,104340504,104341223,46.365175954624846,14.602979019128696,3.1750491385278505,0.3333333333333333,both,887.0,425.5,False
chr8,104591497,104591834,17.528550981611776,0.0,inf,0.0,exo_only,352.5,0.0,True
chr8,104641440,104642058,39.43456378133917,0.0,inf,0.0,exo_only,471.6666666666667,0.0,True
chr8,105225067,105225417,28.650802832185416,11.411381007633645,2.5107217796881427,1.0,exo_only,687.0,0.0,False
chr8,105289380,105290588,28.340163133434547,8.504106488241801,3.332526841311202,1.0,exo_only,490.5,0.0,False
chr8,105326034,105326674,8.392362289358752,18.258630083231328,0.4596381136537879,1.0,endo_only,0.0,374.0,False
chr8,105565511,105566920,31.967635880893397,41.23729204272706,0.7752118118660865,0.8,both,600.5,469.3333333333333,False
chr8,105635930,105637598,0.0,12.460226814290166,0.0,0.0,endo_only,0.0,322.0,False
chr8,105700706,105701789,0.0,9.279090760620777,0.0,0.0,endo_only,0.0,341.5,False
chr8,105854780,105855955,32.2727667240432,35.05055329055505,0.9207491378670941,0.6666666666666666,endo_only,0.0,774.0,False
chr8,105860461,105861139,59.37016745031269,43.161429894026845,1.3755375481322734,0.4,both,421.0,502.3333333333333,False
chr8,106150229,106150527,0.0,11.451745557473558,0.0,0.0,endo_only,0.0,351.5,False
chr8,106210478,106211520,52.072253520100276,35.7780160961333,1.455425962696908,0.2,both,1010.0,547.6666666666666,False
chr8,106337820,106338110,86.90618974884752,64.94991067160838,1.3380494114649633,0.4,both,521.3333333333334,411.0,False
chr8,106415255,106415558,35.96911527675502,0.0,inf,0.0,exo_only,406.0,0.0,True
chr8,106683002,106683506,26.0860672636009,44.965206494476625,0.5801389406897358,0.7,both,373.0,654.0,False
chr8,107150513,107151011,0.0,24.062790852537905,0.0,0.0,endo_only,0.0,528.5,False
chr8,108714467,108715379,20.54679410673285,0.0,inf,0.0,exo_only,457.5,0.0,True
chr8,109565415,109565990,66.03189841441235,74.50164184807056,0.8863146740989902,0.7,both,714.0,512.3333333333334,False
chr8,109608458,109608786,64.13785369675792,30.27389033884369,2.11858644458602,0.2,both,424.6666666666667,396.0,False
chr8,109692751,109693740,27.57425934847896,27.91686620039761,0.9877276034688388,0.4,both,320.3333333333333,513.5,False
chr8,109868437,109869279,33.04988185419609,33.36892714673781,0.9904388507566113,1.0,both,737.0,519.0,False
chr8,110217678,110218128,15.046077894003203,26.557608067974993,0.5665449183334702,0.5,endo_only,0.0,362.3333333333333,False
chr8,110919886,110920296,151.67004056055623,91.69768125682997,1.6540226370147098,0.4,both,724.0,621.6666666666666,False
chr8,111033836,111034144,11.737310435266238,23.174392736526418,0.5064775836290384,1.0,endo_only,0.0,480.0,False
chr8,111299505,111300477,0.0,14.113125572251647,0.0,0.0,endo_only,0.0,412.0,False
chr8,111853762,111854484,40.13471453653097,37.332976953423945,1.0750472587975621,0.8,both,412.3333333333333,597.5,False
chr8,111876410,111876854,17.08049221723613,16.7573819738453,1.0192816660678343,1.0,both,388.5,358.5,False
chr8,111933341,111933810,46.65994147108572,7.731005898401637,6.035429552670828,0.8,exo_only,437.6666666666667,0.0,False
chr8,111940594,111941295,16.687445396222802,10.347654048629884,1.6126790978707255,1.0,exo_only,357.5,0.0,False
chr8,113635237,113635799,373.2516008530735,246.0859001015972,1.5167532991486943,0.2,both,953.6666666666666,980.3333333333334,False
chr8,114439551,114440094,70.5400562205744,60.155268920779996,1.1726330458844827,0.8,both,415.0,789.5,False
chr8,115705738,115707525,13.320423645660979,18.32837552173939,0.7267650987323754,0.6666666666666666,endo_only,0.0,484.5,False
chr8,115708035,115708273,13.320423645660979,18.32837552173939,0.7267650987323754,0.6666666666666666,endo_only,0.0,484.5,False
chr8,116921124,116922036,159.19228851530747,67.66339490408345,2.3527091530209385,0.1,both,1141.3333333333333,765.6666666666666,False
chr8,116978661,116979149,73.43269543979622,36.879690988964185,1.9911418309272193,0.1,both,427.0,397.0,False
chr8,116993059,116993625,112.91312971621983,35.856052449760305,3.149067507485048,0.1,both,717.3333333333334,471.3333333333333,False
chr8,117801706,117802285,86.7252985289211,70.18377328369532,1.2356887421592737,0.7,both,650.0,662.3333333333334,False
chr8,118283568,118284585,15.588875554031537,0.0,inf,0.0,exo_only,308.0,0.0,True
chr8,119344460,119344778,23.468622972694344,6.910096148359972,3.3962802352995247,0.6666666666666666,exo_only,340.5,0.0,False
chr8,119558397,119558932,18.690729625590667,0.0,inf,0.0,exo_only,378.5,0.0,True
chr8,119862194,119862489,11.11230671241898,16.151049715802507,0.6880238069941966,0.6666666666666666,endo_only,0.0,345.5,False
chr8,119910682,119911497,0.0,11.685941643395017,0.0,0.0,endo_only,0.0,330.5,False
chr8,120113643,120114695,59.24597169078075,55.31981806362834,1.0709719186465252,1.0,both,606.0,572.0,False
chr8,120449898,120450261,11.217198859503982,56.22567706277034,0.19950313531984867,1.0,endo_only,0.0,678.6666666666666,False
chr8,120505150,120505361,24.115893768978083,26.89203615909342,0.8967671182021449,0.8,both,431.0,413.0,False
chr8,120535770,120538261,26.62976800830425,11.93350141240458,2.2315133746599525,0.6666666666666666,exo_only,507.5,0.0,False
chr8,120538682,120538922,26.62976800830425,11.93350141240458,2.2315133746599525,0.6666666666666666,exo_only,507.5,0.0,False
chr8,120588874,120589537,132.2108568692975,168.33054929616208,0.7854240209047537,1.0,both,601.0,631.6666666666666,False
chr8,121585276,121585701,40.42096378035432,35.57635217562629,1.1361750519224711,0.8,both,430.0,590.0,False
chr8,121651371,121653286,37.360743277426344,44.88929989484535,0.8322861654101334,0.7,both,399.5,391.0,False
chr8,121950374,121951234,122.39805904368832,266.8779024242229,0.4586294254109028,0.1,both,573.3333333333334,831.3333333333334,False
chr8,122281252,122281509,149.08277949188997,185.79127896631428,0.8024207611968702,0.4,both,771.0,688.6666666666666,False
chr8,122281748,122282240,149.08277949188997,185.79127896631428,0.8024207611968702,0.4,both,771.0,688.6666666666666,False
chr8,122443405,122443853,177.6022821999842,199.976785669956,0.8881144959150461,0.7,both,1207.0,1507.0,False
chr8,122567678,122568383,32.14193118327005,29.381917952510538,1.09393577489463,0.5,endo_only,0.0,466.6666666666667,False
chr8,122611817,122612047,47.96644464279291,29.929302264936172,1.6026582984859037,0.8,both,432.3333333333333,555.5,False
chr8,123041287,123042967,14.69173185664443,47.114621288501844,0.3118295648962352,1.0,endo_only,0.0,460.3333333333333,False
chr8,123235591,123235800,14.892956763292531,0.0,inf,0.0,exo_only,369.0,0.0,True
chr8,123236124,123236335,14.892956763292531,0.0,inf,0.0,exo_only,369.0,0.0,True
chr8,123318347,123318618,33.04307266070354,0.0,inf,0.0,exo_only,441.5,0.0,True
chr8,123373476,123374433,15.834618348643993,54.09089306369265,0.2927409301598801,0.8,endo_only,0.0,599.6666666666666,False
chr8,123442953,123443317,28.89425911430826,48.52611646963451,0.5954372864844646,0.3333333333333333,both,333.0,771.5,False
chr8,123858992,123859990,20.49712949566946,5.738778700245707,3.571688431685277,1.0,exo_only,494.5,0.0,False
chr8,124721639,124722407,43.66486071714419,42.40871329337356,1.029620031503453,1.0,both,442.0,482.3333333333333,False
chr8,125569223,125570454,0.0,26.40735291605434,0.0,0.0,endo_only,0.0,496.0,False
chr8,126422275,126422864,38.54244985089964,8.92046388469869,4.32067775275809,1.0,exo_only,516.0,0.0,False
chr8,126592368,126594954,124.55256190691098,408.9373153701236,0.30457617151954,0.05714285714285714,both,908.6666666666666,2672.3333333333335,False
chr8,127063558,127065048,17.515148568547954,15.040975697017677,1.1644955035743363,0.6666666666666666,both,280.5,399.0,False
chr8,128358447,128358687,26.286288203430512,0.0,inf,0.0,exo_only,455.5,0.0,True
chr8,128685320,128686390,31.124457240104217,26.134753432548735,1.1909221688443867,0.6666666666666666,both,435.5,544.5,False
chr9,4309133,4309885,191.99495984584044,111.59342016207398,1.7204863832203938,0.2,both,975.0,849.0,False
chr9,7763787,7764494,83.86333151127774,48.98808835340287,1.7119127185834007,0.6285714285714286,both,542.0,555.3333333333334,False
chr9,7836877,7837494,25.947888277144482,16.84623610833498,1.540278084094185,0.3333333333333333,both,446.0,382.5,False
chr9,13826423,13828229,399.79870309065177,513.3784094669711,0.7787602589398988,0.4,both,946.3333333333334,1075.6666666666667,False
chr9,14276146,14276772,144.37968127894138,184.415527529404,0.7829041470269952,0.7,both,705.0,677.3333333333334,False
chr9,14380647,14381181,36.13727719704436,0.0,inf,0.0,exo_only,747.0,0.0,True
chr9,14500256,14500932,103.19016293649817,109.0319607342359,0.9464212350360548,0.7,both,785.3333333333334,752.6666666666666,False
chr9,14784415,14785010,40.640054954479794,31.519829934141118,1.2893488016716734,0.4,both,433.6666666666667,356.0,False
chr9,15306146,15306592,37.02325673998353,5.833429843454514,6.346739008359897,0.6666666666666666,exo_only,399.5,0.0,False
chr9,18291975,18292614,31.236153157602487,27.26316897228173,1.1457271599409469,0.8,both,416.3333333333333,534.5,False
chr9,20581269,20581685,0.0,26.91295801268738,0.0,0.0,endo_only,0.0,576.5,False
chr9,20641998,20642464,48.88801350111606,10.602365189928276,4.611047877086639,0.6666666666666666,exo_only,650.5,0.0,False
chr9,20651979,20652529,151.38025053483457,203.4547030677535,0.7440489123734959,0.7,both,585.0,591.0,False
chr9,20878027,20878599,39.42619537665124,109.59088159124086,0.3597579908491439,0.8,both,552.5,849.0,False
chr9,20888102,20888570,10.10705593098231,21.925204140633895,0.4609788746391165,1.0,endo_only,0.0,348.5,False
chr9,20952560,20953008,18.60363282964661,21.220644097034178,0.8766761623529926,1.0,both,394.5,500.0,False
chr9,21091664,21092127,25.831388237427422,39.962261427596246,0.6463945561296328,1.0,both,467.0,440.0,False
chr9,21131207,21131569,60.83867808251362,12.612743169086462,4.823588117740143,0.5,exo_only,571.6666666666666,0.0,False
chr9,21265196,21265663,28.480358958431196,54.02122802364779,0.5272068037024986,0.4,both,524.0,679.0,False
chr9,21287672,21288321,0.0,36.00871387433779,0.0,0.0,endo_only,0.0,610.0,False
chr9,21290817,21291645,216.00652290868024,286.81304829664026,0.7531265547070668,0.2,both,673.3333333333334,841.6666666666666,False
chr9,21320948,21321238,12.717099792848288,0.0,inf,0.0,exo_only,283.5,0.0,True
chr9,21367448,21368510,65.70207118141535,135.50622806507408,0.4848638481019727,0.4,both,479.0,667.0,False
chr9,21424878,21425374,76.34087137997562,100.98611522521524,0.7559541349790833,0.4,both,540.6666666666666,631.3333333333334,False
chr9,21509925,21510286,169.24760988963064,130.24395096756692,1.2994661835141683,1.0,both,915.0,848.3333333333334,False
chr9,21546352,21547476,127.18257700869158,253.66470931440472,0.50138065067244,0.1,both,584.6666666666666,1021.3333333333334,False
chr9,21616276,21616655,36.758038256355015,66.21782856928225,0.5551078772976661,0.1,both,383.0,636.3333333333334,False
chr9,21723349,21723950,83.91522854971161,77.57804878377203,1.0816877952628425,0.6857142857142857,both,778.6666666666666,874.6666666666666,False
chr9,21852370,21852764,24.143641638060483,14.716183392937205,1.6406184262182975,0.6666666666666666,both,330.0,356.5,False
chr9,21936998,21937315,32.843710829592574,35.97804200396764,0.9128821080916685,1.0,both,416.3333333333333,469.3333333333333,False
chr9,21955731,21956226,172.95185023304967,169.1547771519744,1.0224473298656167,1.0,both,753.0,914.3333333333334,False
chr9,22002647,22003010,71.61915553935354,86.95938474417795,0.823593172261359,0.7,both,505.3333333333333,460.6666666666667,False
chr9,22070782,22071501,11.420845357948082,27.244667474551388,0.4191956230927035,0.6666666666666666,endo_only,0.0,674.0,False
chr9,22085301,22085696,67.27829016633838,21.64550306942985,3.1081878739679722,0.2,both,810.6666666666666,441.0,False
chr9,22156692,22157236,80.93038685183521,70.30451066827528,1.1511407459145409,0.7,both,582.0,552.0,False
chr9,22225766,22226030,63.17327541934237,66.19368023921174,0.9543701935146348,1.0,both,485.6666666666667,601.6666666666666,False
chr9,22388813,22389477,35.069014065123845,21.480337065452932,1.6326100450968124,1.0,both,668.5,465.0,False
chr9,22411367,22411818,23.209252705089558,33.87230208400169,0.6851985627528865,0.8,both,312.0,400.3333333333333,False
chr9,22475489,22475751,45.96416239381196,39.24943779960744,1.1710782362918757,0.4,both,736.0,367.3333333333333,False
chr9,23222362,23223909,16.18696232272083,4.416135390589207,3.6654135100149507,0.6666666666666666,exo_only,401.5,0.0,False
chr9,24503005,24503598,12.92954087158031,15.849124555269071,0.8157889621279971,0.6666666666666666,both,314.5,373.5,False
chr9,25151090,25152026,45.4045176990878,45.86698921267404,0.9899171163940612,0.4,both,472.0,676.0,False
chr9,25251963,25253373,86.45733589155213,97.98605998845817,0.8823432221046136,1.0,both,733.0,747.0,False
chr9,26999270,26999714,115.1891948227421,50.078723550029686,2.3001623575262595,0.1,both,1033.6666666666667,665.0,False
chr9,27029480,27030862,82.94311676521244,101.11140473527881,0.8203141572641284,0.7,both,686.0,932.3333333333334,False
chr9,27155027,27155508,33.78041565303951,11.48499965377721,2.9412639679035375,0.6666666666666666,exo_only,540.0,0.0,False
chr9,28403242,28403710,32.86227227885586,0.0,inf,0.0,exo_only,648.5,0.0,True
chr9,31030138,31031319,35.88973064170011,25.373657549693657,1.4144484519589262,0.3333333333333333,both,681.0,841.5,False
chr9,31211076,31212107,52.67341679340183,71.6659223296963,0.7349855423764703,0.2,both,436.6666666666667,784.5,False
chr9,31212288,31212525,52.67341679340183,71.6659223296963,0.7349855423764703,0.2,both,436.6666666666667,784.5,False
chr9,31280554,31281378,159.6142725006309,261.7489509862409,0.6097990914547015,0.05714285714285714,both,858.1666666666666,1256.6666666666667,False
chr9,31386005,31386636,0.0,19.483225692748892,0.0,0.0,endo_only,0.0,480.5,False
chr9,32695608,32696257,36.685860875111096,13.207126173659846,2.777732293364244,1.0,exo_only,474.0,0.0,False
chr9,34488869,34489096,45.846041917166794,0.0,inf,0.0,exo_only,535.0,0.0,True
chr9,35116564,35116956,40.615125477708496,16.77165101248272,2.42165338686571,0.2,both,416.5,456.0,False
chr9,35199770,35200100,29.460308891398643,11.825640492554657,2.4912231104900115,0.2,both,386.3333333333333,346.5,False
chr9,35210826,35211664,37.60787157779433,25.36116285570331,1.4828922392782526,0.8,both,409.6666666666667,345.5,False
chr9,35421126,35422113,10.822882763290645,0.0,inf,0.0,exo_only,293.0,0.0,True
chr9,35569662,35570530,51.03534144524162,36.74093397233493,1.389059447527111,1.0,both,484.6666666666667,752.0,False
chr9,36726272,36726731,12.13584876610129,21.760283731134,0.557706366150808,1.0,endo_only,0.0,430.5,False
chr9,36767479,36768005,277.3814849590203,229.7704850629209,1.2072111214939618,0.7,both,842.6666666666666,888.6666666666666,False
chr9,37146458,37146914,32.43046718207421,47.900905994153504,0.6770324383015318,0.2,both,373.3333333333333,578.0,False
chr9,37348287,37348622,17.05222642230863,14.000245442380356,1.2179948196257744,0.3333333333333333,endo_only,0.0,361.5,False
chr9,40800665,40801714,116.41356134480255,160.28228777043464,0.7263033424600018,0.8571428571428571,both,574.3333333333334,703.1666666666666,False
chr9,41890357,41890612,137.39160684796138,204.90113991933842,0.670526317725939,0.1,both,1057.3333333333333,1417.3333333333333,False
chr9,44043488,44043701,8.012341889058282,19.2514151229764,0.4161949569876357,1.0,endo_only,0.0,565.0,False
chr9,44305285,44305977,49.34989491975582,42.76796239767541,1.1538986697771263,0.6666666666666666,both,565.0,506.0,False
chr9,44319565,44320353,16.678991400216947,23.115115692671708,0.7215620991031754,0.6666666666666666,endo_only,0.0,406.5,False
chr9,44326916,44327163,17.219234909461505,11.814562860121477,1.4574584868969462,0.6666666666666666,exo_only,436.0,0.0,False
chr9,44334419,44335581,56.407168590955656,83.15105376635925,0.6783698586604867,0.7,both,380.3333333333333,591.6666666666666,False
chr9,44343911,44344249,16.065364876540375,14.495626288163246,1.1082904979179091,0.6666666666666666,exo_only,295.0,0.0,False
chr9,44379153,44379884,27.32652209908764,35.76988697651216,0.7639532693248724,1.0,both,482.0,748.0,False
chr9,44396933,44397451,12.402111307556986,49.22614979760181,0.2519415261715469,1.0,endo_only,0.0,507.3333333333333,False
chr9,44407135,44407934,49.734490305571036,96.53965771399997,0.5151716039113183,0.8,both,655.0,737.6666666666666,False
chr9,44498438,44499178,22.595420622047573,41.88592684446703,0.53945137004966,0.1,both,352.0,492.0,False
chr9,44733683,44734536,29.34610682487831,0.0,inf,0.0,exo_only,476.25,0.0,True
chr9,44767215,44767886,0.0,15.345740194560657,0.0,0.0,endo_only,0.0,449.0,False
chr9,44880812,44882280,35.950485095083096,30.86388607404409,1.1648074713869792,0.8,both,399.3333333333333,530.0,False
chr9,44920370,44920726,12.997092458034983,38.60582738672832,0.3366614145537791,1.0,endo_only,0.0,659.0,False
chr9,45828387,45828653,0.0,24.11290878302066,0.0,0.0,endo_only,0.0,614.0,False
chr9,45954680,45955380,21.180049573918126,14.806928689548736,1.4304147752712397,1.0,both,401.25,410.0,False
chr9,46012524,46013438,7.086297766021414,20.88469708750218,0.33930574795178603,1.0,endo_only,0.0,503.0,False
chr9,47529731,47531874,18.47890259459342,9.149872991542187,2.0195802293293745,0.3333333333333333,both,504.5,304.0,False
chr9,48834678,48836347,63.89960224610572,25.345468889789085,2.5211450032336518,0.4,both,677.0,660.5,False
chr9,48984969,48985827,121.08518240913047,198.8638615550667,0.6088847991901293,0.2,both,753.6666666666666,754.3333333333334,False
chr9,49055413,49055833,53.87227931352296,0.0,inf,0.0,exo_only,717.0,0.0,True
chr9,49796790,49798520,27.67440698428158,0.0,inf,0.0,exo_only,572.5,0.0,True
chr9,50528378,50528783,38.41143781683635,49.978713932267375,0.7685559470156167,0.4,both,373.0,553.3333333333334,False
chr9,50603783,50604302,16.504054660367913,15.450744590003552,1.0681721236299409,0.6666666666666666,endo_only,0.0,435.0,False
chr9,50616780,50617588,6.997523273593006,18.532004070531357,0.37759128731900665,0.6666666666666666,endo_only,0.0,366.0,False
chr9,50767997,50768558,6.895919617083526,25.55842647952089,0.2698100222487873,0.6666666666666666,endo_only,0.0,550.0,False
chr9,50856807,50857475,16.9731753000965,0.0,inf,0.0,exo_only,383.0,0.0,True
chr9,51008343,51009443,16.442902515517684,27.73842554548332,0.592784276402274,0.3333333333333333,both,307.5,509.5,False
chr9,51278564,51279283,43.962210525214125,21.625116815321245,2.0329236091833365,0.2,both,517.3333333333334,370.3333333333333,False
chr9,53247745,53248307,0.0,30.771358630628082,0.0,0.0,endo_only,0.0,423.6666666666667,False
chr9,53383947,53384579,32.41253018144651,23.950481690620126,1.3533143341388592,0.3333333333333333,both,527.0,560.5,False
chr9,53536538,53537644,141.42732995331636,73.17605237308874,1.9326996382948878,0.2,both,905.0,752.0,False
chr9,54501025,54501623,0.0,18.0748840985931,0.0,0.0,endo_only,0.0,569.0,False
chr9,54559948,54560181,33.54990175726055,37.97148137523385,0.8835552509979979,0.4,both,411.5,516.3333333333334,False
chr9,54863617,54864118,25.743578120387735,21.140718155871486,1.217724863014546,0.6666666666666666,both,618.0,542.5,False
chr9,54917237,54917459,22.78014281107364,0.0,inf,0.0,exo_only,383.5,0.0,True
chr9,56041810,56042329,47.75596386361831,37.89226359694886,1.2603090797527254,0.4,both,443.0,587.0,False
chr9,56417670,56418224,89.5353870458154,175.6511056047847,0.5097342640545068,0.1,both,847.6666666666666,1145.3333333333333,False
chr9,56950605,56950953,36.013041910975396,0.0,inf,0.0,exo_only,614.5,0.0,True
chr9,57072188,57073344,242.0684838391068,219.6132366558945,1.102249060781326,0.5555555555555556,both,894.0,790.3333333333334,False
chr9,57076181,57077129,453.9009433746972,386.5456197689741,1.1742493515926509,0.7,both,1229.0,1511.3333333333333,False
chr9,57467994,57468231,0.0,51.272145890436384,0.0,0.0,endo_only,0.0,782.0,False
chr9,57521062,57521813,0.0,12.629582405729314,0.0,0.0,endo_only,0.0,454.0,False
chr9,57560883,57561201,92.89980451158642,57.982726968669446,1.6021979194214886,1.0,both,511.0,601.5,False
chr9,58253065,58253422,22.569625077760776,12.377038461837577,1.8235077112630982,0.6666666666666666,exo_only,508.5,0.0,False
chr9,58582049,58582852,51.91548804700011,55.496620731173834,0.9354711577571405,1.0,both,543.0,775.0,False
chr9,59035708,59037181,25.195409577265064,6.824936512728775,3.6916694434116177,0.6666666666666666,exo_only,372.5,0.0,False
chr9,59291029,59292010,90.61081221072885,135.16369612998403,0.6703783249874313,0.2,both,697.6666666666666,908.6666666666666,False
chr9,59485718,59487038,29.049996564484772,10.511756631754258,2.7635720253196876,0.3333333333333333,both,598.5,350.0,False
chr9,59577874,59578646,28.388987427954074,23.79137944861567,1.1932468013999888,0.2,both,449.0,348.0,False
chr9,59617012,59617734,14.80718936183579,54.334512846651656,0.2725190415091442,1.0,endo_only,0.0,419.6666666666667,False
chr9,59656245,59657561,48.351898272788134,26.60057297827366,1.817701382307822,0.8,both,461.3333333333333,398.0,False
chr9,59750681,59751585,82.79125659603442,69.785439034557,1.1863686428201314,0.4857142857142857,both,844.6666666666666,755.1666666666666,False
chr9,60687984,60688225,30.294739232788974,4.707981187608575,6.4347621678108755,0.6666666666666666,exo_only,499.0,0.0,False
chr9,60794393,60794987,58.218614822724895,20.769023736250713,2.8031464339418535,0.4,both,653.3333333333334,626.5,False
chr9,61369480,61369822,11.317285929190547,23.758489910407718,0.47634702255351935,1.0,endo_only,0.0,601.5,False
chr9,61370646,61371649,24.911805682680708,84.18379674871642,0.29592162203186145,0.8571428571428571,both,368.0,613.8333333333334,False
chr9,61372252,61374318,6.6508066559683625,61.856268738347545,0.1075203336965138,0.8,endo_only,0.0,753.0,False
chr9,62121851,62122786,57.79682152108464,59.11445642138182,0.9777104454635468,1.0,both,455.0,465.3333333333333,False
chr9,62340766,62344699,8.140934742095876,12.71126998412901,0.6404501479600743,0.6666666666666666,endo_only,0.0,331.5,False
chr9,62363708,62363954,18.938464026015396,23.988092952207353,0.7894943572107804,0.6666666666666666,endo_only,0.0,486.5,False
chr9,63602464,63602905,14.398870638732221,10.328647235840874,1.3940712960713275,0.6666666666666666,exo_only,405.0,0.0,False
chr9,64020164,64023250,19.99638915694988,0.0,inf,0.0,exo_only,399.5,0.0,True
chr9,64179250,64179554,38.75539845979043,0.0,inf,0.0,exo_only,688.5,0.0,True
chr9,64253118,64253860,14.257458779704706,3.877889767688116,3.676602387850902,0.6666666666666666,exo_only,306.0,0.0,False
chr9,64811116,64812050,76.39313178942847,140.23443662427022,0.5447530123724774,0.1,both,686.6666666666666,743.0,False
chr9,64960773,64961153,52.66680223258396,58.10965106956693,0.9063348559696741,1.0,both,688.0,815.3333333333334,False
chr9,65021060,65021817,31.031460422690483,4.136319999883459,7.502190455178709,0.6666666666666666,exo_only,523.0,0.0,False
chr9,65101215,65101932,40.83705995190598,25.036245212447692,1.631117589933267,0.3333333333333333,endo_only,0.0,381.5,False
chr9,65215135,65215661,46.20436280295596,41.64569155661581,1.1094632139831992,1.0,both,592.0,674.0,False
chr9,65346019,65347094,0.0,25.977352528115414,0.0,0.0,endo_only,0.0,765.5,False
chr9,65579868,65580281,28.4829174087987,36.497845474929846,0.7803999671258252,0.2,both,341.6666666666667,414.0,False
chr9,65909274,65909796,89.01887265617644,88.47982758431311,1.0060922934252972,1.0,both,762.3333333333334,841.0,False
chr9,66059969,66060494,40.77461508725954,58.802378813441614,0.6934177818999882,0.8,both,668.5,658.3333333333334,False
chr9,66124605,66124884,13.894430644706544,41.359853818093946,0.3359400327142371,0.2,both,316.0,553.3333333333334,False
chr9,66349996,66351049,34.33762099217088,0.0,inf,0.0,exo_only,562.0,0.0,True
chr9,66511509,66512053,62.270883565391905,55.93517207259697,1.1132688299335516,0.14285714285714285,both,562.25,594.8333333333334,False
chr9,66591932,66593674,39.47039168709722,47.92453221549936,0.8235947199153261,0.4,both,570.0,555.0,False
chr9,66795188,66795964,30.459932268748304,6.934653792461859,4.392422921221966,0.6666666666666666,exo_only,549.0,0.0,False
chr9,66834422,66835389,68.8961791314326,53.39554065848018,1.2902983710211884,0.4,both,502.3333333333333,538.3333333333334,False
chr9,66919210,66919898,17.00822779919366,61.05417508977751,0.2785759986795956,0.2,both,389.0,705.6666666666666,False
chr9,66945915,66946572,24.186317129727712,23.21820410390902,1.041696292335362,0.6666666666666666,both,507.0,398.0,False
chr9,67043530,67044058,0.0,23.08102959127446,0.0,0.0,endo_only,0.0,442.0,False
chr9,69289645,69291400,34.94540370793943,16.725677541696864,2.0893266428711814,0.5,exo_only,440.6666666666667,0.0,False
chr9,69453637,69454125,21.821952616620738,8.325702668571948,2.6210343421216256,0.6666666666666666,exo_only,428.0,0.0,False
chr9,69989361,69989951,0.0,19.32507926619322,0.0,0.0,endo_only,0.0,644.0,False
chr9,70503066,70503877,0.0,16.917118676756946,0.0,0.0,endo_only,0.0,473.0,False
chr9,70542322,70543417,22.004380994010432,18.777686644504545,1.1718366277269947,0.6666666666666666,exo_only,456.0,0.0,False
chr9,70656620,70657454,11.79739880051281,46.31100246719709,0.25474289417226753,1.0,endo_only,0.0,587.3333333333334,False
chr9,70678704,70679786,33.746567670719024,36.220305480870145,0.9317030108578838,1.0,both,370.0,490.0,False
chr9,72132890,72133482,11.644375117895477,17.61444660160458,0.6610695970905346,0.6666666666666666,endo_only,0.0,506.5,False
chr9,72274676,72275402,15.385461320266929,19.434458219296356,0.7916588744928735,0.3333333333333333,both,350.0,604.0,False
chr9,72531760,72531995,166.71096430777894,156.0728479115376,1.0681612243166796,1.0,both,1079.6666666666667,1373.3333333333333,False
chr9,72532342,72532648,124.74316857480716,156.0728479115376,0.7992624613700382,0.8,both,1185.5,1373.3333333333333,False
chr9,72661883,72663057,0.0,25.982546533961095,0.0,0.0,endo_only,0.0,479.5,False
chr9,72985204,72986093,30.35635341785162,7.801221176250789,3.8912309665396085,0.6666666666666666,exo_only,529.5,0.0,False
chr9,73044696,73045052,25.289858269958874,6.186239245494799,4.08808280222536,0.6666666666666666,exo_only,431.0,0.0,False
chr9,74952675,74953335,20.45963409575255,13.17826720352893,1.5525283999609436,0.3333333333333333,both,429.5,304.0,False
chr9,75314066,75314557,17.266726443742456,5.6793094909167365,3.040286230457801,0.6666666666666666,exo_only,414.0,0.0,False
chr9,75409190,75410295,23.304535424510604,39.417084771942605,0.5912292996639609,0.4,both,371.5,431.0,False
chr9,75441314,75441983,16.383049049594035,16.45259333347221,0.9957730503350686,1.0,both,358.5,382.0,False
chr9,77754516,77755223,20.043988977448397,5.010280885965812,4.000571910767154,0.6666666666666666,exo_only,372.0,0.0,False
chr9,77910455,77911010,60.50821311511012,38.02262585902051,1.5913738661675076,0.2,both,612.3333333333334,604.3333333333334,False
chr9,78108045,78108781,46.1268352537366,119.02827337465396,0.38752839091051544,0.4,both,565.3333333333334,727.8333333333334,False
chr9,78175885,78176133,79.37095498231206,135.15795222390523,0.5872459124774592,0.4,both,749.6666666666666,1485.3333333333333,False
chr9,78480858,78482170,104.6036935373533,163.59976340560374,0.6393878044799809,0.2,both,680.0,790.0,False
chr9,78587606,78588172,0.0,25.94466900894315,0.0,0.0,endo_only,0.0,419.5,False
chr9,79759490,79759962,46.0223280328153,17.493621682255572,2.6308061800317457,0.4,both,634.6666666666666,471.5,False
chr9,79793063,79793756,10.830398898831431,14.058557935643487,0.7703776552623854,0.6666666666666666,endo_only,0.0,322.5,False
chr9,80164935,80165358,79.19472640127702,132.3920211871579,0.5981835286684101,0.4,both,408.3333333333333,719.6666666666666,False
chr9,82829654,82830312,0.0,11.220516325528891,0.0,0.0,endo_only,0.0,381.5,False
chr9,82975075,82975816,20.19228512598919,25.623358862036355,0.7880420843617868,0.4,endo_only,0.0,388.6666666666667,False
chr9,83145857,83146719,25.90885482644202,18.931833919636205,1.368533811168141,0.6666666666666666,endo_only,0.0,546.0,False
chr9,83440808,83441284,56.092992840863666,18.574406836447128,3.019907625302828,0.2,both,446.0,491.5,False
chr9,83834509,83834934,71.95090605297885,57.026175381261055,1.2617171951640667,1.0,both,565.6666666666666,525.0,False
chr9,83925000,83925312,25.931743344977402,14.194427507614916,1.826896035860956,0.3333333333333333,both,449.5,430.5,False
chr9,85326428,85328095,56.82752256428643,16.36571278240089,3.4723524309553286,0.4,both,962.5,543.0,False
chr9,85748903,85749379,66.14196885872904,31.949856834868015,2.0701804455832793,0.8,both,725.0,775.5,False
chr9,86571567,86572410,30.531764442323226,19.04750862851164,1.6029269253943874,1.0,both,321.0,384.0,False
chr9,87021942,87022355,0.0,13.370577153704724,0.0,0.0,endo_only,0.0,408.5,False
chr9,87255277,87255637,72.30778557388847,21.56971913915886,3.352282202071742,1.0,exo_only,604.0,0.0,False
chr9,88327104,88327879,22.32653108373688,6.18480471872131,3.6099007323796033,0.6666666666666666,exo_only,327.5,0.0,False
chr9,88438514,88439419,72.98112914222706,22.500354647983567,3.2435546143166003,0.1,both,591.6666666666666,404.6666666666667,False
chr9,88481758,88483199,27.893722195304054,58.03503531533092,0.48063591318148924,0.3333333333333333,both,399.0,798.0,False
chr9,90113871,90114904,0.0,44.52554970893977,0.0,0.0,endo_only,0.0,523.6666666666666,False
chr9,91381431,91382110,9.694174014355811,39.15561636859899,0.2475806771395915,1.0,endo_only,0.0,675.3333333333334,False
chr9,92250368,92250657,27.652295080621027,8.458170806343883,3.2692996764597106,0.6666666666666666,exo_only,457.0,0.0,False
chr9,94537088,94539070,87.81548710881589,122.46554791599682,0.717062787070952,0.7,both,662.0,773.3333333333334,False
chr9,95405215,95407761,83.7815478051037,26.85198218075743,3.120125257089695,0.8,both,607.0,808.5,False
chr9,95511289,95512305,6.875473449053593,21.465663815082227,0.320300993637231,1.0,endo_only,0.0,408.3333333333333,False
chr9,95954651,95955093,0.0,18.509727963411446,0.0,0.0,endo_only,0.0,452.0,False
chr9,96119146,96119784,9.246934924263181,40.04754250452896,0.23089893526469069,1.0,endo_only,0.0,427.3333333333333,False
chr9,96363614,96364869,17.050090769272316,50.43551447485538,0.33805723896744694,0.3333333333333333,both,359.5,570.0,False
chr9,97018037,97019105,70.33863056667009,5.810646654107504,12.105129558505888,0.5,exo_only,717.0,0.0,False
chr9,97110593,97111378,52.04193840508892,13.479702592084905,3.8607631028630576,0.5,exo_only,675.0,0.0,False
chr9,98563278,98564103,37.04241123222167,29.486973749235542,1.2562296676233857,0.8,both,468.3333333333333,589.0,False
chr9,99139555,99140498,33.774049864923505,23.15843250950086,1.4583910137729545,0.8,both,345.0,335.0,False
chr9,99243197,99243704,32.273343290593466,17.25373265099982,1.8705136994645208,0.3333333333333333,both,374.0,365.5,False
chr9,99436274,99437170,9.283199056141227,35.48197156717793,0.2616314326999944,0.6666666666666666,endo_only,0.0,862.5,False
chr9,99629582,99630044,17.68486187077419,0.0,inf,0.0,exo_only,321.5,0.0,True
chr9,100545348,100546343,33.363535463023894,54.78918549011513,0.6089438118959302,0.1,both,446.3333333333333,913.0,False
chr9,100642887,100644491,49.256225824491686,63.398969789628616,0.7769247037914718,0.7,both,571.0,716.3333333333334,False
chr9,101034544,101034960,59.64224755191842,28.055544151104723,2.1258631531326024,0.8,both,393.3333333333333,519.0,False
chr9,101073465,101075041,83.82260070506537,88.81389303426205,0.9438005456277975,0.7,both,697.3333333333334,576.3333333333334,False
chr9,101251054,101251791,95.83210706803249,80.00908172528563,1.1977653661502559,0.4857142857142857,both,796.6666666666666,688.0,False
